Workbook
Name _DAT1: #REF!
Name _DAT10: #REF!
Name _DAT11: #REF!
Name _DAT12: #REF!
Name _DAT2: #REF!
Name _DAT3: #REF!
Name _DAT4: #REF!
Name _DAT5: #REF!
Name _DAT6: #REF!
Name _DAT7: #REF!
Name _DAT8: #REF!
Name _DAT9: #REF!
Name Print_Tiles: #REF!
Name Q_ﾄﾞﾗﾑ社内売_塗工出荷_製品_: #REF!
Name Q_ドラム総_梱包出荷額_製品_: #REF!
Name Q_塗工出荷額_製品当り_ﾄﾞﾗﾑ_: #REF!
Name TEST0: #REF!
Name TEST1: #REF!
Name TESTKEYS: #REF!
Name TESTVKEY: #REF!
Name クエリー4: #REF!
Name 採算表累積表: #REF!
Name 採算表累積表1: #REF!
Name 採算表累積表2: #REF!
Name 採算表累積表3: #REF!
Name 支給率Ａ: 4.3
Name 支給率Ｂ: 6.3
Name 実績予定表: #REF!
Name 実績予定表1: #REF!
Name 実績予定表2: #REF!
Name 消費税: -INT(#REF!/1.05*0.05)
Name 消費税率Ａ: 1.03
Name 消費税率Ｂ: 1.05
Name 生産5: #REF!
Name 生産6: #REF!
Name 生産７: #REF!
Name 売上5: #REF!
Name 売上6: #REF!
Name 売上7: #REF!

Sheet 6221
A1: 1 | B1: → １＝日本語(tiếng nhật)、２＝ベトナム語(tiếng việt) | F1: 4 | J1: =F1+1 -> 5 | N1: =J1+1 -> 6 | R1: =N1+1 -> 7 | V1: =R1+1 -> 8 | Z1: =V1+1 -> 9 | AD1: =Z1+1 -> 10 | AH1: =AD1+1 -> 11 | AL1: =AH1+1 -> 12 | AP1: 1 | AT1: =AP1+1 -> 2 | AX1: =AT1+1 -> 3
F2: Dự tính Thời gian làm thêm (người Việt ) 残業時間（ローカル社員） (1/4/2023 ~ 30/4/2023) | H2: Dự tính Số người Việt 人員合計 (1/4/2023 ~ 30/4/2023) | J2: Dự tính Thời gian làm thêm (người Việt ) 残業時間（ローカル社員） (1/5/2023 ~ 31/5/2023) | L2: Dự tính Số người Việt 人員合計 (1/5/2023 ~ 31/5/2023) | N2: Dự tính Thời gian làm thêm (người Việt ) 残業時間（ローカル社員） (1/6/2023 ~ 30/6/2023) | P2: Dự tính Số người Việt 人員合計 (1/6/2023 ~ 30/6/2023) | R2: Dự tính Thời gian làm thêm (người Việt ) 残業時間（ローカル社員） (1/7/2023 ~ 31/7/2023) | T2: Dự tính Số người Việt 人員合計 (1/7/2023 ~ 31/7/2023) | V2: Dự tính Thời gian làm thêm (người Việt ) 残業時間（ローカル社員） (1/8/2023 ~ 31/8/2023) | X2: Dự tính Số người Việt 人員合計 (1/8/2023 ~ 31/8/2023) | Z2: Dự tính Thời gian làm thêm (người Việt ) 残業時間（ローカル社員） (1/9/2023 ~ 30/9/2023) | AB2: Dự tính Số người Việt 人員合計 (1/9/2023 ~ 30/9/2023) | AD2: Dự tính Thời gian làm thêm(người Việt ) 残業時間（ローカル社員） (1/10/2023 ~ 31/10/2023) | AF2: Dự tính Số người Việt 人員合計 (1/10/2023 ~ 31/10/2023) | AH2: Dự tính Thời gian làm thêm (người Việt ) 残業時間（ローカル社員） (1/11/2023 ~ 30/11/2023) | AJ2: Dự tính Số người Việt 人員合計 (1/11/2023 ~ 30/11/2023) | AL2: Dự tính Thời gian làm thêm (người Việt ) 残業時間（ローカル社員） (1/12/2023 ~ 31/12/2023) | AN2: Dự tính Số người Việt 人員合計 (1/12/2023 ~ 31/12/2023) | AP2: Dự tính Thời gian làm thêm (người Việt ) 残業時間（ローカル社員） (1/1/2024 ~ 31/1/2024) | AR2: Dự tính Số người Việt 人員合計 (1/1/2024 ~ 31/1/2024) | AT2: Dự tính Thời gian làm thêm (người Việt ) 残業時間（ローカル社員） (1/2/2024 ~ 28/2/2024) | AV2: Dự tính Số người Việt 人員合計 (1/2/2024~ 28/2/2024) | AX2: Dự tính Thời gian làm thêm (người Việt ) 残業時間（ローカル社員） (1/3/2024 ~ 31/3/2024) | AZ2: Dự tính Số người Việt 人員合計 (1/3/2024~ 31/3/2024)
F3: 4 | G3: 4 | H3: 4 | I3: 4 | J3: 5 | K3: 5 | L3: 5 | M3: 5 | N3: 6 | O3: 6 | P3: 6 | Q3: 6 | R3: 7 | S3: 7 | T3: 7 | U3: 7 | V3: 8 | W3: 8 | X3: 8 | Y3: 8 | Z3: 9 | AA3: 9 | AB3: 9 | AC3: 9 | AD3: 10 | AE3: 10 | AF3: 10 | AG3: 10 | AH3: 11 | AI3: 11 | AJ3: 11 | AK3: 11 | AL3: 12 | AM3: 12 | AN3: 12 | AO3: 12 | AP3: 1 | AQ3: 1 | AR3: 1 | AS3: 1 | AT3: 2 | AU3: 2 | AV3: 2 | AW3: 2 | AX3: 3 | AY3: 3 | AZ3: 3 | BA3: 3
F4: 残業時間 | G4: 残業時間 | H4: 人員 | I4: 人員 | J4: 残業時間 | K4: 残業時間 | L4: 人員 | M4: 人員 | N4: 残業時間 | O4: 残業時間 | P4: 人員 | Q4: 人員 | R4: 残業時間 | S4: 残業時間 | T4: 人員 | U4: 人員 | V4: 残業時間 | W4: 残業時間 | X4: 人員 | Y4: 人員 | Z4: 残業時間 | AA4: 残業時間 | AB4: 人員 | AC4: 人員 | AD4: 残業時間 | AE4: 残業時間 | AF4: 人員 | AG4: 人員 | AH4: 残業時間 | AI4: 残業時間 | AJ4: 人員 | AK4: 人員 | AL4: 残業時間 | AM4: 残業時間 | AN4: 人員 | AO4: 人員 | AP4: 残業時間 | AQ4: 残業時間 | AR4: 人員 | AS4: 人員 | AT4: 残業時間 | AU4: 残業時間 | AV4: 人員 | AW4: 人員 | AX4: 残業時間 | AY4: 残業時間 | AZ4: 人員 | BA4: 人員
F5: G5以上 | G5: G7, G6 | H5: G5以上 | I5: G7, G6 | J5: G5以上 | K5: G7, G6 | L5: G5以上 | M5: G7, G6 | N5: G5以上 | O5: G7, G6 | P5: G5以上 | Q5: G7, G6 | R5: G5以上 | S5: G7, G6 | T5: G5以上 | U5: G7, G6 | V5: G5以上 | W5: G7, G6 | X5: G5以上 | Y5: G7, G6 | Z5: G5以上 | AA5: G7, G6 | AB5: G5以上 | AC5: G7, G6 | AD5: G5以上 | AE5: G7, G6 | AF5: G5以上 | AG5: G7, G6 | AH5: G5以上 | AI5: G7, G6 | AJ5: G5以上 | AK5: G7, G6 | AL5: G5以上 | AM5: G7, G6 | AN5: G5以上 | AO5: G7, G6 | AP5: G5以上 | AQ5: G7, G6 | AR5: G5以上 | AS5: G7, G6 | AT5: G5以上 | AU5: G7, G6 | AV5: G5以上 | AW5: G7, G6 | AX5: G5以上 | AY5: G7, G6 | AZ5: G5以上 | BA5: G7, G6
B6: Mã TK コード | C6: Tên bộ phận 名前部 | D6: Tên phòng 名前課 | E6: 原価センター | F6: Nhân viên スタップ | G6: Công nhân ワーカー | H6: Nhân viên スタップ | I6: Công nhân ワーカー | J6: Nhân viên スタップ | K6: Công nhân ワーカー | L6: Nhân viên スタップ | M6: Công nhân ワーカー | N6: Nhân viên スタップ | O6: Công nhân ワーカー | P6: Nhân viên スタップ | Q6: Công nhân ワーカー | R6: Nhân viên スタップ | S6: Công nhân ワーカー | T6: Nhân viên スタップ | U6: Công nhân ワーカー | V6: Nhân viên スタップ | W6: Công nhân ワーカー | X6: Nhân viên スタップ | Y6: Công nhân ワーカー | Z6: Nhân viên スタップ | AA6: Công nhân ワーカー | AB6: Nhân viên スタップ | AC6: Công nhân ワーカー | AD6: Nhân viên スタップ | AE6: Công nhân ワーカー | AF6: Nhân viên スタップ | AG6: Công nhân ワーカー | AH6: Nhân viên スタップ | AI6: Công nhân ワーカー | AJ6: Nhân viên スタップ | AK6: Công nhân ワーカー | AL6: Nhân viên スタップ | AM6: Công nhân ワーカー | AN6: Nhân viên スタップ | AO6: Công nhân ワーカー | AP6: Nhân viên スタップ | AQ6: Công nhân ワーカー | AR6: Nhân viên スタップ | AS6: Công nhân ワーカー | AT6: Nhân viên スタップ | AU6: Công nhân ワーカー | AV6: Nhân viên スタップ | AW6: Công nhân ワーカー | AX6: Nhân viên スタップ | AY6: Công nhân ワーカー | AZ6: Nhân viên スタップ | BA6: Công nhân ワーカー
B7: 6221 | C7: =IF($A$1=1,Sheet1!D3,Sheet1!A3) -> 機器製造部
D8: =IF($A$1=1,Sheet1!C4,Sheet1!B4) -> 機器製造1課 | E8: 1412000004 | F8: =[1]人員・時間計画!$C$25 -> 189 | G8: =[1]人員・時間計画!$C$26 -> 721 | H8: =[1]人員・時間計画!$C$11 -> 77 | I8: =[1]人員・時間計画!$C$12 -> 928 | J8: =[1]人員・時間計画!$D$25 -> 221 | K8: =[1]人員・時間計画!$D$26 -> 732 | L8: =[1]人員・時間計画!$D$11 -> 77 | M8: =[1]人員・時間計画!$D$12 -> 965 | N8: =[1]人員・時間計画!$E$25 -> 189 | O8: =[1]人員・時間計画!$E$26 -> 709 | P8: =[1]人員・時間計画!$E$11 -> 77 | Q8: =[1]人員・時間計画!$E$12 -> 961 | R8: =[1]人員・時間計画!$F$25 -> 216 | S8: =[1]人員・時間計画!$F$26 -> 667 | T8: =[1]人員・時間計画!$F$11 -> 85 | U8: =[1]人員・時間計画!$F$12 -> 1105 | V8: =[1]人員・時間計画!$G$25 -> 300 | W8: =[1]人員・時間計画!$G$26 -> 1081 | X8: =[1]人員・時間計画!$G$11 -> 85 | Y8: =[1]人員・時間計画!$G$12 -> 1185 | Z8: =[1]人員・時間計画!$H$25 -> 570 | AA8: =[1]人員・時間計画!$H$26 -> 647 | AB8: =[1]人員・時間計画!$H$11 -> 85 | AC8: =[1]人員・時間計画!$H$12 -> 1450 | AD8: =[1]人員・時間計画!$I$25 -> 271 | AE8: =[1]人員・時間計画!$I$26 -> 615 | AF8: =[1]人員・時間計画!$I$11 -> 85 | AG8: =[1]人員・時間計画!$I$12 -> 1751 | AH8: =[1]人員・時間計画!$J$25 -> 281 | AI8: =[1]人員・時間計画!$J$26 -> 665 | AJ8: =[1]人員・時間計画!$J$11 -> 85 | AK8: =[1]人員・時間計画!$J$12 -> 1757 | AL8: =[1]人員・時間計画!$K$25 -> 345 | AM8: =[1]人員・時間計画!$K$26 -> 555 | AN8: =[1]人員・時間計画!$K$11 -> 85 | AO8: =[1]人員・時間計画!$K$12 -> 1752 | AP8: =[1]人員・時間計画!$L$25 -> 503 | AQ8: =[1]人員・時間計画!$L$26 -> 449 | AR8: =[1]人員・時間計画!$L$11 -> 93 | AS8: =[1]人員・時間計画!$L$12 -> 1772 | AT8: =[1]人員・時間計画!$M$25 -> 1053 | AU8: =[1]人員・時間計画!$M$26 -> 3057 | AV8: =[1]人員・時間計画!$M$11 -> 93 | AW8: =[1]人員・時間計画!$M$12 -> 1962 | AX8: =[1]人員・時間計画!$N$25 -> 423 | AY8: =[1]人員・時間計画!$N$26 -> 769 | AZ8: =[1]人員・時間計画!$N$11 -> 93 | BA8: =[1]人員・時間計画!$N$12 -> 1789
D9: =IF($A$1=1,Sheet1!C5,Sheet1!B5) -> 機器製造2課 | E9: 1412000005 | F9: =[2]人員・時間計画!$C$25 -> 263 | G9: =[2]人員・時間計画!$C$26 -> 2323 | H9: =[2]人員・時間計画!$C$11 -> 100 | I9: =[2]人員・時間計画!$C$12 -> 1514 | J9: =[2]人員・時間計画!$D$25 -> 259 | K9: =[2]人員・時間計画!$D$26 -> 2947 | L9: =[2]人員・時間計画!$D$11 -> 100 | M9: =[2]人員・時間計画!$D$12 -> 1454 | N9: =[2]人員・時間計画!$E$25 -> 267 | O9: =[2]人員・時間計画!$E$26 -> 2207 | P9: =[2]人員・時間計画!$E$11 -> 100 | Q9: =[2]人員・時間計画!$E$12 -> 1418 | R9: =[2]人員・時間計画!$F$25 -> 283 | S9: =[2]人員・時間計画!$F$26 -> 2210 | T9: =[2]人員・時間計画!$F$11 -> 116 | U9: =[2]人員・時間計画!$F$12 -> 1637 | V9: =[2]人員・時間計画!$G$25 -> 356 | W9: =[2]人員・時間計画!$G$26 -> 4741 | X9: =[2]人員・時間計画!$G$11 -> 116 | Y9: =[2]人員・時間計画!$G$12 -> 1688 | Z9: =[2]人員・時間計画!$H$25 -> 939 | AA9: =[2]人員・時間計画!$H$26 -> 17785 | AB9: =[2]人員・時間計画!$H$11 -> 116 | AC9: =[2]人員・時間計画!$H$12 -> 1616 | AD9: =[2]人員・時間計画!$I$25 -> 328 | AE9: =[2]人員・時間計画!$I$26 -> 3215 | AF9: =[2]人員・時間計画!$I$11 -> 116 | AG9: =[2]人員・時間計画!$I$12 -> 1660 | AH9: =[2]人員・時間計画!$J$25 -> 628 | AI9: =[2]人員・時間計画!$J$26 -> 8836 | AJ9: =[2]人員・時間計画!$J$11 -> 116 | AK9: =[2]人員・時間計画!$J$12 -> 1761 | AL9: =[2]人員・時間計画!$K$25 -> 288 | AM9: =[2]人員・時間計画!$K$26 -> 3250 | AN9: =[2]人員・時間計画!$K$11 -> 116 | AO9: =[2]人員・時間計画!$K$12 -> 1714 | AP9: =[2]人員・時間計画!$L$25 -> 372 | AQ9: =[2]人員・時間計画!$L$26 -> 7764 | AR9: =[2]人員・時間計画!$L$11 -> 132 | AS9: =[2]人員・時間計画!$L$12 -> 1862 | AT9: =[2]人員・時間計画!$M$25 -> 1323 | AU9: =[2]人員・時間計画!$M$26 -> 28373 | AV9: =[2]人員・時間計画!$M$11 -> 132 | AW9: =[2]人員・時間計画!$M$12 -> 2010 | AX9: =[2]人員・時間計画!$N$25 -> 360 | AY9: =[2]人員・時間計画!$N$26 -> 5748 | AZ9: =[2]人員・時間計画!$N$11 -> 132 | BA9: =[2]人員・時間計画!$N$12 -> 1761
D10: =IF('6221'!$A$1=1,Sheet1!C7,Sheet1!B7) -> 機器製造3課 | E10: 1412000081 | F10: =[3]人員・時間計画!$C$25 -> 143 | G10: =[3]人員・時間計画!$C$26 -> 391 | H10: =[3]人員・時間計画!$C$11 -> 81 | I10: =[3]人員・時間計画!$C12 -> 1024 | J10: =[3]人員・時間計画!$D$25 -> 137 | K10: =[3]人員・時間計画!$D$26 -> 391 | L10: =[3]人員・時間計画!$D$11 -> 81 | M10: =[3]人員・時間計画!$D12 -> 1000 | N10: =[3]人員・時間計画!$E$25 -> 149 | O10: =[3]人員・時間計画!$E$26 -> 391 | P10: =[3]人員・時間計画!$E$11 -> 81 | Q10: =[3]人員・時間計画!$E12 -> 905 | R10: =[3]人員・時間計画!$F$25 -> 161 | S10: =[3]人員・時間計画!$F$26 -> 690 | T10: =[3]人員・時間計画!$F$11 -> 90 | U10: =[3]人員・時間計画!$F12 -> 1014 | V10: =[3]人員・時間計画!$G$25 -> 427 | W10: =[3]人員・時間計画!$G$26 -> 5273 | X10: =[3]人員・時間計画!$G$11 -> 90 | Y10: =[3]人員・時間計画!$G$12 -> 1058 | Z10: =[3]人員・時間計画!$H$25 -> 1095 | AA10: =[3]人員・時間計画!$H$26 -> 16775 | AB10: =[3]人員・時間計画!$H$11 -> 90 | AC10: =[3]人員・時間計画!$H$12 -> 1070 | AD10: =[3]人員・時間計画!$I$25 -> 258 | AE10: =[3]人員・時間計画!$I$26 -> 2817 | AF10: =[3]人員・時間計画!$I$11 -> 90 | AG10: =[3]人員・時間計画!$I$12 -> 1067 | AH10: =[3]人員・時間計画!$J$25 -> 529 | AI10: =[3]人員・時間計画!$J$26 -> 7150 | AJ10: =[3]人員・時間計画!$J$11 -> 90 | AK10: =[3]人員・時間計画!$J$12 -> 1068 | AL10: =[3]人員・時間計画!$K$25 -> 745 | AM10: =[3]人員・時間計画!$K$26 -> 11318 | AN10: =[3]人員・時間計画!$K$11 -> 90 | AO10: =[3]人員・時間計画!$K$12 -> 1061 | AP10: =[3]人員・時間計画!$L$25 -> 1013 | AQ10: =[3]人員・時間計画!$L$26 -> 15487 | AR10: =[3]人員・時間計画!$L$11 -> 99 | AS10: =[3]人員・時間計画!$L$12 -> 1095 | AT10: =[3]人員・時間計画!$M$25 -> 1952 | AU10: =[3]人員・時間計画!$M$26 -> 31974 | AV10: =[3]人員・時間計画!$M$11 -> 99 | AW10: =[3]人員・時間計画!$M$12 -> 1168 | AX10: =[3]人員・時間計画!$N$25 -> 1669 | AY10: =[3]人員・時間計画!$N$26 -> 26021 | AZ10: =[3]人員・時間計画!$N$11 -> 99 | BA10: =[3]人員・時間計画!$N$12 -> 1123
D11: =IF($A$1=1,Sheet1!C8,Sheet1!B8) -> RPS製造課 | E11: 1412000066 | F11: =[4]人員・時間計画!$C$25 -> 0 | G11: =[4]人員・時間計画!$C$26 -> 0 | H11: =[4]人員・時間計画!$C$11 -> 0 | I11: =[4]人員・時間計画!$C$12 -> 0 | J11: =[4]人員・時間計画!$D$25 -> 0 | K11: =[4]人員・時間計画!$D$26 -> 0 | L11: =[4]人員・時間計画!$D$11 -> 0 | M11: =[4]人員・時間計画!$D$12 -> 0 | N11: =[4]人員・時間計画!$E$25 -> 0 | O11: =[4]人員・時間計画!$E$26 -> 0 | P11: =[4]人員・時間計画!$E$11 -> 0 | Q11: =[4]人員・時間計画!$E$12 -> 0 | R11: =[4]人員・時間計画!$F$25 -> 0 | S11: =[4]人員・時間計画!$F$26 -> 0 | T11: =[4]人員・時間計画!$F$11 -> 0 | U11: =[4]人員・時間計画!$F$12 -> 0 | V11: =[4]人員・時間計画!$G$25 -> 0 | W11: =[4]人員・時間計画!$G$26 -> 0 | X11: =[4]人員・時間計画!$G$11 -> 0 | Y11: =[4]人員・時間計画!$G$12 -> 0 | Z11: =[4]人員・時間計画!$H$25 -> 0 | AA11: =[4]人員・時間計画!$H$26 -> 0 | AB11: =[4]人員・時間計画!$H$11 -> 0 | AC11: =[4]人員・時間計画!$H$12 -> 0 | AD11: =[4]人員・時間計画!$I$25 -> 0 | AE11: =[4]人員・時間計画!$I$26 -> 0 | AF11: =[4]人員・時間計画!$I$11 -> 0 | AG11: =[4]人員・時間計画!$I$12 -> 0 | AH11: =[4]人員・時間計画!$J$25 -> 0 | AI11: =[4]人員・時間計画!$J$26 -> 0 | AJ11: =[4]人員・時間計画!$J$11 -> 0 | AK11: =[4]人員・時間計画!$J$12 -> 0 | AL11: =[4]人員・時間計画!$K$25 -> 0 | AM11: =[4]人員・時間計画!$K$26 -> 0 | AN11: =[4]人員・時間計画!$K$11 -> 0 | AO11: =[4]人員・時間計画!$K$12 -> 0 | AP11: =[4]人員・時間計画!$L$25 -> 0 | AQ11: =[4]人員・時間計画!$L$26 -> 0 | AR11: =[4]人員・時間計画!$L$11 -> 0 | AS11: =[4]人員・時間計画!$L$12 -> 0 | AT11: =[4]人員・時間計画!$M$25 -> 0 | AU11: =[4]人員・時間計画!$M$26 -> 0 | AV11: =[4]人員・時間計画!$M$11 -> 0 | AW11: =[4]人員・時間計画!$M$12 -> 0 | AX11: =[4]人員・時間計画!$N$25 -> 0 | AY11: =[4]人員・時間計画!$N$26 -> 0 | AZ11: =[4]人員・時間計画!$N$11 -> 0 | BA11: =[4]人員・時間計画!$N$12 -> 0
B12: 6221 | C12: =IF($A$1=1,Sheet1!D13,Sheet1!A13) -> トナー製造部
D13: =IF($A$1=1,Sheet1!C14,Sheet1!B14) -> トナー製造課 | E13: 1412000034 | F13: =[5]人員・時間計画!$C$25 -> 76 | G13: =[5]人員・時間計画!$C$26 -> 0 | H13: =[5]人員・時間計画!$C$11 -> 22 | I13: =[5]人員・時間計画!$C$12 -> 297 | J13: =[5]人員・時間計画!$D$25 -> 104 | K13: =[5]人員・時間計画!$D$26 -> 720 | L13: =[5]人員・時間計画!$D$11 -> 22 | M13: =[5]人員・時間計画!$D$12 -> 297 | N13: =[5]人員・時間計画!$E$25 -> 112 | O13: =[5]人員・時間計画!$E$26 -> 304 | P13: =[5]人員・時間計画!$E$11 -> 22 | Q13: =[5]人員・時間計画!$E$12 -> 298 | R13: =[5]人員・時間計画!$F$25 -> 184 | S13: =[5]人員・時間計画!$F$26 -> 2384 | T13: =[5]人員・時間計画!$F$11 -> 22 | U13: =[5]人員・時間計画!$F$12 -> 298 | V13: =[5]人員・時間計画!$G$25 -> 132 | W13: =[5]人員・時間計画!$G$26 -> 1240 | X13: =[5]人員・時間計画!$G$11 -> 22 | Y13: =[5]人員・時間計画!$G$12 -> 306 | Z13: =[5]人員・時間計画!$H$25 -> 136 | AA13: =[5]人員・時間計画!$H$26 -> 2064 | AB13: =[5]人員・時間計画!$H$11 -> 22 | AC13: =[5]人員・時間計画!$H$12 -> 314 | AD13: =[5]人員・時間計画!$I$25 -> 160 | AE13: =[5]人員・時間計画!$I$26 -> 1656 | AF13: =[5]人員・時間計画!$I$11 -> 22 | AG13: =[5]人員・時間計画!$I$12 -> 314 | AH13: =[5]人員・時間計画!$J$25 -> 164 | AI13: =[5]人員・時間計画!$J$26 -> 1352 | AJ13: =[5]人員・時間計画!$J$11 -> 22 | AK13: =[5]人員・時間計画!$J$12 -> 314 | AL13: =[5]人員・時間計画!$K$25 -> 132 | AM13: =[5]人員・時間計画!$K$26 -> 1248 | AN13: =[5]人員・時間計画!$K$11 -> 22 | AO13: =[5]人員・時間計画!$K$12 -> 314 | AP13: =[5]人員・時間計画!$L$25 -> 180 | AQ13: =[5]人員・時間計画!$L$26 -> 2376 | AR13: =[5]人員・時間計画!$L$11 -> 22 | AS13: =[5]人員・時間計画!$L$12 -> 314 | AT13: =[5]人員・時間計画!$M$25 -> 136 | AU13: =[5]人員・時間計画!$M$26 -> 1968 | AV13: =[5]人員・時間計画!$M$11 -> 22 | AW13: =[5]人員・時間計画!$M$12 -> 324 | AX13: =[5]人員・時間計画!$N$25 -> 124 | AY13: =[5]人員・時間計画!$N$26 -> 936 | AZ13: =[5]人員・時間計画!$N$11 -> 22 | BA13: =[5]人員・時間計画!$N$12 -> 324
B14: 6221 | C14: =IF($A$1=1,Sheet1!D18,Sheet1!A18) -> 部品製造部
D15: =IF($A$1=1,Sheet1!C19,Sheet1!B19) -> 部品製造課 | E15: 1412000056 | F15: =[6]人員・時間計画!$C$25 -> 56 | G15: =[6]人員・時間計画!$C$26 -> 1300 | H15: =[6]人員・時間計画!$C$11 -> 16 | I15: =[6]人員・時間計画!$C$12 -> 125 | J15: =[6]人員・時間計画!$D$25 -> 56 | K15: =[6]人員・時間計画!$D$26 -> 1300 | L15: =[6]人員・時間計画!$D$11 -> 16 | M15: =[6]人員・時間計画!$D$12 -> 125 | N15: =[6]人員・時間計画!$E$25 -> 56 | O15: =[6]人員・時間計画!$E$26 -> 1300 | P15: =[6]人員・時間計画!$E$11 -> 16 | Q15: =[6]人員・時間計画!$E$12 -> 125 | R15: =[6]人員・時間計画!$F$25 -> 172 | S15: =[6]人員・時間計画!$F$26 -> 1300 | T15: =[6]人員・時間計画!$F$11 -> 16 | U15: =[6]人員・時間計画!$F$12 -> 125 | V15: =[6]人員・時間計画!$G$25 -> 112 | W15: =[6]人員・時間計画!$G$26 -> 1400 | X15: =[6]人員・時間計画!$G$11 -> 16 | Y15: =[6]人員・時間計画!$G$12 -> 125 | Z15: =[6]人員・時間計画!$H$25 -> 112 | AA15: =[6]人員・時間計画!$H$26 -> 1400 | AB15: =[6]人員・時間計画!$H$11 -> 16 | AC15: =[6]人員・時間計画!$H$12 -> 125 | AD15: =[6]人員・時間計画!$I$25 -> 116 | AE15: =[6]人員・時間計画!$I$26 -> 1300 | AF15: =[6]人員・時間計画!$I$11 -> 16 | AG15: =[6]人員・時間計画!$I$12 -> 125 | AH15: =[6]人員・時間計画!$J$25 -> 116 | AI15: =[6]人員・時間計画!$J$26 -> 1400 | AJ15: =[6]人員・時間計画!$J$11 -> 16 | AK15: =[6]人員・時間計画!$J$12 -> 125 | AL15: =[6]人員・時間計画!$K$25 -> 112 | AM15: =[6]人員・時間計画!$K$26 -> 1300 | AN15: =[6]人員・時間計画!$K$11 -> 16 | AO15: =[6]人員・時間計画!$K$12 -> 125 | AP15: =[6]人員・時間計画!$L$25 -> 56 | AQ15: =[6]人員・時間計画!$L$26 -> 1300 | AR15: =[6]人員・時間計画!$L$11 -> 16 | AS15: =[6]人員・時間計画!$L$12 -> 125 | AT15: =[6]人員・時間計画!$M$25 -> 172 | AU15: =[6]人員・時間計画!$M$26 -> 1400 | AV15: =[6]人員・時間計画!$M$11 -> 16 | AW15: =[6]人員・時間計画!$M$12 -> 125 | AX15: =[6]人員・時間計画!$N$25 -> 172 | AY15: =[6]人員・時間計画!$N$26 -> 1400 | AZ15: =[6]人員・時間計画!$N$11 -> 16 | BA15: =[6]人員・時間計画!$N$12 -> 125
B16: 6221 | C16: 電工製造部
D17: 電工製造課 | E17: 1412000098 | F17: ='[7]人員・時間計画 '!$C$25 -> 147 | G17: ='[7]人員・時間計画 '!$C$26 -> 107 | H17: ='[7]人員・時間計画 '!$C$11 -> 15 | I17: ='[7]人員・時間計画 '!$C$12 -> 14 | J17: ='[7]人員・時間計画 '!$D$25 -> 245 | K17: ='[7]人員・時間計画 '!$D$26 -> 207 | L17: ='[7]人員・時間計画 '!$D$11 -> 15 | M17: ='[7]人員・時間計画 '!$D$12 -> 14 | N17: ='[7]人員・時間計画 '!$E$25 -> 234 | O17: ='[7]人員・時間計画 '!$E$26 -> 192 | P17: ='[7]人員・時間計画 '!$E$11 -> 15 | Q17: ='[7]人員・時間計画 '!$E$12 -> 14 | R17: ='[7]人員・時間計画 '!$F$25 -> 467 | S17: ='[7]人員・時間計画 '!$F$26 -> 421 | T17: ='[7]人員・時間計画 '!$F$11 -> 15 | U17: ='[7]人員・時間計画 '!$F$12 -> 29 | V17: ='[7]人員・時間計画 '!$G$25 -> 352 | W17: ='[7]人員・時間計画 '!$G$26 -> 312 | X17: ='[7]人員・時間計画 '!$G$11 -> 15 | Y17: ='[7]人員・時間計画 '!$G$12 -> 29 | Z17: ='[7]人員・時間計画 '!$H$25 -> 38 | AA17: ='[7]人員・時間計画 '!$H$26 -> 0 | AB17: ='[7]人員・時間計画 '!$H$11 -> 15 | AC17: ='[7]人員・時間計画 '!$H$12 -> 29 | AD17: ='[7]人員・時間計画 '!$I$25 -> 46 | AE17: ='[7]人員・時間計画 '!$I$26 -> 0 | AF17: ='[7]人員・時間計画 '!$I$11 -> 15 | AG17: ='[7]人員・時間計画 '!$I$12 -> 30 | AH17: ='[7]人員・時間計画 '!$J$25 -> 40 | AI17: ='[7]人員・時間計画 '!$J$26 -> 0 | AJ17: ='[7]人員・時間計画 '!$J$11 -> 15 | AK17: ='[7]人員・時間計画 '!$J$12 -> 30 | AL17: ='[7]人員・時間計画 '!$K$25 -> 42 | AM17: ='[7]人員・時間計画 '!$K$26 -> 0 | AN17: ='[7]人員・時間計画 '!$K$11 -> 15 | AO17: ='[7]人員・時間計画 '!$K$12 -> 30 | AP17: ='[7]人員・時間計画 '!$L$25 -> 40 | AQ17: ='[7]人員・時間計画 '!$L$26 -> 0 | AR17: ='[7]人員・時間計画 '!$L$11 -> 15 | AS17: ='[7]人員・時間計画 '!$L$12 -> 43 | AT17: ='[7]人員・時間計画 '!$M$25 -> 419 | AU17: ='[7]人員・時間計画 '!$M$26 -> 389 | AV17: ='[7]人員・時間計画 '!$M$11 -> 15 | AW17: ='[7]人員・時間計画 '!$M$12 -> 43 | AX17: ='[7]人員・時間計画 '!$N$25 -> 40 | AY17: ='[7]人員・時間計画 '!$N$26 -> 0 | AZ17: ='[7]人員・時間計画 '!$N$11 -> 15 | BA17: ='[7]人員・時間計画 '!$N$12 -> 43
B18: 6221 | C18: =IF($A$1=1,Sheet1!D50,Sheet1!A50) -> 製品開発部
D19: =IF($A$1=1,Sheet1!C51,Sheet1!B51) -> MD1課 | E19: 1412000050 | F19: =[8]人員・時間計画!$C$25 -> 170 | G19: =[8]人員・時間計画!$C$26 -> 0 | H19: =[8]人員・時間計画!$C$11 -> 8 | I19: =[8]人員・時間計画!$C$12 -> 0 | J19: =[8]人員・時間計画!$D$25 -> 166 | K19: =[8]人員・時間計画!$D$26 -> 0 | L19: =[8]人員・時間計画!$D$11 -> 8 | M19: =[8]人員・時間計画!$D$12 -> 0 | N19: =[8]人員・時間計画!$E$25 -> 174 | O19: =[8]人員・時間計画!$E$26 -> 0 | P19: =[8]人員・時間計画!$E$11 -> 8 | Q19: =[8]人員・時間計画!$E$12 -> 0 | R19: =[8]人員・時間計画!$F$25 -> 182 | S19: =[8]人員・時間計画!$F$26 -> 0 | T19: =[8]人員・時間計画!$F$11 -> 8 | U19: =[8]人員・時間計画!$F$12 -> 0 | V19: =[8]人員・時間計画!$G$25 -> 170 | W19: =[8]人員・時間計画!$G$26 -> 0 | X19: =[8]人員・時間計画!$G$11 -> 8 | Y19: =[8]人員・時間計画!$G$12 -> 0 | Z19: =[8]人員・時間計画!$H$25 -> 166 | AA19: =[8]人員・時間計画!$H$26 -> 0 | AB19: =[8]人員・時間計画!$H$11 -> 9 | AC19: =[8]人員・時間計画!$H$12 -> 0 | AD19: =[8]人員・時間計画!$I$25 -> 182 | AE19: =[8]人員・時間計画!$I$26 -> 0 | AF19: =[8]人員・時間計画!$I$11 -> 9 | AG19: =[8]人員・時間計画!$I$12 -> 0 | AH19: =[8]人員・時間計画!$J$25 -> 170 | AI19: =[8]人員・時間計画!$J$26 -> 0 | AJ19: =[8]人員・時間計画!$J$11 -> 9 | AK19: =[8]人員・時間計画!$J$12 -> 0 | AL19: =[8]人員・時間計画!$K$25 -> 178 | AM19: =[8]人員・時間計画!$K$26 -> 0 | AN19: =[8]人員・時間計画!$K$11 -> 9 | AO19: =[8]人員・時間計画!$K$12 -> 0 | AP19: =[8]人員・時間計画!$L$25 -> 170 | AQ19: =[8]人員・時間計画!$L$26 -> 0 | AR19: =[8]人員・時間計画!$L$11 -> 9 | AS19: =[8]人員・時間計画!$L$12 -> 0 | AT19: =[8]人員・時間計画!$M$25 -> 150 | AU19: =[8]人員・時間計画!$M$26 -> 0 | AV19: =[8]人員・時間計画!$M$11 -> 9 | AW19: =[8]人員・時間計画!$M$12 -> 0 | AX19: =[8]人員・時間計画!$N$25 -> 170 | AY19: =[8]人員・時間計画!$N$26 -> 0 | AZ19: =[8]人員・時間計画!$N$11 -> 9 | BA19: =[8]人員・時間計画!$N$12 -> 0
D20: =IF($A$1=1,Sheet1!C52,Sheet1!B52) -> MD2課 | E20: 1412000077 | F20: =[9]人員・時間計画!$C$25 -> 144 | G20: =[9]人員・時間計画!$C$26 -> 0 | H20: =[9]人員・時間計画!$C$11 -> 9 | I20: =[9]人員・時間計画!$C$12 -> 0 | J20: =[9]人員・時間計画!$D$25 -> 142 | K20: =[9]人員・時間計画!$D$26 -> 0 | L20: =[9]人員・時間計画!$D$11 -> 9 | M20: =[9]人員・時間計画!$D$12 -> 0 | N20: =[9]人員・時間計画!$E$25 -> 146 | O20: =[9]人員・時間計画!$E$26 -> 0 | P20: =[9]人員・時間計画!$E$11 -> 9 | Q20: =[9]人員・時間計画!$E$12 -> 0 | R20: =[9]人員・時間計画!$F$25 -> 150 | S20: =[9]人員・時間計画!$F$26 -> 0 | T20: =[9]人員・時間計画!$F$11 -> 9 | U20: =[9]人員・時間計画!$F$12 -> 0 | V20: =[9]人員・時間計画!$G$25 -> 144 | W20: =[9]人員・時間計画!$G$26 -> 0 | X20: =[9]人員・時間計画!$G$11 -> 9 | Y20: =[9]人員・時間計画!$G$12 -> 0 | Z20: =[9]人員・時間計画!$H$25 -> 142 | AA20: =[9]人員・時間計画!$H$26 -> 0 | AB20: =[9]人員・時間計画!$H$11 -> 9 | AC20: =[9]人員・時間計画!$H$12 -> 0 | AD20: =[9]人員・時間計画!$I$25 -> 150 | AE20: =[9]人員・時間計画!$I$26 -> 0 | AF20: =[9]人員・時間計画!$I$11 -> 9 | AG20: =[9]人員・時間計画!$I$12 -> 0 | AH20: =[9]人員・時間計画!$J$25 -> 144 | AI20: =[9]人員・時間計画!$J$26 -> 0 | AJ20: =[9]人員・時間計画!$J$11 -> 9 | AK20: =[9]人員・時間計画!$J$12 -> 0 | AL20: =[9]人員・時間計画!$K$25 -> 148 | AM20: =[9]人員・時間計画!$K$26 -> 0 | AN20: =[9]人員・時間計画!$K$11 -> 9 | AO20: =[9]人員・時間計画!$K$12 -> 0 | AP20: =[9]人員・時間計画!$L$25 -> 144 | AQ20: =[9]人員・時間計画!$L$26 -> 0 | AR20: =[9]人員・時間計画!$L$11 -> 9 | AS20: =[9]人員・時間計画!$L$12 -> 0 | AT20: =[9]人員・時間計画!$M$25 -> 134 | AU20: =[9]人員・時間計画!$M$26 -> 0 | AV20: =[9]人員・時間計画!$M$11 -> 9 | AW20: =[9]人員・時間計画!$M$12 -> 0 | AX20: =[9]人員・時間計画!$N$25 -> 144 | AY20: =[9]人員・時間計画!$N$26 -> 0 | AZ20: =[9]人員・時間計画!$N$11 -> 9 | BA20: =[9]人員・時間計画!$N$12 -> 0
D21: =IF($A$1=1,Sheet1!C53,Sheet1!B53) -> MD3課 | E21: 1412000083 | F21: =[10]人員・時間計画!$C$25 -> 130 | G21: =[10]人員・時間計画!$C$26 -> 0 | H21: =[10]人員・時間計画!$C$11 -> 11 | I21: =[10]人員・時間計画!$C$12 -> 0 | J21: =[10]人員・時間計画!$D$25 -> 128 | K21: =[10]人員・時間計画!$D$26 -> 0 | L21: =[10]人員・時間計画!$D$11 -> 11 | M21: =[10]人員・時間計画!$D$12 -> 0 | N21: =[10]人員・時間計画!$E$25 -> 132 | O21: =[10]人員・時間計画!$E$26 -> 0 | P21: =[10]人員・時間計画!$E$11 -> 11 | Q21: =[10]人員・時間計画!$E$12 -> 0 | R21: =[10]人員・時間計画!$F$25 -> 136 | S21: =[10]人員・時間計画!$F$26 -> 0 | T21: =[10]人員・時間計画!$F$11 -> 11 | U21: =[10]人員・時間計画!$F$12 -> 0 | V21: =[10]人員・時間計画!$G$25 -> 140 | W21: =[10]人員・時間計画!$G$26 -> 0 | X21: =[10]人員・時間計画!$G$11 -> 11 | Y21: =[10]人員・時間計画!$G$12 -> 0 | Z21: =[10]人員・時間計画!$H$25 -> 138 | AA21: =[10]人員・時間計画!$H$26 -> 0 | AB21: =[10]人員・時間計画!$H$11 -> 11 | AC21: =[10]人員・時間計画!$H$12 -> 0 | AD21: =[10]人員・時間計画!$I$25 -> 146 | AE21: =[10]人員・時間計画!$I$26 -> 0 | AF21: =[10]人員・時間計画!$I$11 -> 11 | AG21: =[10]人員・時間計画!$I$12 -> 0 | AH21: =[10]人員・時間計画!$J$25 -> 140 | AI21: =[10]人員・時間計画!$J$26 -> 0 | AJ21: =[10]人員・時間計画!$J$11 -> 11 | AK21: =[10]人員・時間計画!$J$12 -> 0 | AL21: =[10]人員・時間計画!$K$25 -> 144 | AM21: =[10]人員・時間計画!$K$26 -> 0 | AN21: =[10]人員・時間計画!$K$11 -> 11 | AO21: =[10]人員・時間計画!$K$12 -> 0 | AP21: =[10]人員・時間計画!$L$25 -> 140 | AQ21: =[10]人員・時間計画!$L$26 -> 0 | AR21: =[10]人員・時間計画!$L$11 -> 11 | AS21: =[10]人員・時間計画!$L$12 -> 0 | AT21: =[10]人員・時間計画!$M$25 -> 130 | AU21: =[10]人員・時間計画!$M$26 -> 0 | AV21: =[10]人員・時間計画!$M$11 -> 11 | AW21: =[10]人員・時間計画!$M$12 -> 0 | AX21: =[10]人員・時間計画!$N$25 -> 140 | AY21: =[10]人員・時間計画!$N$26 -> 0 | AZ21: =[10]人員・時間計画!$N$11 -> 11 | BA21: =[10]人員・時間計画!$N$12 -> 0
D22: =IF($A$1=1,Sheet1!C54,Sheet1!B54) -> MD4課 | E22: 1412000099 | F22: =[11]人員・時間計画!$C25 -> 124 | G22: =[11]人員・時間計画!$C26 -> 0 | H22: =[11]人員・時間計画!$C11 -> 15 | I22: =[11]人員・時間計画!$C12 -> 0 | J22: =[11]人員・時間計画!$D25 -> 122 | K22: =[11]人員・時間計画!$D$26 -> 0 | L22: =[11]人員・時間計画!$D$11 -> 15 | M22: =[11]人員・時間計画!$D$12 -> 0 | N22: =[11]人員・時間計画!E25 -> 114 | O22: =[11]人員・時間計画!$E26 -> 0 | P22: =[11]人員・時間計画!$E$11 -> 15 | Q22: =[11]人員・時間計画!$E$12 -> 0 | R22: =[11]人員・時間計画!$F25 -> 118 | S22: =[11]人員・時間計画!$F26 -> 0 | T22: =[11]人員・時間計画!$F$11 -> 15 | U22: =[11]人員・時間計画!$F$12 -> 0 | V22: =[11]人員・時間計画!G25 -> 112 | W22: =[11]人員・時間計画!$G26 -> 0 | X22: =[11]人員・時間計画!$G$11 -> 15 | Y22: =[11]人員・時間計画!$G$12 -> 0 | Z22: =[11]人員・時間計画!H25 -> 110 | AA22: =[11]人員・時間計画!$H26 -> 0 | AB22: =[11]人員・時間計画!$H$11 -> 15 | AC22: =[11]人員・時間計画!$H$12 -> 0 | AD22: =[11]人員・時間計画!$I25 -> 118 | AE22: =[11]人員・時間計画!$I26 -> 0 | AF22: =[11]人員・時間計画!$I$11 -> 15 | AG22: =[11]人員・時間計画!$I$12 -> 0 | AH22: =[11]人員・時間計画!$J25 -> 112 | AI22: =[11]人員・時間計画!$J26 -> 0 | AJ22: =[11]人員・時間計画!$J$11 -> 15 | AK22: =[11]人員・時間計画!$J$12 -> 0 | AL22: =[11]人員・時間計画!$K25 -> 116 | AM22: =[11]人員・時間計画!$K26 -> 0 | AN22: =[11]人員・時間計画!$K$11 -> 15 | AO22: =[11]人員・時間計画!$K$12 -> 0 | AP22: =[11]人員・時間計画!$L25 -> 112 | AQ22: =[11]人員・時間計画!$L26 -> 0 | AR22: =[11]人員・時間計画!$L$11 -> 15 | AS22: =[11]人員・時間計画!$L$12 -> 0 | AT22: =[11]人員・時間計画!$M25 -> 102 | AU22: =[11]人員・時間計画!$M26 -> 0 | AV22: =[11]人員・時間計画!$M$11 -> 15 | AW22: =[11]人員・時間計画!$M$12 -> 0 | AX22: =[11]人員・時間計画!$N25 -> 112 | AY22: =[11]人員・時間計画!$N26 -> 0 | AZ22: =[11]人員・時間計画!$N$11 -> 15 | BA22: =[11]人員・時間計画!$N$12 -> 0
D23: =IF($A$1=1,Sheet1!C55,Sheet1!B55) -> MD5課 | F23: =[12]人員・時間計画!$C$25 -> 180 | G23: =[12]人員・時間計画!$C$26 -> 0 | H23: =[12]人員・時間計画!$C$11 -> 7 | I23: =[12]人員・時間計画!$C$12 -> 0 | J23: =[12]人員・時間計画!$D$25 -> 171 | K23: =[12]人員・時間計画!$D$26 -> 0 | L23: =[12]人員・時間計画!$D$11 -> 7 | M23: =[12]人員・時間計画!$D$12 -> 0 | N23: =[12]人員・時間計画!$E$25 -> 189 | O23: =[12]人員・時間計画!$E$26 -> 0 | P23: =[12]人員・時間計画!$E$11 -> 7 | Q23: =[12]人員・時間計画!$E$12 -> 0 | R23: =[12]人員・時間計画!$F$25 -> 207 | S23: =[12]人員・時間計画!$F$26 -> 0 | T23: =[12]人員・時間計画!$F$11 -> 7 | U23: =[12]人員・時間計画!$F$12 -> 0 | V23: =[12]人員・時間計画!$G$25 -> 180 | W23: =[12]人員・時間計画!$G$26 -> 0 | X23: =[12]人員・時間計画!$G$11 -> 7 | Y23: =[12]人員・時間計画!$G$12 -> 0 | Z23: =[12]人員・時間計画!$H$25 -> 171 | AA23: =[12]人員・時間計画!$H$26 -> 0 | AB23: =[12]人員・時間計画!$H$11 -> 7 | AC23: =[12]人員・時間計画!$H$12 -> 0 | AD23: =[12]人員・時間計画!$I$25 -> 207 | AE23: =[12]人員・時間計画!$I$26 -> 0 | AF23: =[12]人員・時間計画!$I$11 -> 7 | AG23: =[12]人員・時間計画!$I$12 -> 0 | AH23: =[12]人員・時間計画!$J$25 -> 180 | AI23: =[12]人員・時間計画!$J$26 -> 0 | AJ23: =[12]人員・時間計画!$J$11 -> 7 | AK23: =[12]人員・時間計画!$J$12 -> 0 | AL23: =[12]人員・時間計画!$K$25 -> 198 | AM23: =[12]人員・時間計画!$K$26 -> 0 | AN23: =[12]人員・時間計画!$K$11 -> 7 | AO23: =[12]人員・時間計画!$K$12 -> 0 | AP23: =[12]人員・時間計画!$L$25 -> 180 | AQ23: =[12]人員・時間計画!$L$26 -> 0 | AR23: =[12]人員・時間計画!$L$11 -> 7 | AS23: =[12]人員・時間計画!$L$12 -> 0 | AT23: =[12]人員・時間計画!$M$25 -> 135 | AU23: =[12]人員・時間計画!$M$26 -> 0 | AV23: =[12]人員・時間計画!$M$11 -> 7 | AW23: =[12]人員・時間計画!$M$12 -> 0 | AX23: =[12]人員・時間計画!$N$25 -> 180 | AY23: =[12]人員・時間計画!$N$26 -> 0 | AZ23: =[12]人員・時間計画!$N$11 -> 7 | BA23: =[12]人員・時間計画!$N$12 -> 0
D24: =IF($A$1=1,Sheet1!C56,Sheet1!B56) -> EI1課 | E24: 1412000057 | F24: =[13]人員・時間計画!$C$25 -> 180 | G24: =[13]人員・時間計画!$C$26 -> 0 | H24: =[13]人員・時間計画!$C$11 -> 9 | I24: =[13]人員・時間計画!$C$12 -> 0 | J24: =[13]人員・時間計画!$D$25 -> 178 | K24: =[13]人員・時間計画!$D$26 -> 0 | L24: =[13]人員・時間計画!$D$11 -> 9 | M24: =[13]人員・時間計画!$D$12 -> 0 | N24: =[13]人員・時間計画!$E$25 -> 182 | O24: =[13]人員・時間計画!$E$26 -> 0 | P24: =[13]人員・時間計画!$E$11 -> 9 | Q24: =[13]人員・時間計画!$E$12 -> 0 | R24: =[13]人員・時間計画!$F$25 -> 186 | S24: =[13]人員・時間計画!$F$26 -> 0 | T24: =[13]人員・時間計画!$F$11 -> 9 | U24: =[13]人員・時間計画!$F$12 -> 0 | V24: =[13]人員・時間計画!$G$25 -> 180 | W24: =[13]人員・時間計画!$G$26 -> 0 | X24: =[13]人員・時間計画!$G$11 -> 9 | Y24: =[13]人員・時間計画!$G$12 -> 0 | Z24: =[13]人員・時間計画!$H$25 -> 178 | AA24: =[13]人員・時間計画!$H$26 -> 0 | AB24: =[13]人員・時間計画!$H$11 -> 10 | AC24: =[13]人員・時間計画!$H$12 -> 0 | AD24: =[13]人員・時間計画!$I$25 -> 186 | AE24: =[13]人員・時間計画!$I$26 -> 0 | AF24: =[13]人員・時間計画!$I$11 -> 10 | AG24: =[13]人員・時間計画!$I$12 -> 0 | AH24: =[13]人員・時間計画!$J$25 -> 180 | AI24: =[13]人員・時間計画!$J$26 -> 0 | AJ24: =[13]人員・時間計画!$J$11 -> 10 | AK24: =[13]人員・時間計画!$J$12 -> 0 | AL24: =[13]人員・時間計画!$K$25 -> 184 | AM24: =[13]人員・時間計画!$K$26 -> 0 | AN24: =[13]人員・時間計画!$K$11 -> 10 | AO24: =[13]人員・時間計画!$K$12 -> 0 | AP24: =[13]人員・時間計画!$L$25 -> 180 | AQ24: =[13]人員・時間計画!$L$26 -> 0 | AR24: =[13]人員・時間計画!$L$11 -> 10 | AS24: =[13]人員・時間計画!$L$12 -> 0 | AT24: =[13]人員・時間計画!$M$25 -> 170 | AU24: =[13]人員・時間計画!$M$26 -> 0 | AV24: =[13]人員・時間計画!$M$11 -> 10 | AW24: =[13]人員・時間計画!$M$12 -> 0 | AX24: =[13]人員・時間計画!$N$25 -> 180 | AY24: =[13]人員・時間計画!$N$26 -> 0 | AZ24: =[13]人員・時間計画!$N$11 -> 10 | BA24: =[13]人員・時間計画!$N$12 -> 0
D25: =IF($A$1=1,Sheet1!C57,Sheet1!B57) -> EI2課 | F25: =[14]人員・時間計画!$C$25 -> 100 | G25: =[14]人員・時間計画!$C$26 -> 0 | H25: =[14]人員・時間計画!$C$11 -> 7 | I25: =[14]人員・時間計画!$C$12 -> 0 | J25: =[14]人員・時間計画!$D$25 -> 100 | K25: =[14]人員・時間計画!$D$26 -> 0 | L25: =[14]人員・時間計画!$D$11 -> 7 | M25: =[14]人員・時間計画!$D$12 -> 0 | N25: =[14]人員・時間計画!$E$25 -> 100 | O25: =[14]人員・時間計画!$E$26 -> 0 | P25: =[14]人員・時間計画!$E$11 -> 7 | Q25: =[14]人員・時間計画!$E$12 -> 0 | R25: =[14]人員・時間計画!$F$25 -> 100 | S25: =[14]人員・時間計画!$F$26 -> 0 | T25: =[14]人員・時間計画!$F$11 -> 7 | U25: =[14]人員・時間計画!$F$12 -> 0 | V25: =[14]人員・時間計画!$G$25 -> 100 | W25: =[14]人員・時間計画!$G$26 -> 0 | X25: =[14]人員・時間計画!$G$11 -> 7 | Y25: =[14]人員・時間計画!$G$12 -> 0 | Z25: =[14]人員・時間計画!$H$25 -> 100 | AA25: =[14]人員・時間計画!$H$26 -> 0 | AB25: =[14]人員・時間計画!$H$11 -> 8 | AC25: =[14]人員・時間計画!$H$12 -> 0 | AD25: =[14]人員・時間計画!$I$25 -> 100 | AE25: =[14]人員・時間計画!$I$26 -> 0 | AF25: =[14]人員・時間計画!$I$11 -> 8 | AG25: =[14]人員・時間計画!$I$12 -> 0 | AH25: =[14]人員・時間計画!$J$25 -> 100 | AI25: =[14]人員・時間計画!$J$26 -> 0 | AJ25: =[14]人員・時間計画!$J$11 -> 8 | AK25: =[14]人員・時間計画!$J$12 -> 0 | AL25: =[14]人員・時間計画!$K$25 -> 100 | AM25: =[14]人員・時間計画!$K$26 -> 0 | AN25: =[14]人員・時間計画!$K$11 -> 8 | AO25: =[14]人員・時間計画!$K$12 -> 0 | AP25: =[14]人員・時間計画!$L$25 -> 100 | AQ25: =[14]人員・時間計画!$L$26 -> 0 | AR25: =[14]人員・時間計画!$L$11 -> 8 | AS25: =[14]人員・時間計画!$L$12 -> 0 | AT25: =[14]人員・時間計画!$M$25 -> 100 | AU25: =[14]人員・時間計画!$M$26 -> 0 | AV25: =[14]人員・時間計画!$M$11 -> 8 | AW25: =[14]人員・時間計画!$M$12 -> 0 | AX25: =[14]人員・時間計画!$N$25 -> 100 | AY25: =[14]人員・時間計画!$N$26 -> 0 | AZ25: =[14]人員・時間計画!$N$11 -> 8 | BA25: =[14]人員・時間計画!$N$12 -> 0
D26: =IF($A$1=1,Sheet1!C58,Sheet1!B58) -> ESD1課 | E26: 1412000078 | F26: =[15]人員・時間計画!$C$25 -> 148 | G26: =[15]人員・時間計画!$C$26 -> 0 | H26: =[15]人員・時間計画!$C$11 -> 11 | I26: =[15]人員・時間計画!$C$12 -> 0 | J26: =[15]人員・時間計画!$D$25 -> 146 | K26: =[15]人員・時間計画!$D$26 -> 0 | L26: =[15]人員・時間計画!$D$11 -> 11 | M26: =[15]人員・時間計画!$D$12 -> 0 | N26: =[15]人員・時間計画!$E$25 -> 150 | O26: =[15]人員・時間計画!$E$26 -> 0 | P26: =[15]人員・時間計画!$E$11 -> 11 | Q26: =[15]人員・時間計画!$E$12 -> 0 | R26: =[15]人員・時間計画!$F$25 -> 154 | S26: =[15]人員・時間計画!$F$26 -> 0 | T26: =[15]人員・時間計画!$F$11 -> 11 | U26: =[15]人員・時間計画!$F$12 -> 0 | V26: =[15]人員・時間計画!$G$25 -> 148 | W26: =[15]人員・時間計画!$G$26 -> 0 | X26: =[15]人員・時間計画!$G$11 -> 11 | Y26: =[15]人員・時間計画!$G$12 -> 0 | Z26: =[15]人員・時間計画!$H$25 -> 146 | AA26: =[15]人員・時間計画!$H$26 -> 0 | AB26: =[15]人員・時間計画!$H$11 -> 13 | AC26: =[15]人員・時間計画!$H$12 -> 0 | AD26: =[15]人員・時間計画!$I$25 -> 181 | AE26: =[15]人員・時間計画!$I$26 -> 0 | AF26: =[15]人員・時間計画!$I$11 -> 13 | AG26: =[15]人員・時間計画!$I$12 -> 0 | AH26: =[15]人員・時間計画!$J$25 -> 175 | AI26: =[15]人員・時間計画!$J$26 -> 0 | AJ26: =[15]人員・時間計画!$J$11 -> 13 | AK26: =[15]人員・時間計画!$J$12 -> 0 | AL26: =[15]人員・時間計画!$K$25 -> 179 | AM26: =[15]人員・時間計画!$K$26 -> 0 | AN26: =[15]人員・時間計画!$K$11 -> 13 | AO26: =[15]人員・時間計画!$K$12 -> 0 | AP26: =[15]人員・時間計画!$L$25 -> 175 | AQ26: =[15]人員・時間計画!$L$26 -> 0 | AR26: =[15]人員・時間計画!$L$11 -> 13 | AS26: =[15]人員・時間計画!$L$12 -> 0 | AT26: =[15]人員・時間計画!$M$25 -> 165 | AU26: =[15]人員・時間計画!$M$26 -> 0 | AV26: =[15]人員・時間計画!$M$11 -> 13 | AW26: =[15]人員・時間計画!$M$12 -> 0 | AX26: =[15]人員・時間計画!$N$25 -> 175 | AY26: =[15]人員・時間計画!$N$26 -> 0 | AZ26: =[15]人員・時間計画!$N$11 -> 13 | BA26: =[15]人員・時間計画!$N$12 -> 0
D27: =IF($A$1=1,Sheet1!C59,Sheet1!B59) -> ESD2課 | E27: 1412000096 | F27: =[16]人員・時間計画!$C$25 -> 160 | G27: =[16]人員・時間計画!$C$26 -> 0 | H27: =[16]人員・時間計画!$C$11 -> 10 | I27: =[16]人員・時間計画!$C$12 -> 0 | J27: =[16]人員・時間計画!$D$25 -> 158 | K27: =[16]人員・時間計画!$D$26 -> 0 | L27: =[16]人員・時間計画!$D$11 -> 10 | M27: =[16]人員・時間計画!$D$12 -> 0 | N27: =[16]人員・時間計画!$E$25 -> 162 | O27: =[16]人員・時間計画!$E$26 -> 0 | P27: =[16]人員・時間計画!$E$11 -> 10 | Q27: =[16]人員・時間計画!$E$12 -> 0 | R27: =[16]人員・時間計画!$F$25 -> 166 | S27: =[16]人員・時間計画!$F$26 -> 0 | T27: =[16]人員・時間計画!$F$11 -> 10 | U27: =[16]人員・時間計画!$F$12 -> 0 | V27: =[16]人員・時間計画!$G$25 -> 160 | W27: =[16]人員・時間計画!$G$26 -> 0 | X27: =[16]人員・時間計画!$G$11 -> 10 | Y27: =[16]人員・時間計画!$G$12 -> 0 | Z27: =[16]人員・時間計画!$H$25 -> 158 | AA27: =[16]人員・時間計画!$H$26 -> 0 | AB27: =[16]人員・時間計画!$H$11 -> 12 | AC27: =[16]人員・時間計画!$H$12 -> 0 | AD27: =[16]人員・時間計画!$I$25 -> 166 | AE27: =[16]人員・時間計画!$I$26 -> 0 | AF27: =[16]人員・時間計画!$I$11 -> 12 | AG27: =[16]人員・時間計画!$I$12 -> 0 | AH27: =[16]人員・時間計画!$J$25 -> 160 | AI27: =[16]人員・時間計画!$J$26 -> 0 | AJ27: =[16]人員・時間計画!$J$11 -> 12 | AK27: =[16]人員・時間計画!$J$12 -> 0 | AL27: =[16]人員・時間計画!$K$25 -> 164 | AM27: =[16]人員・時間計画!$K$26 -> 0 | AN27: =[16]人員・時間計画!$K$11 -> 12 | AO27: =[16]人員・時間計画!$K$12 -> 0 | AP27: =[16]人員・時間計画!$L$25 -> 160 | AQ27: =[16]人員・時間計画!$L$26 -> 0 | AR27: =[16]人員・時間計画!$L$11 -> 12 | AS27: =[16]人員・時間計画!$L$12 -> 0 | AT27: =[16]人員・時間計画!$M$25 -> 150 | AU27: =[16]人員・時間計画!$M$26 -> 0 | AV27: =[16]人員・時間計画!$M$11 -> 12 | AW27: =[16]人員・時間計画!$M$12 -> 0 | AX27: =[16]人員・時間計画!$N$25 -> 160 | AY27: =[16]人員・時間計画!$N$26 -> 0 | AZ27: =[16]人員・時間計画!$N$11 -> 12 | BA27: =[16]人員・時間計画!$N$12 -> 0
B29: TOTAL | F29: =SUM(F8:F27) -> 2210 | G29: =SUM(G8:G27) -> 4842 | H29: =SUM(H8:H27) -> 398 | I29: =SUM(I8:I27) -> 3902 | J29: =SUM(J8:J27) -> 2333 | K29: =SUM(K8:K27) -> 6297 | L29: =SUM(L8:L27) -> 398 | M29: =SUM(M8:M27) -> 3855 | ... BA29: =SUM(BA8:BA27) -> 5165
F31: 2210 | G31: 4842 | H31: 398 | I31: 3902 | J31: 2333 | K31: 6297 | L31: 398 | M31: 3855 | N31: 2356 | O31: 5103 | P31: 398 | Q31: 3721 | R31: 2882 | S31: 7672 | T31: 431 | U31: 4208 | V31: 3013 | W31: 14047 | X31: 431 | Y31: 4391 | Z31: 4199 | AA31: 38671 | AB31: 438 | AC31: 4604 | AD31: 2615 | AE31: 9603 | AF31: 438 | AG31: 4947 | AH31: 3119 | AI31: 19403 | AJ31: 438 | AK31: 5055 | AL31: 3075 | AM31: 17671 | AN31: 438 | AO31: 4996 | AP31: 3525 | AQ31: 27376 | AR31: 471 | AS31: 5211 | AT31: 3851 | AU31: 27457 | AV31: 471 | AW31: 5632 | AX31: 4149 | AY31: 34874 | AZ31: 471 | BA31: 5165
F33: =F29-F31 -> 0 | G33: =G29-G31 -> 0 | H33: =H29-H31 -> 0 | I33: =I29-I31 -> 0 | J33: =J29-J31 -> 0 | K33: =K29-K31 -> 0 | L33: =L29-L31 -> 0 | M33: =M29-M31 -> 0 | ... BA33: =BA29-BA31 -> 0

Sheet 6371
A1: 1 | B1: → １＝日本語(tiếng nhật)、２＝ベトナム語(tiếng việt) | F1: 4 | J1: 5 | N1: 6 | R1: 7 | V1: 8 | Z1: 9 | AD1: 10 | AH1: 11 | AL1: 12 | AP1: 1 | AT1: 2 | AX1: 3
F2: Dự tính Thời gian làm thêm (người Việt ) 残業時間（ローカル社員） (1/4/2023 ~ 30/4/2023) | H2: Dự tính Số người Việt 人員合計 (1/4/2023 ~ 30/4/2023) | J2: Dự tính Thời gian làm thêm (người Việt ) 残業時間（ローカル社員） (1/5/2023 ~ 31/5/2023) | L2: Dự tính Số người Việt 人員合計 (1/5/2023 ~ 31/5/2023) | N2: Dự tính Thời gian làm thêm (người Việt ) 残業時間（ローカル社員） (1/6/2023 ~ 30/6/2023) | P2: Dự tính Số người Việt 人員合計 (1/6/2023 ~ 30/6/2023) | R2: Dự tính Thời gian làm thêm (người Việt ) 残業時間（ローカル社員） (1/7/2023 ~ 31/7/2023) | T2: Dự tính Số người Việt 人員合計 (1/7/2023 ~ 31/7/2023) | V2: Dự tính Thời gian làm thêm (người Việt ) 残業時間（ローカル社員） (1/8/2023 ~ 31/8/2023) | X2: Dự tính Số người Việt 人員合計 (1/8/2023 ~ 31/8/2023) | Z2: Dự tính Thời gian làm thêm (người Việt ) 残業時間（ローカル社員） (1/9/2023 ~ 30/9/2023) | AB2: Dự tính Số người Việt 人員合計 (1/9/2023 ~ 30/9/2023) | AD2: Dự tính Thời gian làm thêm(người Việt ) 残業時間（ローカル社員） (1/10/2023 ~ 31/10/2023) | AF2: Dự tính Số người Việt 人員合計 (1/10/2023 ~ 31/10/2023) | AH2: Dự tính Thời gian làm thêm (người Việt ) 残業時間（ローカル社員） (1/11/2023 ~ 30/11/2023) | AJ2: Dự tính Số người Việt 人員合計 (1/11/2023 ~ 30/11/2023) | AL2: Dự tính Thời gian làm thêm (người Việt ) 残業時間（ローカル社員） (1/12/2023 ~ 31/12/2023) | AN2: Dự tính Số người Việt 人員合計 (1/12/2023 ~ 31/12/2023) | AP2: Dự tính Thời gian làm thêm (người Việt ) 残業時間（ローカル社員） (1/1/2024 ~ 31/1/2024) | AR2: Dự tính Số người Việt 人員合計 (1/1/2024 ~ 31/1/2024) | AT2: Dự tính Thời gian làm thêm (người Việt ) 残業時間（ローカル社員） (1/2/2024 ~ 28/2/2024) | AV2: Dự tính Số người Việt 人員合計 (1/2/2024~ 28/2/2024) | AX2: Dự tính Thời gian làm thêm (người Việt ) 残業時間（ローカル社員） (1/3/2024 ~ 31/3/2024) | AZ2: Dự tính Số người Việt 人員合計 (1/3/2024~ 31/3/2024)
F3: 4 | G3: 4 | H3: 4 | I3: 4 | J3: 5 | K3: 5 | L3: 5 | M3: 5 | N3: 6 | O3: 6 | P3: 6 | Q3: 6 | R3: 7 | S3: 7 | T3: 7 | U3: 7 | V3: 8 | W3: 8 | X3: 8 | Y3: 8 | Z3: 9 | AA3: 9 | AB3: 9 | AC3: 9 | AD3: 10 | AE3: 10 | AF3: 10 | AG3: 10 | AH3: 11 | AI3: 11 | AJ3: 11 | AK3: 11 | AL3: 12 | AM3: 12 | AN3: 12 | AO3: 12 | AP3: 1 | AQ3: 1 | AR3: 1 | AS3: 1 | AT3: 2 | AU3: 2 | AV3: 2 | AW3: 2 | AX3: 3 | AY3: 3 | AZ3: 3 | BA3: 3
F4: 残業時間 | G4: 残業時間 | H4: 人員 | I4: 人員 | J4: 残業時間 | K4: 残業時間 | L4: 人員 | M4: 人員 | N4: 残業時間 | O4: 残業時間 | P4: 人員 | Q4: 人員 | R4: 残業時間 | S4: 残業時間 | T4: 人員 | U4: 人員 | V4: 残業時間 | W4: 残業時間 | X4: 人員 | Y4: 人員 | Z4: 残業時間 | AA4: 残業時間 | AB4: 人員 | AC4: 人員 | AD4: 残業時間 | AE4: 残業時間 | AF4: 人員 | AG4: 人員 | AH4: 残業時間 | AI4: 残業時間 | AJ4: 人員 | AK4: 人員 | AL4: 残業時間 | AM4: 残業時間 | AN4: 人員 | AO4: 人員 | AP4: 残業時間 | AQ4: 残業時間 | AR4: 人員 | AS4: 人員 | AT4: 残業時間 | AU4: 残業時間 | AV4: 人員 | AW4: 人員 | AX4: 残業時間 | AY4: 残業時間 | AZ4: 人員 | BA4: 人員
F5: G5以上 | G5: G7, G6 | H5: G5以上 | I5: G7, G6 | J5: G5以上 | K5: G7, G6 | L5: G5以上 | M5: G7, G6 | N5: G5以上 | O5: G7, G6 | P5: G5以上 | Q5: G7, G6 | R5: G5以上 | S5: G7, G6 | T5: G5以上 | U5: G7, G6 | V5: G5以上 | W5: G7, G6 | X5: G5以上 | Y5: G7, G6 | Z5: G5以上 | AA5: G7, G6 | AB5: G5以上 | AC5: G7, G6 | AD5: G5以上 | AE5: G7, G6 | AF5: G5以上 | AG5: G7, G6 | AH5: G5以上 | AI5: G7, G6 | AJ5: G5以上 | AK5: G7, G6 | AL5: G5以上 | AM5: G7, G6 | AN5: G5以上 | AO5: G7, G6 | AP5: G5以上 | AQ5: G7, G6 | AR5: G5以上 | AS5: G7, G6 | AT5: G5以上 | AU5: G7, G6 | AV5: G5以上 | AW5: G7, G6 | AX5: G5以上 | AY5: G7, G6 | AZ5: G5以上 | BA5: G7, G6
B6: Mã TK コード | C6: Tên bộ phận 名前部 | D6: Tên phòng 名前課 | E6: 原価センター | F6: Nhân viên スタップ | G6: Công nhân ワーカー | H6: Nhân viên スタップ | I6: Công nhân ワーカー | J6: Nhân viên スタップ | K6: Công nhân ワーカー | L6: Nhân viên スタップ | M6: Công nhân ワーカー | N6: Nhân viên スタップ | O6: Công nhân ワーカー | P6: Nhân viên スタップ | Q6: Công nhân ワーカー | R6: Nhân viên スタップ | S6: Công nhân ワーカー | T6: Nhân viên スタップ | U6: Công nhân ワーカー | V6: Nhân viên スタップ | W6: Công nhân ワーカー | X6: Nhân viên スタップ | Y6: Công nhân ワーカー | Z6: Nhân viên スタップ | AA6: Công nhân ワーカー | AB6: Nhân viên スタップ | AC6: Công nhân ワーカー | AD6: Nhân viên スタップ | AE6: Công nhân ワーカー | AF6: Nhân viên スタップ | AG6: Công nhân ワーカー | AH6: Nhân viên スタップ | AI6: Công nhân ワーカー | AJ6: Nhân viên スタップ | AK6: Công nhân ワーカー | AL6: Nhân viên スタップ | AM6: Công nhân ワーカー | AN6: Nhân viên スタップ | AO6: Công nhân ワーカー | AP6: Nhân viên スタップ | AQ6: Công nhân ワーカー | AR6: Nhân viên スタップ | AS6: Công nhân ワーカー | AT6: Nhân viên スタップ | AU6: Công nhân ワーカー | AV6: Nhân viên スタップ | AW6: Công nhân ワーカー | AX6: Nhân viên スタップ | AY6: Công nhân ワーカー | AZ6: Nhân viên スタップ | BA6: Công nhân ワーカー
B7: 6221 | C7: 機器製造部
D8: =IF('6221'!$A$1=1,Sheet1!C6,Sheet1!B6) -> 機器製造管理課 | E8: 1412000062 | F8: =[17]人員・時間計画!$C$25 -> 200 | G8: =[17]人員・時間計画!$C$26 -> 100 | H8: =[17]人員・時間計画!$C$11 -> 21 | I8: =[17]人員・時間計画!$C$12 -> 7 | J8: =[17]人員・時間計画!$D$25 -> 200 | K8: =[17]人員・時間計画!$D$26 -> 100 | L8: =[17]人員・時間計画!$D$11 -> 21 | M8: =[17]人員・時間計画!$D$12 -> 7 | N8: =[17]人員・時間計画!$E$25 -> 200 | O8: =[17]人員・時間計画!$E$26 -> 100 | P8: =[17]人員・時間計画!$E$11 -> 21 | Q8: =[17]人員・時間計画!$E$12 -> 7 | R8: =[17]人員・時間計画!$F$25 -> 200 | S8: =[17]人員・時間計画!$F$26 -> 100 | T8: =[17]人員・時間計画!$F$11 -> 21 | U8: =[17]人員・時間計画!$F$12 -> 7 | V8: =[17]人員・時間計画!$G$25 -> 200 | W8: =[17]人員・時間計画!$G$26 -> 100 | X8: =[17]人員・時間計画!$G$11 -> 21 | Y8: =[17]人員・時間計画!$G$12 -> 7 | Z8: =[17]人員・時間計画!$H$25 -> 200 | AA8: =[17]人員・時間計画!$H$26 -> 100 | AB8: =[17]人員・時間計画!$H$11 -> 21 | AC8: =[17]人員・時間計画!$H$12 -> 7 | AD8: =[17]人員・時間計画!$I$25 -> 200 | AE8: =[17]人員・時間計画!$I$26 -> 100 | AF8: =[17]人員・時間計画!$I$11 -> 21 | AG8: =[17]人員・時間計画!$I$12 -> 7 | AH8: =[17]人員・時間計画!$J$25 -> 200 | AI8: =[17]人員・時間計画!$J$26 -> 100 | AJ8: =[17]人員・時間計画!$J$11 -> 21 | AK8: =[17]人員・時間計画!$J$12 -> 7 | AL8: =[17]人員・時間計画!$K$25 -> 200 | AM8: =[17]人員・時間計画!$K$26 -> 100 | AN8: =[17]人員・時間計画!$K$11 -> 21 | AO8: =[17]人員・時間計画!$K$12 -> 7 | AP8: =[17]人員・時間計画!$L$25 -> 200 | AQ8: =[17]人員・時間計画!$L$26 -> 100 | AR8: =[17]人員・時間計画!$L$11 -> 21 | AS8: =[17]人員・時間計画!$L$12 -> 7 | AT8: =[17]人員・時間計画!$M$25 -> 100 | AU8: =[17]人員・時間計画!$M$26 -> 80 | AV8: =[17]人員・時間計画!$M$11 -> 21 | AW8: =[17]人員・時間計画!$M$12 -> 7 | AX8: =[17]人員・時間計画!$N$25 -> 200 | AY8: =[17]人員・時間計画!$N$26 -> 100 | AZ8: =[17]人員・時間計画!$N$11 -> 21 | BA8: =[17]人員・時間計画!$N$12 -> 7
B9: 6221 | C9: トナー製造部
D10: =IF('6221'!$A$1=1,Sheet1!C15,Sheet1!B15) -> トナー生産技術課 | E10: 1412000048 | F10: =[18]人員・時間計画!$C$25 -> 38 | G10: =[18]人員・時間計画!$C$26 -> 0 | H10: =[18]人員・時間計画!$C$11 -> 14 | I10: =[18]人員・時間計画!$C$12 -> 10 | J10: =[18]人員・時間計画!$D$25 -> 52 | K10: =[18]人員・時間計画!$D$26 -> 24 | L10: =[18]人員・時間計画!$D$11 -> 14 | M10: =[18]人員・時間計画!$D$12 -> 10 | N10: =[18]人員・時間計画!$E$25 -> 40 | O10: =[18]人員・時間計画!$E$26 -> 0 | P10: =[18]人員・時間計画!$E$11 -> 14 | Q10: =[18]人員・時間計画!$E$12 -> 11 | R10: =[18]人員・時間計画!$F$25 -> 60 | S10: =[18]人員・時間計画!$F$26 -> 16 | T10: =[18]人員・時間計画!$F$11 -> 14 | U10: =[18]人員・時間計画!$F$12 -> 11 | V10: =[18]人員・時間計画!$G$25 -> 54 | W10: =[18]人員・時間計画!$G$26 -> 16 | X10: =[18]人員・時間計画!$G$11 -> 14 | Y10: =[18]人員・時間計画!$G$12 -> 11 | Z10: =[18]人員・時間計画!$H$25 -> 60 | AA10: =[18]人員・時間計画!$H$26 -> 24 | AB10: =[18]人員・時間計画!$H$11 -> 14 | AC10: =[18]人員・時間計画!$H$12 -> 11 | AD10: =[18]人員・時間計画!$I$25 -> 68 | AE10: =[18]人員・時間計画!$I$26 -> 24 | AF10: =[18]人員・時間計画!$I$11 -> 14 | AG10: =[18]人員・時間計画!$I$12 -> 11 | AH10: =[18]人員・時間計画!$J$25 -> 54 | AI10: =[18]人員・時間計画!$J$26 -> 16 | AJ10: =[18]人員・時間計画!$J$11 -> 14 | AK10: =[18]人員・時間計画!$J$12 -> 11 | AL10: =[18]人員・時間計画!$K$25 -> 58 | AM10: =[18]人員・時間計画!$K$26 -> 16 | AN10: =[18]人員・時間計画!$K$11 -> 14 | AO10: =[18]人員・時間計画!$K$12 -> 11 | AP10: =[18]人員・時間計画!$L$25 -> 54 | AQ10: =[18]人員・時間計画!$L$26 -> 16 | AR10: =[18]人員・時間計画!$L$11 -> 14 | AS10: =[18]人員・時間計画!$L$12 -> 11 | AT10: =[18]人員・時間計画!$M$25 -> 44 | AU10: =[18]人員・時間計画!$M26 -> 16 | AV10: =[18]人員・時間計画!$M$11 -> 14 | AW10: =[18]人員・時間計画!$M$12 -> 11 | AX10: =[18]人員・時間計画!$N$25 -> 54 | AY10: =[18]人員・時間計画!$N26 -> 16 | AZ10: =[18]人員・時間計画!$N$11 -> 14 | BA10: =[18]人員・時間計画!$N$12 -> 11
D11: =IF('6221'!$A$1=1,Sheet1!C16,Sheet1!B16) -> トナー製造管理課 | E11: 1412000063 | F11: =[19]人員・時間計画!$C$25 -> 0 | G11: =[19]人員・時間計画!$C$26 -> 0 | H11: =[19]人員・時間計画!$C$11 -> 7 | I11: =[19]人員・時間計画!$C$12 -> 6 | J11: =[19]人員・時間計画!$D$25 -> 0 | K11: =[19]人員・時間計画!$D$26 -> 0 | L11: =[19]人員・時間計画!$D$11 -> 6 | M11: =[19]人員・時間計画!$D$12 -> 6 | N11: =[19]人員・時間計画!$E$25 -> 0 | O11: =[19]人員・時間計画!$E$26 -> 0 | P11: =[19]人員・時間計画!$E$11 -> 5 | Q11: =[19]人員・時間計画!$E$12 -> 4 | R11: =[19]人員・時間計画!$F$25 -> 0 | S11: =[19]人員・時間計画!$F$26 -> 0 | T11: =[19]人員・時間計画!$F$11 -> 6 | U11: =[19]人員・時間計画!$F$12 -> 3 | V11: =[19]人員・時間計画!$G$25 -> 0 | W11: =[19]人員・時間計画!$G$26 -> 0 | X11: =[19]人員・時間計画!$G$11 -> 6 | Y11: =[19]人員・時間計画!$G$12 -> 3 | Z11: =[19]人員・時間計画!$H$25 -> 0 | AA11: =[19]人員・時間計画!$H$26 -> 0 | AB11: =[19]人員・時間計画!$H$11 -> 6 | AC11: =[19]人員・時間計画!$H$12 -> 3 | AD11: =[19]人員・時間計画!$I$25 -> 0 | AE11: =[19]人員・時間計画!$I$26 -> 0 | AF11: =[19]人員・時間計画!$I$11 -> 6 | AG11: =[19]人員・時間計画!$I$12 -> 3 | AH11: =[19]人員・時間計画!$J$25 -> 0 | AI11: =[19]人員・時間計画!$J$26 -> 0 | AJ11: =[19]人員・時間計画!$J$11 -> 6 | AK11: =[19]人員・時間計画!$J$12 -> 3 | AL11: =[19]人員・時間計画!$K$25 -> 0 | AM11: =[19]人員・時間計画!$K$26 -> 0 | AN11: =[19]人員・時間計画!$K$11 -> 5 | AO11: =[19]人員・時間計画!$K$12 -> 3 | AP11: =[19]人員・時間計画!$L$25 -> 0 | AQ11: =[19]人員・時間計画!$L$26 -> 0 | AR11: =[19]人員・時間計画!$L$11 -> 5 | AS11: =[19]人員・時間計画!$L$12 -> 3 | AT11: =[19]人員・時間計画!$M$25 -> 0 | AU11: =[19]人員・時間計画!$M$26 -> 0 | AV11: =[19]人員・時間計画!$M$11 -> 5 | AW11: =[19]人員・時間計画!$M$12 -> 3 | AX11: =[19]人員・時間計画!$N$25 -> 0 | AY11: =[19]人員・時間計画!$N$26 -> 0 | AZ11: =[19]人員・時間計画!$N$11 -> 5 | BA11: =[19]人員・時間計画!$N$12 -> 3
D12: =IF('6221'!$A$1=1,Sheet1!C17,Sheet1!B17) -> トナー品質管理課 | E12: 1412000055 | F12: =[20]人員・時間計画!$C$25 -> 38 | G12: =[20]人員・時間計画!$C$26 -> 0 | H12: =[20]人員・時間計画!$C$11 -> 11 | I12: =[20]人員・時間計画!$C$12 -> 14 | J12: =[20]人員・時間計画!$D$25 -> 60 | K12: =[20]人員・時間計画!$D$26 -> 24 | L12: =[20]人員・時間計画!$D$11 -> 11 | M12: =[20]人員・時間計画!$D$12 -> 14 | N12: =[20]人員・時間計画!$E$25 -> 40 | O12: =[20]人員・時間計画!$E$26 -> 24 | P12: =[20]人員・時間計画!$E$11 -> 11 | Q12: =[20]人員・時間計画!$E$12 -> 14 | R12: =[20]人員・時間計画!$F$25 -> 68 | S12: =[20]人員・時間計画!$F$26 -> 176 | T12: =[20]人員・時間計画!$F$11 -> 10 | U12: =[20]人員・時間計画!$F$12 -> 14 | V12: =[20]人員・時間計画!$G$25 -> 62 | W12: =[20]人員・時間計画!$G$26 -> 24 | X12: =[20]人員・時間計画!$G$11 -> 10 | Y12: =[20]人員・時間計画!$G$12 -> 15 | Z12: =[20]人員・時間計画!$H$25 -> 60 | AA12: =[20]人員・時間計画!$H$26 -> 48 | AB12: =[20]人員・時間計画!$H$11 -> 10 | AC12: =[20]人員・時間計画!$H$12 -> 17 | AD12: =[20]人員・時間計画!$I$25 -> 68 | AE12: =[20]人員・時間計画!$I$26 -> 48 | AF12: =[20]人員・時間計画!$I$11 -> 10 | AG12: =[20]人員・時間計画!$I$12 -> 17 | AH12: =[20]人員・時間計画!$J$25 -> 62 | AI12: =[20]人員・時間計画!$J$26 -> 24 | AJ12: =[20]人員・時間計画!$J$11 -> 10 | AK12: =[20]人員・時間計画!$J$12 -> 17 | AL12: =[20]人員・時間計画!$K$25 -> 66 | AM12: =[20]人員・時間計画!$K$26 -> 24 | AN12: =[20]人員・時間計画!$K$11 -> 11 | AO12: =[20]人員・時間計画!$K$12 -> 17 | AP12: =[20]人員・時間計画!$L$25 -> 62 | AQ12: =[20]人員・時間計画!$L$26 -> 176 | AR12: =[20]人員・時間計画!$L$11 -> 11 | AS12: =[20]人員・時間計画!$L$12 -> 17 | AT12: =[20]人員・時間計画!$M$25 -> 52 | AU12: =[20]人員・時間計画!$M$26 -> 152 | AV12: =[20]人員・時間計画!$M$11 -> 11 | AW12: =[20]人員・時間計画!$M$12 -> 17 | AX12: =[20]人員・時間計画!$N$25 -> 38 | AY12: =[20]人員・時間計画!$N$26 -> 72 | AZ12: =[20]人員・時間計画!$N$11 -> 11 | BA12: =[20]人員・時間計画!$N$12 -> 19
B13: 6221 | C13: 部品製造部
D14: =IF($A$1=1,Sheet1!C20,Sheet1!B20) -> 金型技術課 | E14: 1412000044 | F14: ='[21]Kế hoạch số người - thời gian'!$C$25 -> 230 | G14: ='[21]Kế hoạch số người - thời gian'!$C$26 -> 100 | H14: ='[21]Kế hoạch số người - thời gian'!$C$11 -> 23 | I14: ='[21]Kế hoạch số người - thời gian'!$C$12 -> 9 | J14: ='[21]Kế hoạch số người - thời gian'!$D$25 -> 226 | K14: ='[21]Kế hoạch số người - thời gian'!$D$26 -> 100 | L14: ='[21]Kế hoạch số người - thời gian'!$D$11 -> 23 | M14: ='[21]Kế hoạch số người - thời gian'!$D$12 -> 9 | N14: ='[21]Kế hoạch số người - thời gian'!$E$25 -> 234 | O14: ='[21]Kế hoạch số người - thời gian'!$E$26 -> 100 | P14: ='[21]Kế hoạch số người - thời gian'!$E$11 -> 23 | Q14: ='[21]Kế hoạch số người - thời gian'!$E$12 -> 9 | R14: ='[21]Kế hoạch số người - thời gian'!$F$25 -> 392 | S14: ='[21]Kế hoạch số người - thời gian'!$F$26 -> 100 | T14: ='[21]Kế hoạch số người - thời gian'!$F$11 -> 23 | U14: ='[21]Kế hoạch số người - thời gian'!$F$12 -> 9 | V14: ='[21]Kế hoạch số người - thời gian'!$G$25 -> 230 | W14: ='[21]Kế hoạch số người - thời gian'!$G$26 -> 100 | X14: ='[21]Kế hoạch số người - thời gian'!$G$11 -> 23 | Y14: ='[21]Kế hoạch số người - thời gian'!$G$12 -> 9 | Z14: ='[21]Kế hoạch số người - thời gian'!$H$25 -> 226 | AA14: ='[21]Kế hoạch số người - thời gian'!$H$26 -> 100 | AB14: ='[21]Kế hoạch số người - thời gian'!$H$11 -> 23 | AC14: ='[21]Kế hoạch số người - thời gian'!$H$12 -> 9 | AD14: ='[21]Kế hoạch số người - thời gian'!$I$25 -> 392 | AE14: ='[21]Kế hoạch số người - thời gian'!$I$26 -> 100 | AF14: ='[21]Kế hoạch số người - thời gian'!$I$11 -> 23 | AG14: ='[21]Kế hoạch số người - thời gian'!$I$12 -> 9 | AH14: ='[21]Kế hoạch số người - thời gian'!$J$25 -> 404 | AI14: ='[21]Kế hoạch số người - thời gian'!$J$26 -> 114 | AJ14: ='[21]Kế hoạch số người - thời gian'!$J$11 -> 23 | AK14: ='[21]Kế hoạch số người - thời gian'!$J$12 -> 9 | AL14: ='[21]Kế hoạch số người - thời gian'!$K$25 -> 238 | AM14: ='[21]Kế hoạch số người - thời gian'!$K$26 -> 106 | AN14: ='[21]Kế hoạch số người - thời gian'!$K$11 -> 23 | AO14: ='[21]Kế hoạch số người - thời gian'!$K$12 -> 9 | AP14: ='[21]Kế hoạch số người - thời gian'!$L$25 -> 230 | AQ14: ='[21]Kế hoạch số người - thời gian'!$L$26 -> 100 | AR14: ='[21]Kế hoạch số người - thời gian'!$L$11 -> 23 | AS14: ='[21]Kế hoạch số người - thời gian'!$L$12 -> 9 | AT14: ='[21]Kế hoạch số người - thời gian'!$M$25 -> 360 | AU14: ='[21]Kế hoạch số người - thời gian'!$M$26 -> 100 | AV14: ='[21]Kế hoạch số người - thời gian'!$M$11 -> 23 | AW14: ='[21]Kế hoạch số người - thời gian'!$M$12 -> 9 | AX14: ='[21]Kế hoạch số người - thời gian'!$N$25 -> 380 | AY14: ='[21]Kế hoạch số người - thời gian'!$N$26 -> 100 | AZ14: ='[21]Kế hoạch số người - thời gian'!$N$11 -> 23 | BA14: ='[21]Kế hoạch số người - thời gian'!$N$12 -> 9
D15: =IF($A$1=1,Sheet1!C21,Sheet1!B21) -> 部品製造管理課 | E15: 1412000087 | F15: =[22]人員・時間計画!$C$25 -> 0 | G15: =[22]人員・時間計画!$C$26 -> 0 | H15: =[22]人員・時間計画!$C$11 -> 9 | I15: =[22]人員・時間計画!$C$12 -> 0 | J15: =[22]人員・時間計画!$D$25 -> 0 | K15: =[22]人員・時間計画!$D$26 -> 0 | L15: =[22]人員・時間計画!$D$11 -> 9 | M15: =[22]人員・時間計画!$D$12 -> 0 | N15: =[22]人員・時間計画!$E$25 -> 0 | O15: =[22]人員・時間計画!$E$26 -> 0 | P15: =[22]人員・時間計画!$E$11 -> 9 | Q15: =[22]人員・時間計画!$E$12 -> 0 | R15: =[22]人員・時間計画!$F$25 -> 0 | S15: =[22]人員・時間計画!$F$26 -> 0 | T15: =[22]人員・時間計画!$F$11 -> 9 | U15: =[22]人員・時間計画!$F$12 -> 0 | V15: =[22]人員・時間計画!$G$25 -> 0 | W15: =[22]人員・時間計画!$G$26 -> 0 | X15: =[22]人員・時間計画!$G$11 -> 9 | Y15: =[22]人員・時間計画!$G$12 -> 0 | Z15: =[22]人員・時間計画!$H$25 -> 0 | AA15: =[22]人員・時間計画!$H$26 -> 0 | AB15: =[22]人員・時間計画!$H$11 -> 9 | AC15: =[22]人員・時間計画!$H$12 -> 0 | AD15: =[22]人員・時間計画!$I$25 -> 0 | AE15: =[22]人員・時間計画!$I$26 -> 0 | AF15: =[22]人員・時間計画!$I$11 -> 9 | AG15: =[22]人員・時間計画!$I$12 -> 0 | AH15: =[22]人員・時間計画!$J$25 -> 0 | AI15: =[22]人員・時間計画!$J$26 -> 0 | AJ15: =[22]人員・時間計画!$J$11 -> 9 | AK15: =[22]人員・時間計画!$J$12 -> 0 | AL15: =[22]人員・時間計画!$K$25 -> 0 | AM15: =[22]人員・時間計画!$K$26 -> 0 | AN15: =[22]人員・時間計画!$K$11 -> 9 | AO15: =[22]人員・時間計画!$K$12 -> 0 | AP15: =[22]人員・時間計画!$L$25 -> 0 | AQ15: =[22]人員・時間計画!$L$26 -> 0 | AR15: =[22]人員・時間計画!$L$11 -> 9 | AS15: =[22]人員・時間計画!$L$12 -> 0 | AT15: =[22]人員・時間計画!$M$25 -> 0 | AU15: =[22]人員・時間計画!$M$26 -> 0 | AV15: =[22]人員・時間計画!$M$11 -> 9 | AW15: =[22]人員・時間計画!$M$12 -> 0 | AX15: =[22]人員・時間計画!$N$25 -> 0 | AY15: =[22]人員・時間計画!$N$26 -> 0 | AZ15: =[22]人員・時間計画!$N$11 -> 9 | BA15: =[22]人員・時間計画!$N$12 -> 0
D16: =IF($A$1=1,Sheet1!C22,Sheet1!B22) -> 品質管理課 | E16: 1412000088 | F16: =[23]人員・時間計画!$C$25 -> 36 | G16: =[23]人員・時間計画!$C$26 -> 48 | H16: =[23]人員・時間計画!$C$11 -> 12 | I16: =[23]人員・時間計画!$C$12 -> 13 | J16: =[23]人員・時間計画!$D$25 -> 34 | K16: =[23]人員・時間計画!$D$26 -> 48 | L16: =[23]人員・時間計画!$D$11 -> 12 | M16: =[23]人員・時間計画!$D$12 -> 13 | N16: =[23]人員・時間計画!$E$25 -> 38 | O16: =[23]人員・時間計画!$E$26 -> 48 | P16: =[23]人員・時間計画!$E$11 -> 12 | Q16: =[23]人員・時間計画!$E$12 -> 13 | R16: =[23]人員・時間計画!$F$25 -> 42 | S16: =[23]人員・時間計画!$F$26 -> 48 | T16: =[23]人員・時間計画!$F$11 -> 12 | U16: =[23]人員・時間計画!$F$12 -> 13 | V16: =[23]人員・時間計画!$G$25 -> 36 | W16: =[23]人員・時間計画!$G$26 -> 48 | X16: =[23]人員・時間計画!$G$11 -> 12 | Y16: =[23]人員・時間計画!$G$12 -> 13 | Z16: =[23]人員・時間計画!$H$25 -> 34 | AA16: =[23]人員・時間計画!$H$26 -> 48 | AB16: =[23]人員・時間計画!$H$11 -> 12 | AC16: =[23]人員・時間計画!$H$12 -> 13 | AD16: =[23]人員・時間計画!$I$25 -> 42 | AE16: =[23]人員・時間計画!$I$26 -> 48 | AF16: =[23]人員・時間計画!$I$11 -> 12 | AG16: =[23]人員・時間計画!$I$12 -> 13 | AH16: =[23]人員・時間計画!$J$25 -> 36 | AI16: =[23]人員・時間計画!$J$26 -> 48 | AJ16: =[23]人員・時間計画!$J$11 -> 12 | AK16: =[23]人員・時間計画!$J$12 -> 13 | AL16: =[23]人員・時間計画!$K$25 -> 40 | AM16: =[23]人員・時間計画!$K$26 -> 48 | AN16: =[23]人員・時間計画!$K$11 -> 12 | AO16: =[23]人員・時間計画!$K$12 -> 13 | AP16: =[23]人員・時間計画!$L$25 -> 36 | AQ16: =[23]人員・時間計画!$L$26 -> 48 | AR16: =[23]人員・時間計画!$L$11 -> 12 | AS16: =[23]人員・時間計画!$L$12 -> 13 | AT16: =[23]人員・時間計画!$M$25 -> 26 | AU16: =[23]人員・時間計画!$M$26 -> 48 | AV16: =[23]人員・時間計画!$M$11 -> 12 | AW16: =[23]人員・時間計画!$M$12 -> 13 | AX16: =[23]人員・時間計画!$N$25 -> 36 | AY16: =[23]人員・時間計画!$N$26 -> 48 | AZ16: =[23]人員・時間計画!$N$11 -> 12 | BA16: =[23]人員・時間計画!$N$12 -> 13
B17: 6371 | C17: =IF($A$1=1,Sheet1!D9,Sheet1!A9) -> 工程品質管理部
D18: =IF($A$1=1,Sheet1!C10,Sheet1!B10) -> 工程品質管理1課 | E18: 1412000053 | F18: =[24]人員・時間計画!$C$25 -> 2395 | G18: =[24]人員・時間計画!$C$26 -> 2550 | H18: =[24]人員・時間計画!$C$11 -> 94 | I18: =[24]人員・時間計画!$C$12 -> 102 | J18: =[24]人員・時間計画!$D$25 -> 2389 | K18: =[24]人員・時間計画!$D$26 -> 2550 | L18: =[24]人員・時間計画!$D$11 -> 94 | M18: =[24]人員・時間計画!$D$12 -> 102 | N18: =[24]人員・時間計画!$E$25 -> 2401 | O18: =[24]人員・時間計画!$E$26 -> 2550 | P18: =[24]人員・時間計画!$E$11 -> 94 | Q18: =[24]人員・時間計画!$E$12 -> 102 | R18: =[24]人員・時間計画!$F$25 -> 2613 | S18: =[24]人員・時間計画!$F$26 -> 2350 | T18: =[24]人員・時間計画!$F$11 -> 102 | U18: =[24]人員・時間計画!$F$12 -> 94 | V18: =[24]人員・時間計画!$G$25 -> 2595 | W18: =[24]人員・時間計画!$G$26 -> 2350 | X18: =[24]人員・時間計画!$G$11 -> 102 | Y18: =[24]人員・時間計画!$G$12 -> 94 | Z18: =[24]人員・時間計画!$H$25 -> 2589 | AA18: =[24]人員・時間計画!$H$26 -> 2350 | AB18: =[24]人員・時間計画!$H$11 -> 102 | AC18: =[24]人員・時間計画!$H$12 -> 94 | AD18: =[24]人員・時間計画!$I$25 -> 2638 | AE18: =[24]人員・時間計画!$I$26 -> 2425 | AF18: =[24]人員・時間計画!$I$11 -> 103 | AG18: =[24]人員・時間計画!$I$12 -> 97 | AH18: =[24]人員・時間計画!$J$25 -> 2620 | AI18: =[24]人員・時間計画!$J$26 -> 2425 | AJ18: =[24]人員・時間計画!$J$11 -> 103 | AK18: =[24]人員・時間計画!$J$12 -> 97 | AL18: =[24]人員・時間計画!$K$25 -> 2632 | AM18: =[24]人員・時間計画!$K$26 -> 2425 | AN18: =[24]人員・時間計画!$K$11 -> 103 | AO18: =[24]人員・時間計画!$K$12 -> 97 | AP18: =[24]人員・時間計画!$L$25 -> 2795 | AQ18: =[24]人員・時間計画!$L$26 -> 2275 | AR18: =[24]人員・時間計画!$L$11 -> 110 | AS18: =[24]人員・時間計画!$L$12 -> 91 | AT18: =[24]人員・時間計画!$M$25 -> 2765 | AU18: =[24]人員・時間計画!$M$26 -> 2700 | AV18: =[24]人員・時間計画!$M$11 -> 110 | AW18: =[24]人員・時間計画!$M$12 -> 108 | AX18: =[24]人員・時間計画!$N$25 -> 2795 | AY18: =[24]人員・時間計画!$N$26 -> 2700 | AZ18: =[24]人員・時間計画!$N$11 -> 110 | BA18: =[24]人員・時間計画!$N$12 -> 108
D19: =IF($A$1=1,Sheet1!C11,Sheet1!B11) -> 工程品質管理2課 | E19: 1412000075 | F19: =[25]人員・時間計画!$C$25 -> 48 | G19: =[25]人員・時間計画!$C$26 -> 0 | H19: =[25]人員・時間計画!$C$11 -> 7 | I19: =[25]人員・時間計画!$C$12 -> 1 | J19: =[25]人員・時間計画!$D$25 -> 46 | K19: =[25]人員・時間計画!$D$26 -> 0 | L19: =[25]人員・時間計画!$D$11 -> 7 | M19: =[25]人員・時間計画!$D$12 -> 1 | N19: =[25]人員・時間計画!$E$25 -> 50 | O19: =[25]人員・時間計画!$E$26 -> 0 | P19: =[25]人員・時間計画!$E$11 -> 7 | Q19: =[25]人員・時間計画!$E$12 -> 1 | R19: =[25]人員・時間計画!$F$25 -> 54 | S19: =[25]人員・時間計画!$F$26 -> 0 | T19: =[25]人員・時間計画!$F$11 -> 7 | U19: =[25]人員・時間計画!$F$12 -> 1 | V19: =[25]人員・時間計画!$G$25 -> 48 | W19: =[25]人員・時間計画!$G$26 -> 0 | X19: =[25]人員・時間計画!$G$11 -> 7 | Y19: =[25]人員・時間計画!$G$12 -> 1 | Z19: =[25]人員・時間計画!$H$25 -> 46 | AA19: =[25]人員・時間計画!$H$26 -> 0 | AB19: =[25]人員・時間計画!$H$11 -> 7 | AC19: =[25]人員・時間計画!$H$12 -> 1 | AD19: =[25]人員・時間計画!$I$25 -> 54 | AE19: =[25]人員・時間計画!$I$26 -> 0 | AF19: =[25]人員・時間計画!$I$11 -> 7 | AG19: =[25]人員・時間計画!$I$12 -> 2 | AH19: =[25]人員・時間計画!$J$25 -> 48 | AI19: =[25]人員・時間計画!$J$26 -> 0 | AJ19: =[25]人員・時間計画!$J$11 -> 7 | AK19: =[25]人員・時間計画!$J$12 -> 2 | AL19: =[25]人員・時間計画!$K$25 -> 52 | AM19: =[25]人員・時間計画!$K$26 -> 0 | AN19: =[25]人員・時間計画!$K$11 -> 7 | AO19: =[25]人員・時間計画!$K$12 -> 2 | AP19: =[25]人員・時間計画!$L$25 -> 48 | AQ19: =[25]人員・時間計画!$L$26 -> 0 | AR19: =[25]人員・時間計画!$L$11 -> 8 | AS19: =[25]人員・時間計画!$L$12 -> 1 | AT19: =[25]人員・時間計画!$M$25 -> 38 | AU19: =[25]人員・時間計画!$M$26 -> 0 | AV19: =[25]人員・時間計画!$M$11 -> 8 | AW19: =[25]人員・時間計画!$M$12 -> 1 | AX19: =[25]人員・時間計画!$N$25 -> 48 | AY19: =[25]人員・時間計画!$N$26 -> 0 | AZ19: =[25]人員・時間計画!$N$11 -> 8 | BA19: =[25]人員・時間計画!$N$12 -> 1
B20: 6371 | C20: =IF($A$1=1,Sheet1!D24,Sheet1!A24) -> 生産管理部
D21: =IF($A$1=1,Sheet1!C25,Sheet1!B25) -> 生産管理課 | E21: 1412000008 | F21: =[26]人員・時間計画!$C$25 -> 112 | G21: =[26]人員・時間計画!$C$26 -> 0 | H21: =[26]人員・時間計画!$C$11 -> 10 | I21: =[26]人員・時間計画!$C$12 -> 0 | J21: =[26]人員・時間計画!$D$25 -> 108 | K21: =[26]人員・時間計画!$D$26 -> 0 | L21: =[26]人員・時間計画!$D$11 -> 10 | M21: =[26]人員・時間計画!$D$12 -> 0 | N21: =[26]人員・時間計画!$E$25 -> 120 | O21: =[26]人員・時間計画!$E$26 -> 0 | P21: =[26]人員・時間計画!$E$11 -> 10 | Q21: =[26]人員・時間計画!$E$12 -> 0 | R21: =[26]人員・時間計画!$F$25 -> 132 | S21: =[26]人員・時間計画!$F$26 -> 0 | T21: =[26]人員・時間計画!$F$11 -> 10 | U21: =[26]人員・時間計画!$F$12 -> 0 | V21: =[26]人員・時間計画!$G$25 -> 124 | W21: =[26]人員・時間計画!$G$26 -> 0 | X21: =[26]人員・時間計画!$G$11 -> 10 | Y21: =[26]人員・時間計画!$G$12 -> 0 | Z21: =[26]人員・時間計画!$H$25 -> 108 | AA21: =[26]人員・時間計画!$H$26 -> 0 | AB21: =[26]人員・時間計画!$H$11 -> 10 | AC21: =[26]人員・時間計画!$H$12 -> 0 | AD21: =[26]人員・時間計画!$I$25 -> 132 | AE21: =[26]人員・時間計画!$I$26 -> 0 | AF21: =[26]人員・時間計画!$I$11 -> 10 | AG21: =[26]人員・時間計画!$I$12 -> 0 | AH21: =[26]人員・時間計画!$J$25 -> 112 | AI21: =[26]人員・時間計画!$J$26 -> 0 | AJ21: =[26]人員・時間計画!$J$11 -> 10 | AK21: =[26]人員・時間計画!$J$12 -> 0 | AL21: =[26]人員・時間計画!$K$25 -> 124 | AM21: =[26]人員・時間計画!$K$26 -> 0 | AN21: =[26]人員・時間計画!$K$11 -> 10 | AO21: =[26]人員・時間計画!$K$12 -> 0 | AP21: =[26]人員・時間計画!$L$25 -> 114 | AQ21: =[26]人員・時間計画!$L$26 -> 0 | AR21: =[26]人員・時間計画!$L$11 -> 10 | AS21: =[26]人員・時間計画!$L$12 -> 0 | AT21: =[26]人員・時間計画!$M$25 -> 94 | AU21: =[26]人員・時間計画!$M$26 -> 0 | AV21: =[26]人員・時間計画!$M$11 -> 10 | AW21: =[26]人員・時間計画!$M$12 -> 0 | AX21: =[26]人員・時間計画!$N$25 -> 114 | AY21: =[26]人員・時間計画!$N$26 -> 0 | AZ21: =[26]人員・時間計画!$N$11 -> 10 | BA21: =[26]人員・時間計画!$N$12 -> 0
D22: =IF($A$1=1,Sheet1!C26,Sheet1!B26) -> 採算管理課 | E22: 1412000010 | F22: =[27]人員・時間計画!$C$25 -> 76 | G22: =[27]人員・時間計画!$C$26 -> 0 | H22: =[27]人員・時間計画!$C$11 -> 6 | I22: =[27]人員・時間計画!$C$12 -> 0 | J22: =[27]人員・時間計画!$D$25 -> 72 | K22: =[27]人員・時間計画!$D$26 -> 0 | L22: =[27]人員・時間計画!$D$11 -> 6 | M22: =[27]人員・時間計画!$D$12 -> 0 | N22: =[27]人員・時間計画!$E$25 -> 80 | O22: =[27]人員・時間計画!$E$26 -> 0 | P22: =[27]人員・時間計画!$E$11 -> 6 | Q22: =[27]人員・時間計画!$E$12 -> 0 | R22: =[27]人員・時間計画!$F$25 -> 88 | S22: =[27]人員・時間計画!$F$26 -> 0 | T22: =[27]人員・時間計画!$F$11 -> 6 | U22: =[27]人員・時間計画!$F$12 -> 0 | V22: =[27]人員・時間計画!$G$25 -> 76 | W22: =[27]人員・時間計画!$G$26 -> 0 | X22: =[27]人員・時間計画!$G$11 -> 6 | Y22: =[27]人員・時間計画!$G$12 -> 0 | Z22: =[27]人員・時間計画!$H$25 -> 84.75 | AA22: =[27]人員・時間計画!$H$26 -> 0 | AB22: =[27]人員・時間計画!$H$11 -> 6 | AC22: =[27]人員・時間計画!$H$12 -> 0 | AD22: =[27]人員・時間計画!$I$25 -> 88 | AE22: =[27]人員・時間計画!$I$26 -> 0 | AF22: =[27]人員・時間計画!$I$11 -> 6 | AG22: =[27]人員・時間計画!$I$12 -> 0 | AH22: =[27]人員・時間計画!$J$25 -> 76 | AI22: =[27]人員・時間計画!$J$26 -> 0 | AJ22: =[27]人員・時間計画!$J$11 -> 6 | AK22: =[27]人員・時間計画!$J$12 -> 0 | AL22: =[27]人員・時間計画!$K$25 -> 84 | AM22: =[27]人員・時間計画!$K$26 -> 0 | AN22: =[27]人員・時間計画!$K$11 -> 6 | AO22: =[27]人員・時間計画!$K$12 -> 0 | AP22: =[27]人員・時間計画!$L$25 -> 76 | AQ22: =[27]人員・時間計画!$L$26 -> 0 | AR22: =[27]人員・時間計画!$L$11 -> 6 | AS22: =[27]人員・時間計画!$L$12 -> 0 | AT22: =[27]人員・時間計画!$M$25 -> 60 | AU22: =[27]人員・時間計画!$M$26 -> 0 | AV22: =[27]人員・時間計画!$M$11 -> 6 | AW22: =[27]人員・時間計画!$M$12 -> 0 | AX22: =[27]人員・時間計画!$N$25 -> 88.75 | AY22: =[27]人員・時間計画!$N$26 -> 0 | AZ22: =[27]人員・時間計画!$N$11 -> 6 | BA22: =[27]人員・時間計画!$N$12 -> 0
D23: =IF($A$1=1,Sheet1!C27,Sheet1!B27) -> マスター管理課 | E23: 1412000054 | F23: =[28]人員・時間計画!$C$25 -> 152 | G23: =[28]人員・時間計画!$C$26 -> 0 | H23: =[28]人員・時間計画!$C$11 -> 15 | I23: =[28]人員・時間計画!$C$12 -> 1 | J23: =[28]人員・時間計画!$D$25 -> 144 | K23: =[28]人員・時間計画!$D$26 -> 0 | L23: =[28]人員・時間計画!$D$11 -> 16 | M23: =[28]人員・時間計画!$D$12 -> 1 | N23: =[28]人員・時間計画!$E$25 -> 160 | O23: =[28]人員・時間計画!$E$26 -> 0 | P23: =[28]人員・時間計画!$E$11 -> 16 | Q23: =[28]人員・時間計画!$E$12 -> 1 | R23: =[28]人員・時間計画!$F$25 -> 176 | S23: =[28]人員・時間計画!$F$26 -> 0 | T23: =[28]人員・時間計画!$F$11 -> 16 | U23: =[28]人員・時間計画!$F$12 -> 1 | V23: =[28]人員・時間計画!$G$25 -> 177.5 | W23: =[28]人員・時間計画!$G$26 -> 0 | X23: =[28]人員・時間計画!$G$11 -> 16 | Y23: =[28]人員・時間計画!$G$12 -> 1 | Z23: =[28]人員・時間計画!$H$25 -> 144 | AA23: =[28]人員・時間計画!$H$26 -> 0 | AB23: =[28]人員・時間計画!$H$11 -> 16 | AC23: =[28]人員・時間計画!$H$12 -> 1 | AD23: =[28]人員・時間計画!$I$25 -> 176 | AE23: =[28]人員・時間計画!$I$26 -> 0 | AF23: =[28]人員・時間計画!$I$11 -> 16 | AG23: =[28]人員・時間計画!$I$12 -> 1 | AH23: =[28]人員・時間計画!$J$25 -> 152 | AI23: =[28]人員・時間計画!$J$26 -> 0 | AJ23: =[28]人員・時間計画!$J$11 -> 16 | AK23: =[28]人員・時間計画!$J$12 -> 1 | AL23: =[28]人員・時間計画!$K$25 -> 168 | AM23: =[28]人員・時間計画!$K$26 -> 0 | AN23: =[28]人員・時間計画!$K$11 -> 16 | AO23: =[28]人員・時間計画!$K$12 -> 1 | AP23: =[28]人員・時間計画!$L$25 -> 152 | AQ23: =[28]人員・時間計画!$L$26 -> 0 | AR23: =[28]人員・時間計画!$L$11 -> 16 | AS23: =[28]人員・時間計画!$L$12 -> 1 | AT23: =[28]人員・時間計画!$M$25 -> 137.5 | AU23: =[28]人員・時間計画!$M$26 -> 0 | AV23: =[28]人員・時間計画!$M$11 -> 16 | AW23: =[28]人員・時間計画!$M$12 -> 1 | AX23: =[28]人員・時間計画!$N$25 -> 152 | AY23: =[28]人員・時間計画!$N$26 -> 0 | AZ23: =[28]人員・時間計画!$N$11 -> 16 | BA23: =[28]人員・時間計画!$N$12 -> 1
D24: =IF($A$1=1,Sheet1!C28,Sheet1!B28) -> OC管理課 | E24: 1412000094 | F24: =[29]人員・時間計画!$C$25 -> 40 | G24: =[29]人員・時間計画!$C$26 -> 0 | H24: =[29]人員・時間計画!$C$11 -> 3 | I24: =[29]人員・時間計画!$C$12 -> 0 | J24: =[29]人員・時間計画!$D$25 -> 38 | K24: =[29]人員・時間計画!$D$26 -> 0 | L24: =[29]人員・時間計画!$D$11 -> 3 | M24: =[29]人員・時間計画!$D$12 -> 0 | N24: =[29]人員・時間計画!$E$25 -> 42 | O24: =[29]人員・時間計画!$E$26 -> 0 | P24: =[29]人員・時間計画!$E$11 -> 3 | Q24: =[29]人員・時間計画!$E$12 -> 0 | R24: =[29]人員・時間計画!$F$25 -> 46 | S24: =[29]人員・時間計画!$F$26 -> 0 | T24: =[29]人員・時間計画!$F$11 -> 3 | U24: =[29]人員・時間計画!$F$12 -> 0 | V24: =[29]人員・時間計画!$G$25 -> 40 | W24: =[29]人員・時間計画!$G$26 -> 4 | X24: =[29]人員・時間計画!$G$11 -> 3 | Y24: =[29]人員・時間計画!$G$12 -> 0 | Z24: =[29]人員・時間計画!$H$25 -> 38 | AA24: =[29]人員・時間計画!$H$26 -> 0 | AB24: =[29]人員・時間計画!$H$11 -> 3 | AC24: =[29]人員・時間計画!$H$12 -> 0 | AD24: =[29]人員・時間計画!$I$25 -> 46 | AE24: =[29]人員・時間計画!$I$26 -> 0 | AF24: =[29]人員・時間計画!$I$11 -> 3 | AG24: =[29]人員・時間計画!$I$12 -> 0 | AH24: =[29]人員・時間計画!$J$25 -> 40 | AI24: =[29]人員・時間計画!$J$26 -> 0 | AJ24: =[29]人員・時間計画!$J$11 -> 3 | AK24: =[29]人員・時間計画!$J$12 -> 0 | AL24: =[29]人員・時間計画!$K$25 -> 44 | AM24: =[29]人員・時間計画!$K$26 -> 0 | AN24: =[29]人員・時間計画!$K$11 -> 3 | AO24: =[29]人員・時間計画!$K$12 -> 0 | AP24: =[29]人員・時間計画!$L$25 -> 40 | AQ24: =[29]人員・時間計画!$L$26 -> 0 | AR24: =[29]人員・時間計画!$L$11 -> 3 | AS24: =[29]人員・時間計画!$L$12 -> 0 | AT24: =[29]人員・時間計画!$M$25 -> 30 | AU24: =[29]人員・時間計画!$M$26 -> 4 | AV24: =[29]人員・時間計画!$M$11 -> 3 | AW24: =[29]人員・時間計画!$M$12 -> 0 | AX24: =[29]人員・時間計画!$N$25 -> 40 | AY24: =[29]人員・時間計画!$N$26 -> 0 | AZ24: =[29]人員・時間計画!$N$11 -> 3 | BA24: =[29]人員・時間計画!$N$12 -> 0
B25: 6371 | C25: =IF($A$1=1,Sheet1!D29,Sheet1!A29) -> 物流部
D26: =IF($A$1=1,Sheet1!C30,Sheet1!B30) -> 部品管理課 | E26: 1412000036 | F26: =[30]人員・時間計画!$C$25 -> 120 | G26: =[30]人員・時間計画!$C$26 -> 0 | H26: =[30]人員・時間計画!$C$11 -> 35 | I26: =[30]人員・時間計画!$C$12 -> 348 | J26: =[30]人員・時間計画!$D$25 -> 114 | K26: =[30]人員・時間計画!$D$26 -> 0 | L26: =[30]人員・時間計画!$D$11 -> 35 | M26: =[30]人員・時間計画!$D$12 -> 344 | N26: =[30]人員・時間計画!$E$25 -> 126 | O26: =[30]人員・時間計画!$E$26 -> 0 | P26: =[30]人員・時間計画!$E$11 -> 35 | Q26: =[30]人員・時間計画!$E$12 -> 342 | R26: =[30]人員・時間計画!$F$25 -> 138 | S26: =[30]人員・時間計画!$F$26 -> 0 | T26: =[30]人員・時間計画!$F$11 -> 38 | U26: =[30]人員・時間計画!$F$12 -> 337 | V26: =[30]人員・時間計画!$G$25 -> 443 | W26: =[30]人員・時間計画!$G$26 -> 1922 | X26: =[30]人員・時間計画!$G$11 -> 38 | Y26: =[30]人員・時間計画!$G$12 -> 337 | Z26: =[30]人員・時間計画!$H$25 -> 199 | AA26: =[30]人員・時間計画!$H$26 -> 2593 | AB26: =[30]人員・時間計画!$H$11 -> 38 | AC26: =[30]人員・時間計画!$H$12 -> 336 | AD26: =[30]人員・時間計画!$I$25 -> 223 | AE26: =[30]人員・時間計画!$I$26 -> 2619 | AF26: =[30]人員・時間計画!$I$11 -> 38 | AG26: =[30]人員・時間計画!$I$12 -> 334 | AH26: =[30]人員・時間計画!$J$25 -> 205 | AI26: =[30]人員・時間計画!$J$26 -> 1249 | AJ26: =[30]人員・時間計画!$J$11 -> 38 | AK26: =[30]人員・時間計画!$J$12 -> 332 | AL26: =[30]人員・時間計画!$K$25 -> 217 | AM26: =[30]人員・時間計画!$K$26 -> 2988 | AN26: =[30]人員・時間計画!$K$11 -> 38 | AO26: =[30]人員・時間計画!$K$12 -> 330 | AP26: =[30]人員・時間計画!$L$25 -> 205 | AQ26: =[30]人員・時間計画!$L$26 -> 3852 | AR26: =[30]人員・時間計画!$L$11 -> 38 | AS26: =[30]人員・時間計画!$L$12 -> 346 | AT26: =[30]人員・時間計画!$M$25 -> 413 | AU26: =[30]人員・時間計画!$M$26 -> 3456 | AV26: =[30]人員・時間計画!$M$11 -> 38 | AW26: =[30]人員・時間計画!$M$12 -> 361 | AX26: =[30]人員・時間計画!$N$25 -> 205 | AY26: =[30]人員・時間計画!$N$26 -> 3951 | AZ26: =[30]人員・時間計画!$N$11 -> 38 | BA26: =[30]人員・時間計画!$N$12 -> 359
D27: =IF($A$1=1,Sheet1!C32,Sheet1!B32) -> 物流管理課 | E27: 1412000073 | F27: =[31]人員・時間計画!$C$25 -> 0 | G27: =[31]人員・時間計画!$C$26 -> 0 | H27: =[31]人員・時間計画!$C$11 -> 12 | I27: =[31]人員・時間計画!$C$12 -> 5 | J27: =[31]人員・時間計画!$D$25 -> 0 | K27: =[31]人員・時間計画!$D$26 -> 0 | L27: =[31]人員・時間計画!$D$11 -> 12 | M27: =[31]人員・時間計画!$D$12 -> 5 | N27: =[31]人員・時間計画!$E$25 -> 0 | O27: =[31]人員・時間計画!$E$26 -> 0 | P27: =[31]人員・時間計画!$E$11 -> 12 | Q27: =[31]人員・時間計画!$E$12 -> 5 | R27: =[31]人員・時間計画!$F$25 -> 0 | S27: =[31]人員・時間計画!$F$26 -> 0 | T27: =[31]人員・時間計画!$F$11 -> 12 | U27: =[31]人員・時間計画!$F$12 -> 5 | V27: =[31]人員・時間計画!$G$25 -> 16 | W27: =[31]人員・時間計画!$G$26 -> 4 | X27: =[31]人員・時間計画!$G$11 -> 12 | Y27: =[31]人員・時間計画!$G$12 -> 5 | Z27: =[31]人員・時間計画!$H$25 -> 0 | AA27: =[31]人員・時間計画!$H$26 -> 0 | AB27: =[31]人員・時間計画!$H$11 -> 12 | AC27: =[31]人員・時間計画!$H$12 -> 5 | AD27: =[31]人員・時間計画!$I$25 -> 0 | AE27: =[31]人員・時間計画!$I$26 -> 0 | AF27: =[31]人員・時間計画!$I$11 -> 12 | AG27: =[31]人員・時間計画!$I$12 -> 5 | AH27: =[31]人員・時間計画!$J$25 -> 0 | AI27: =[31]人員・時間計画!$J$26 -> 0 | AJ27: =[31]人員・時間計画!$J$11 -> 12 | AK27: =[31]人員・時間計画!$J$12 -> 5 | AL27: =[31]人員・時間計画!$K$25 -> 0 | AM27: =[31]人員・時間計画!$K$26 -> 0 | AN27: =[31]人員・時間計画!$K$11 -> 12 | AO27: =[31]人員・時間計画!$K$12 -> 5 | AP27: =[31]人員・時間計画!$L$25 -> 0 | AQ27: =[31]人員・時間計画!$L$26 -> 0 | AR27: =[31]人員・時間計画!$L$11 -> 12 | AS27: =[31]人員・時間計画!$L$12 -> 5 | AT27: =[31]人員・時間計画!$M$25 -> 16 | AU27: =[31]人員・時間計画!$M$26 -> 2 | AV27: =[31]人員・時間計画!$M$11 -> 12 | AW27: =[31]人員・時間計画!$M$12 -> 5 | AX27: =[31]人員・時間計画!$N$25 -> 0 | AY27: =[31]人員・時間計画!$N$26 -> 0 | AZ27: =[31]人員・時間計画!$N$11 -> 12 | BA27: =[31]人員・時間計画!$N$12 -> 5
B28: 6371 | C28: =IF($A$1=1,Sheet1!D35,Sheet1!A35) -> 製造技術部
D29: =IF($A$1=1,Sheet1!C36,Sheet1!B36) -> メカ製造技術1課 | E29: 1412000006 | F29: =[32]人員・時間計画!$C$25 -> 130 | G29: =[32]人員・時間計画!$C$26 -> 0 | H29: =[32]人員・時間計画!$C$11 -> 14 | I29: =[32]人員・時間計画!$C$12 -> 0 | J29: =[32]人員・時間計画!$D$25 -> 128 | K29: =[32]人員・時間計画!$D$26 -> 0 | L29: =[32]人員・時間計画!$D$11 -> 14 | M29: =[32]人員・時間計画!$D$12 -> 0 | N29: =[32]人員・時間計画!$E$25 -> 82 | O29: =[32]人員・時間計画!$E$26 -> 0 | P29: =[32]人員・時間計画!$E$11 -> 14 | Q29: =[32]人員・時間計画!$E$12 -> 0 | R29: =[32]人員・時間計画!$F$25 -> 144 | S29: =[32]人員・時間計画!$F$26 -> 0 | T29: =[32]人員・時間計画!$F$11 -> 14 | U29: =[32]人員・時間計画!$F$12 -> 0 | V29: =[32]人員・時間計画!$G$25 -> 132 | W29: =[32]人員・時間計画!$G$26 -> 0 | X29: =[32]人員・時間計画!$G$11 -> 15 | Y29: =[32]人員・時間計画!$G$12 -> 0 | Z29: =[32]人員・時間計画!$H$25 -> 126 | AA29: =[32]人員・時間計画!$H$26 -> 0 | AB29: =[32]人員・時間計画!$H$11 -> 15 | AC29: =[32]人員・時間計画!$H$12 -> 0 | AD29: =[32]人員・時間計画!$I$25 -> 198 | AE29: =[32]人員・時間計画!$I$26 -> 0 | AF29: =[32]人員・時間計画!$I$11 -> 15 | AG29: =[32]人員・時間計画!$I$12 -> 0 | AH29: =[32]人員・時間計画!$J$25 -> 78 | AI29: =[32]人員・時間計画!$J$26 -> 0 | AJ29: =[32]人員・時間計画!$J$11 -> 15 | AK29: =[32]人員・時間計画!$J$12 -> 0 | AL29: =[32]人員・時間計画!$K$25 -> 84 | AM29: =[32]人員・時間計画!$K$26 -> 0 | AN29: =[32]人員・時間計画!$K$11 -> 15 | AO29: =[32]人員・時間計画!$K$12 -> 0 | AP29: =[32]人員・時間計画!$L$25 -> 76 | AQ29: =[32]人員・時間計画!$L$26 -> 0 | AR29: =[32]人員・時間計画!$L$11 -> 15 | AS29: =[32]人員・時間計画!$L$12 -> 0 | AT29: =[32]人員・時間計画!$M$25 -> 164 | AU29: =[32]人員・時間計画!$M$26 -> 0 | AV29: =[32]人員・時間計画!$M$11 -> 15 | AW29: =[32]人員・時間計画!$M$12 -> 0 | AX29: =[32]人員・時間計画!$N$25 -> 78 | AY29: =[32]人員・時間計画!$N$26 -> 0 | AZ29: =[32]人員・時間計画!$N$11 -> 15 | BA29: =[32]人員・時間計画!$N$12 -> 0
D30: =IF($A$1=1,Sheet1!C37,Sheet1!B37) -> メカ製造技術2課 | E30: 1412000039 | F30: =[33]人員・時間計画!$C$25 -> 118 | G30: =[33]人員・時間計画!$C$26 -> 0 | H30: =[33]人員・時間計画!$C$11 -> 19 | I30: =[33]人員・時間計画!$C$12 -> 0 | J30: =[33]人員・時間計画!$D$25 -> 114 | K30: =[33]人員・時間計画!$D$26 -> 0 | L30: =[33]人員・時間計画!$D$11 -> 21 | M30: =[33]人員・時間計画!$D$12 -> 0 | N30: =[33]人員・時間計画!$E$25 -> 171 | O30: =[33]人員・時間計画!$E$26 -> 0 | P30: =[33]人員・時間計画!$E$11 -> 21 | Q30: =[33]人員・時間計画!$E$12 -> 0 | R30: =[33]人員・時間計画!$F$25 -> 188 | S30: =[33]人員・時間計画!$F$26 -> 0 | T30: =[33]人員・時間計画!$F$11 -> 21 | U30: =[33]人員・時間計画!$F$12 -> 0 | V30: =[33]人員・時間計画!$G$25 -> 120 | W30: =[33]人員・時間計画!$G$26 -> 0 | X30: =[33]人員・時間計画!$G$11 -> 21 | Y30: =[33]人員・時間計画!$G$12 -> 0 | Z30: =[33]人員・時間計画!$H$25 -> 112 | AA30: =[33]人員・時間計画!$H$26 -> 0 | AB30: =[33]人員・時間計画!$H$11 -> 21 | AC30: =[33]人員・時間計画!$H$12 -> 0 | AD30: =[33]人員・時間計画!$I$25 -> 138 | AE30: =[33]人員・時間計画!$I$26 -> 0 | AF30: =[33]人員・時間計画!$I$11 -> 21 | AG30: =[33]人員・時間計画!$I$12 -> 0 | AH30: =[33]人員・時間計画!$J$25 -> 120 | AI30: =[33]人員・時間計画!$J$26 -> 0 | AJ30: =[33]人員・時間計画!$J$11 -> 21 | AK30: =[33]人員・時間計画!$J$12 -> 0 | AL30: =[33]人員・時間計画!$K$25 -> 130 | AM30: =[33]人員・時間計画!$K$26 -> 0 | AN30: =[33]人員・時間計画!$K$11 -> 21 | AO30: =[33]人員・時間計画!$K$12 -> 0 | AP30: =[33]人員・時間計画!$L$25 -> 120 | AQ30: =[33]人員・時間計画!$L$26 -> 0 | AR30: =[33]人員・時間計画!$L$11 -> 21 | AS30: =[33]人員・時間計画!$L$12 -> 0 | AT30: =[33]人員・時間計画!$M$25 -> 90 | AU30: =[33]人員・時間計画!$M$26 -> 0 | AV30: =[33]人員・時間計画!$M$11 -> 21 | AW30: =[33]人員・時間計画!$M$12 -> 0 | AX30: =[33]人員・時間計画!$N$25 -> 341 | AY30: =[33]人員・時間計画!$N$26 -> 0 | AZ30: =[33]人員・時間計画!$N$11 -> 21 | BA30: =[33]人員・時間計画!$N$12 -> 0
D31: =IF($A$1=1,Sheet1!C38,Sheet1!B38) -> メカ製造技術3課 | E31: 1412000089 | F31: =[34]人員・時間計画!$C$25 -> 80 | G31: =[34]人員・時間計画!$C$26 -> 0 | H31: =[34]人員・時間計画!$C$11 -> 13 | I31: =[34]人員・時間計画!$C$12 -> 0 | J31: =[34]人員・時間計画!$D$25 -> 74 | K31: =[34]人員・時間計画!$D$26 -> 0 | L31: =[34]人員・時間計画!$D$11 -> 13 | M31: =[34]人員・時間計画!$D$12 -> 0 | N31: =[34]人員・時間計画!$E$25 -> 127 | O31: =[34]人員・時間計画!$E$26 -> 0 | P31: =[34]人員・時間計画!$E$11 -> 13 | Q31: =[34]人員・時間計画!$E$12 -> 0 | R31: =[34]人員・時間計画!$F$25 -> 137 | S31: =[34]人員・時間計画!$F$26 -> 0 | T31: =[34]人員・時間計画!$F$11 -> 13 | U31: =[34]人員・時間計画!$F$12 -> 0 | V31: =[34]人員・時間計画!$G$25 -> 78 | W31: =[34]人員・時間計画!$G$26 -> 0 | X31: =[34]人員・時間計画!$G$11 -> 13 | Y31: =[34]人員・時間計画!$G$12 -> 0 | Z31: =[34]人員・時間計画!$H$25 -> 76 | AA31: =[34]人員・時間計画!$H$26 -> 0 | AB31: =[34]人員・時間計画!$H$11 -> 13 | AC31: =[34]人員・時間計画!$H$12 -> 0 | AD31: =[34]人員・時間計画!$I$25 -> 120 | AE31: =[34]人員・時間計画!$I$26 -> 0 | AF31: =[34]人員・時間計画!$I$11 -> 13 | AG31: =[34]人員・時間計画!$I$12 -> 0 | AH31: =[34]人員・時間計画!$J$25 -> 125 | AI31: =[34]人員・時間計画!$J$26 -> 0 | AJ31: =[34]人員・時間計画!$J$11 -> 13 | AK31: =[34]人員・時間計画!$J$12 -> 0 | AL31: =[34]人員・時間計画!$K$25 -> 86 | AM31: =[34]人員・時間計画!$K$26 -> 0 | AN31: =[34]人員・時間計画!$K$11 -> 13 | AO31: =[34]人員・時間計画!$K$12 -> 0 | AP31: =[34]人員・時間計画!$L$25 -> 80 | AQ31: =[34]人員・時間計画!$L$26 -> 0 | AR31: =[34]人員・時間計画!$L$11 -> 13 | AS31: =[34]人員・時間計画!$L$12 -> 0 | AT31: =[34]人員・時間計画!$M$25 -> 60 | AU31: =[34]人員・時間計画!$M$26 -> 0 | AV31: =[34]人員・時間計画!$M$11 -> 13 | AW31: =[34]人員・時間計画!$M$12 -> 0 | AX31: =[34]人員・時間計画!$N$25 -> 125 | AY31: =[34]人員・時間計画!$N$26 -> 0 | AZ31: =[34]人員・時間計画!$N$11 -> 13 | BA31: =[34]人員・時間計画!$N$12 -> 0
D32: =IF($A$1=1,Sheet1!C39,Sheet1!B39) -> メカ製造技術4課 | F32: =[35]人員・時間計画!$C$25 -> 40 | G32: =[35]人員・時間計画!$C$26 -> 0 | H32: =[35]人員・時間計画!$C$11 -> 9 | I32: =[35]人員・時間計画!$C$12 -> 0 | J32: =[35]人員・時間計画!$D$25 -> 50 | K32: =[35]人員・時間計画!$D$26 -> 0 | L32: =[35]人員・時間計画!$D$11 -> 9 | M32: =[35]人員・時間計画!$D$12 -> 0 | N32: =[35]人員・時間計画!$E$25 -> 42 | O32: =[35]人員・時間計画!$E$26 -> 0 | P32: =[35]人員・時間計画!$E$11 -> 9 | Q32: =[35]人員・時間計画!$E$12 -> 0 | R32: =[35]人員・時間計画!$F$25 -> 52 | S32: =[35]人員・時間計画!$F$26 -> 0 | T32: =[35]人員・時間計画!$F$11 -> 9 | U32: =[35]人員・時間計画!$F$12 -> 0 | V32: =[35]人員・時間計画!$G$25 -> 46 | W32: =[35]人員・時間計画!$G$26 -> 0 | X32: =[35]人員・時間計画!$G$11 -> 9 | Y32: =[35]人員・時間計画!$G$12 -> 0 | Z32: =[35]人員・時間計画!$H$25 -> 38 | AA32: =[35]人員・時間計画!$H$26 -> 0 | AB32: =[35]人員・時間計画!$H$11 -> 9 | AC32: =[35]人員・時間計画!$H$12 -> 0 | AD32: =[35]人員・時間計画!$I$25 -> 58 | AE32: =[35]人員・時間計画!$I$26 -> 0 | AF32: =[35]人員・時間計画!$I$11 -> 9 | AG32: =[35]人員・時間計画!$I$12 -> 0 | AH32: =[35]人員・時間計画!$J$25 -> 40 | AI32: =[35]人員・時間計画!$J$26 -> 0 | AJ32: =[35]人員・時間計画!$J$11 -> 9 | AK32: =[35]人員・時間計画!$J$12 -> 0 | AL32: =[35]人員・時間計画!$K$25 -> 50 | AM32: =[35]人員・時間計画!$K$26 -> 0 | AN32: =[35]人員・時間計画!$K$11 -> 9 | AO32: =[35]人員・時間計画!$K$12 -> 0 | AP32: =[35]人員・時間計画!$L$25 -> 40 | AQ32: =[35]人員・時間計画!$L$26 -> 0 | AR32: =[35]人員・時間計画!$L$11 -> 9 | AS32: =[35]人員・時間計画!$L$12 -> 0 | AT32: =[35]人員・時間計画!$M$25 -> 30 | AU32: =[35]人員・時間計画!$M$26 -> 0 | AV32: =[35]人員・時間計画!$M$11 -> 9 | AW32: =[35]人員・時間計画!$M$12 -> 0 | AX32: =[35]人員・時間計画!$N$25 -> 40 | AY32: =[35]人員・時間計画!$N$26 -> 0 | AZ32: =[35]人員・時間計画!$N$11 -> 9 | BA32: =[35]人員・時間計画!$N$12 -> 0
D33: =IF($A$1=1,Sheet1!C40,Sheet1!B40) -> 電気製造技術課 | E33: 1412000040 | F33: =[36]人員・時間計画!$C$25 -> 167 | G33: =[36]人員・時間計画!$C$26 -> 0 | H33: =[36]人員・時間計画!$C$11 -> 18 | I33: =[36]人員・時間計画!$C$12 -> 0 | J33: =[36]人員・時間計画!$D$25 -> 171 | K33: =[36]人員・時間計画!$D$26 -> 0 | L33: =[36]人員・時間計画!$D$11 -> 18 | M33: =[36]人員・時間計画!$D$12 -> 0 | N33: =[36]人員・時間計画!$E$25 -> 201 | O33: =[36]人員・時間計画!$E$26 -> 0 | P33: =[36]人員・時間計画!$E$11 -> 18 | Q33: =[36]人員・時間計画!$E$12 -> 0 | R33: =[36]人員・時間計画!$F$25 -> 191 | S33: =[36]人員・時間計画!$F$26 -> 0 | T33: =[36]人員・時間計画!$F$11 -> 18 | U33: =[36]人員・時間計画!$F$12 -> 0 | V33: =[36]人員・時間計画!$G$25 -> 177 | W33: =[36]人員・時間計画!$G$26 -> 0 | X33: =[36]人員・時間計画!$G$11 -> 18 | Y33: =[36]人員・時間計画!$G$12 -> 0 | Z33: =[36]人員・時間計画!$H$25 -> 191 | AA33: =[36]人員・時間計画!$H$26 -> 0 | AB33: =[36]人員・時間計画!$H$11 -> 18 | AC33: =[36]人員・時間計画!$H$12 -> 0 | AD33: =[36]人員・時間計画!$I$25 -> 215 | AE33: =[36]人員・時間計画!$I$26 -> 0 | AF33: =[36]人員・時間計画!$I$11 -> 18 | AG33: =[36]人員・時間計画!$I$12 -> 0 | AH33: =[36]人員・時間計画!$J$25 -> 167 | AI33: =[36]人員・時間計画!$J$26 -> 0 | AJ33: =[36]人員・時間計画!$J$11 -> 18 | AK33: =[36]人員・時間計画!$J$12 -> 0 | AL33: =[36]人員・時間計画!$K$25 -> 189 | AM33: =[36]人員・時間計画!$K$26 -> 0 | AN33: =[36]人員・時間計画!$K$11 -> 18 | AO33: =[36]人員・時間計画!$K$12 -> 0 | AP33: =[36]人員・時間計画!$L$25 -> 214 | AQ33: =[36]人員・時間計画!$L$26 -> 0 | AR33: =[36]人員・時間計画!$L$11 -> 18 | AS33: =[36]人員・時間計画!$L$12 -> 0 | AT33: =[36]人員・時間計画!$M$25 -> 176 | AU33: =[36]人員・時間計画!$M$26 -> 0 | AV33: =[36]人員・時間計画!$M$11 -> 18 | AW33: =[36]人員・時間計画!$M$12 -> 0 | AX33: =[36]人員・時間計画!$N$25 -> 167 | AY33: =[36]人員・時間計画!$N$26 -> 0 | AZ33: =[36]人員・時間計画!$N$11 -> 18 | BA33: =[36]人員・時間計画!$N$12 -> 0
B34: 6371 | C34: =IF($A$1=1,Sheet1!D41,Sheet1!A41) -> 外製品質管理部
D35: =IF($A$1=1,Sheet1!C42,Sheet1!B42) -> 部品検査1課 | E35: 1412000013 | F35: =[37]人員・時間計画!$C$25 -> 425 | G35: =[37]人員・時間計画!$C$26 -> 2370 | H35: =[37]人員・時間計画!$C$11 -> 25 | I35: =[37]人員・時間計画!$C$12 -> 79 | J35: =[37]人員・時間計画!$D$25 -> 421 | K35: =[37]人員・時間計画!$D$26 -> 2370 | L35: =[37]人員・時間計画!$D$11 -> 25 | M35: =[37]人員・時間計画!$D$12 -> 79 | N35: =[37]人員・時間計画!$E$25 -> 429 | O35: =[37]人員・時間計画!$E$26 -> 2370 | P35: =[37]人員・時間計画!$E$11 -> 25 | Q35: =[37]人員・時間計画!$E$12 -> 79 | R35: =[37]人員・時間計画!$F$25 -> 437 | S35: =[37]人員・時間計画!$F$26 -> 2370 | T35: =[37]人員・時間計画!$F$11 -> 25 | U35: =[37]人員・時間計画!$F$12 -> 79 | V35: =[37]人員・時間計画!$G$25 -> 425 | W35: =[37]人員・時間計画!$G$26 -> 2370 | X35: =[37]人員・時間計画!$G$11 -> 25 | Y35: =[37]人員・時間計画!$G$12 -> 79 | Z35: =[37]人員・時間計画!$H$25 -> 421 | AA35: =[37]人員・時間計画!$H$26 -> 2370 | AB35: =[37]人員・時間計画!$H$11 -> 25 | AC35: =[37]人員・時間計画!$H$12 -> 79 | AD35: =[37]人員・時間計画!$I$25 -> 437 | AE35: =[37]人員・時間計画!$I$26 -> 2370 | AF35: =[37]人員・時間計画!$I$11 -> 25 | AG35: =[37]人員・時間計画!$I$12 -> 79 | AH35: =[37]人員・時間計画!$J$25 -> 425 | AI35: =[37]人員・時間計画!$J$26 -> 2370 | AJ35: =[37]人員・時間計画!$J$11 -> 25 | AK35: =[37]人員・時間計画!$J$12 -> 79 | AL35: =[37]人員・時間計画!$K$25 -> 433 | AM35: =[37]人員・時間計画!$K$26 -> 2370 | AN35: =[37]人員・時間計画!$K$11 -> 25 | AO35: =[37]人員・時間計画!$K$12 -> 79 | AP35: =[37]人員・時間計画!$L$25 -> 425 | AQ35: =[37]人員・時間計画!$L$26 -> 2370 | AR35: =[37]人員・時間計画!$L$11 -> 25 | AS35: =[37]人員・時間計画!$L$12 -> 79 | AT35: =[37]人員・時間計画!$M$25 -> 405 | AU35: =[37]人員・時間計画!$M$26 -> 2370 | AV35: =[37]人員・時間計画!$M$11 -> 25 | AW35: =[37]人員・時間計画!$M$12 -> 79 | AX35: =[37]人員・時間計画!$N$25 -> 425 | AY35: =[37]人員・時間計画!$N$26 -> 2370 | AZ35: =[37]人員・時間計画!$N$11 -> 25 | BA35: =[37]人員・時間計画!$N$12 -> 79
D36: =IF($A$1=1,Sheet1!C43,Sheet1!B43) -> 部品検査2課 | E36: 1412000092 | F36: =[38]人員・時間計画!$C$25 -> 480 | G36: =[38]人員・時間計画!$C$26 -> 440 | H36: =[38]人員・時間計画!$C$11 -> 23 | I36: =[38]人員・時間計画!$C$12 -> 22 | J36: =[38]人員・時間計画!$D$25 -> 478 | K36: =[38]人員・時間計画!$D$26 -> 440 | L36: =[38]人員・時間計画!$D$11 -> 23 | M36: =[38]人員・時間計画!$D$12 -> 22 | N36: =[38]人員・時間計画!$E$25 -> 482 | O36: =[38]人員・時間計画!$E$26 -> 480 | P36: =[38]人員・時間計画!$E$11 -> 23 | Q36: =[38]人員・時間計画!$E$12 -> 24 | R36: =[38]人員・時間計画!$F$25 -> 486 | S36: =[38]人員・時間計画!$F$26 -> 480 | T36: =[38]人員・時間計画!$F$11 -> 23 | U36: =[38]人員・時間計画!$F$12 -> 24 | V36: =[38]人員・時間計画!$G$25 -> 480 | W36: =[38]人員・時間計画!$G$26 -> 480 | X36: =[38]人員・時間計画!$G$11 -> 23 | Y36: =[38]人員・時間計画!$G$12 -> 24 | Z36: =[38]人員・時間計画!$H$25 -> 478 | AA36: =[38]人員・時間計画!$H$26 -> 480 | AB36: =[38]人員・時間計画!$H$11 -> 23 | AC36: =[38]人員・時間計画!$H$12 -> 24 | AD36: =[38]人員・時間計画!$I$25 -> 486 | AE36: =[38]人員・時間計画!$I$26 -> 480 | AF36: =[38]人員・時間計画!$I$11 -> 23 | AG36: =[38]人員・時間計画!$I$12 -> 24 | AH36: =[38]人員・時間計画!$J$25 -> 480 | AI36: =[38]人員・時間計画!$J$26 -> 480 | AJ36: =[38]人員・時間計画!$J$11 -> 23 | AK36: =[38]人員・時間計画!$J$12 -> 24 | AL36: =[38]人員・時間計画!$K$25 -> 484 | AM36: =[38]人員・時間計画!$K$26 -> 480 | AN36: =[38]人員・時間計画!$K$11 -> 23 | AO36: =[38]人員・時間計画!$K$12 -> 24 | AP36: =[38]人員・時間計画!$L$25 -> 480 | AQ36: =[38]人員・時間計画!$L$26 -> 480 | AR36: =[38]人員・時間計画!$L$11 -> 23 | AS36: =[38]人員・時間計画!$L$12 -> 24 | AT36: =[38]人員・時間計画!$M$25 -> 470 | AU36: =[38]人員・時間計画!$M$26 -> 480 | AV36: =[38]人員・時間計画!$M$11 -> 23 | AW36: =[38]人員・時間計画!$M$12 -> 24 | AX36: =[38]人員・時間計画!$N$25 -> 480 | AY36: =[38]人員・時間計画!$N$26 -> 480 | AZ36: =[38]人員・時間計画!$N$11 -> 23 | BA36: =[38]人員・時間計画!$N$12 -> 24
D37: =IF($A$1=1,Sheet1!C44,Sheet1!B44) -> 外製管理課 | E37: 1412000035 | F37: =[39]人員・時間計画!$C$25 -> 444 | G37: =[39]人員・時間計画!$C$26 -> 60 | H37: =[39]人員・時間計画!$C$11 -> 25 | I37: =[39]人員・時間計画!$C$12 -> 4 | J37: =[39]人員・時間計画!$D$25 -> 468 | K37: =[39]人員・時間計画!$D$26 -> 60 | L37: =[39]人員・時間計画!$D$11 -> 27 | M37: =[39]人員・時間計画!$D$12 -> 4 | N37: =[39]人員・時間計画!$E$25 -> 510 | O37: =[39]人員・時間計画!$E$26 -> 60 | P37: =[39]人員・時間計画!$E$11 -> 29 | Q37: =[39]人員・時間計画!$E$12 -> 4 | R37: =[39]人員・時間計画!$F$25 -> 595 | S37: =[39]人員・時間計画!$F$26 -> 60 | T37: =[39]人員・時間計画!$F$11 -> 30 | U37: =[39]人員・時間計画!$F$12 -> 4 | V37: =[39]人員・時間計画!$G$25 -> 565 | W37: =[39]人員・時間計画!$G$26 -> 60 | X37: =[39]人員・時間計画!$G$11 -> 30 | Y37: =[39]人員・時間計画!$G$12 -> 4 | Z37: =[39]人員・時間計画!$H$25 -> 570 | AA37: =[39]人員・時間計画!$H$26 -> 60 | AB37: =[39]人員・時間計画!$H$11 -> 31 | AC37: =[39]人員・時間計画!$H$12 -> 4 | AD37: =[39]人員・時間計画!$I$25 -> 625 | AE37: =[39]人員・時間計画!$I$26 -> 60 | AF37: =[39]人員・時間計画!$I$11 -> 32 | AG37: =[39]人員・時間計画!$I$12 -> 4 | AH37: =[39]人員・時間計画!$J$25 -> 595 | AI37: =[39]人員・時間計画!$J$26 -> 60 | AJ37: =[39]人員・時間計画!$J$11 -> 32 | AK37: =[39]人員・時間計画!$J$12 -> 4 | AL37: =[39]人員・時間計画!$K$25 -> 615 | AM37: =[39]人員・時間計画!$K$26 -> 60 | AN37: =[39]人員・時間計画!$K$11 -> 32 | AO37: =[39]人員・時間計画!$K$12 -> 4 | AP37: =[39]人員・時間計画!$L$25 -> 595 | AQ37: =[39]人員・時間計画!$L$26 -> 60 | AR37: =[39]人員・時間計画!$L$11 -> 32 | AS37: =[39]人員・時間計画!$L$12 -> 4 | AT37: =[39]人員・時間計画!$M$25 -> 545 | AU37: =[39]人員・時間計画!$M$26 -> 60 | AV37: =[39]人員・時間計画!$M$11 -> 32 | AW37: =[39]人員・時間計画!$M$12 -> 4 | AX37: =[39]人員・時間計画!$N$25 -> 595 | AY37: =[39]人員・時間計画!$N$26 -> 60 | AZ37: =[39]人員・時間計画!$N$11 -> 32 | BA37: =[39]人員・時間計画!$N$12 -> 4
C38: 部品技術部
D39: =IF('6221'!$A$1=1,Sheet1!C23,Sheet1!B23) -> 部品技術課 | E39: 1412000067 | F39: =[40]人員・時間計画!$C$25 -> 40 | G39: =[40]人員・時間計画!$C$26 -> 0 | H39: =[40]人員・時間計画!$C$11 -> 21 | I39: =[40]人員・時間計画!$C$12 -> 0 | J39: =[40]人員・時間計画!$D$25 -> 38 | K39: =[40]人員・時間計画!$D$26 -> 0 | L39: =[40]人員・時間計画!$D$11 -> 21 | M39: =[40]人員・時間計画!$D$12 -> 0 | N39: =[40]人員・時間計画!$E$25 -> 52 | O39: =[40]人員・時間計画!$E$26 -> 0 | P39: =[40]人員・時間計画!$E$11 -> 21 | Q39: =[40]人員・時間計画!$E$12 -> 0 | R39: =[40]人員・時間計画!$F$25 -> 56 | S39: =[40]人員・時間計画!$F$26 -> 0 | T39: =[40]人員・時間計画!$F$11 -> 21 | U39: =[40]人員・時間計画!$F$12 -> 0 | V39: =[40]人員・時間計画!$G$25 -> 40 | W39: =[40]人員・時間計画!$G$26 -> 0 | X39: =[40]人員・時間計画!$G$11 -> 23 | Y39: =[40]人員・時間計画!$G$12 -> 0 | Z39: =[40]人員・時間計画!$H$25 -> 38 | AA39: =[40]人員・時間計画!$H$26 -> 0 | AB39: =[40]人員・時間計画!$H$11 -> 23 | AC39: =[40]人員・時間計画!$H$12 -> 0 | AD39: =[40]人員・時間計画!$I$25 -> 56 | AE39: =[40]人員・時間計画!$I$26 -> 0 | AF39: =[40]人員・時間計画!$I$11 -> 23 | AG39: =[40]人員・時間計画!$I$12 -> 0 | AH39: =[40]人員・時間計画!$J$25 -> 50 | AI39: =[40]人員・時間計画!$J$26 -> 0 | AJ39: =[40]人員・時間計画!$J$11 -> 23 | AK39: =[40]人員・時間計画!$J$12 -> 0 | AL39: =[40]人員・時間計画!$K$25 -> 44 | AM39: =[40]人員・時間計画!$K$26 -> 0 | AN39: =[40]人員・時間計画!$K$11 -> 23 | AO39: =[40]人員・時間計画!$K$12 -> 0 | AP39: =[40]人員・時間計画!$L$25 -> 40 | AQ39: =[40]人員・時間計画!$L$26 -> 0 | AR39: =[40]人員・時間計画!$L$11 -> 23 | AS39: =[40]人員・時間計画!$L$12 -> 0 | AT39: =[40]人員・時間計画!$M$25 -> 30 | AU39: =[40]人員・時間計画!$M$26 -> 0 | AV39: =[40]人員・時間計画!$M$11 -> 23 | AW39: =[40]人員・時間計画!$M$12 -> 0 | AX39: =[40]人員・時間計画!$N$25 -> 40 | AY39: =[40]人員・時間計画!$N$26 -> 0 | AZ39: =[40]人員・時間計画!$N$11 -> 23 | BA39: =[40]人員・時間計画!$N$12 -> 0
B40: 6371 | C40: =IF($A$1=1,Sheet1!D45,Sheet1!A45) -> 生産技術部
D41: =IF($A$1=1,Sheet1!C46,Sheet1!B46) -> 生産技術1課 | E41: 1412000016 | F41: =[41]人員・時間計画!$C$25 -> 200 | G41: =[41]人員・時間計画!$C$26 -> 0 | H41: =[41]人員・時間計画!$C$11 -> 16 | I41: =[41]人員・時間計画!$C$12 -> 0 | J41: =[41]人員・時間計画!$D$25 -> 200 | K41: =[41]人員・時間計画!$D$26 -> 0 | L41: =[41]人員・時間計画!$D$11 -> 17 | M41: =[41]人員・時間計画!$D$12 -> 0 | N41: =[41]人員・時間計画!$E$25 -> 250 | O41: =[41]人員・時間計画!$E$26 -> 0 | P41: =[41]人員・時間計画!$E$11 -> 17 | Q41: =[41]人員・時間計画!$E$12 -> 0 | R41: =[41]人員・時間計画!$F$25 -> 300 | S41: =[41]人員・時間計画!$F$26 -> 0 | T41: =[41]人員・時間計画!$F$11 -> 17 | U41: =[41]人員・時間計画!$F$12 -> 0 | V41: =[41]人員・時間計画!$G$25 -> 250 | W41: =[41]人員・時間計画!$G$26 -> 0 | X41: =[41]人員・時間計画!$G$11 -> 17 | Y41: =[41]人員・時間計画!$G$12 -> 0 | Z41: =[41]人員・時間計画!$H$25 -> 250 | AA41: =[41]人員・時間計画!$H$26 -> 0 | AB41: =[41]人員・時間計画!$H$11 -> 17 | AC41: =[41]人員・時間計画!$H$12 -> 0 | AD41: =[41]人員・時間計画!$I$25 -> 300 | AE41: =[41]人員・時間計画!$I$26 -> 0 | AF41: =[41]人員・時間計画!$I$11 -> 17 | AG41: =[41]人員・時間計画!$I$12 -> 0 | AH41: =[41]人員・時間計画!$J$25 -> 300 | AI41: =[41]人員・時間計画!$J$26 -> 0 | AJ41: =[41]人員・時間計画!$J$11 -> 17 | AK41: =[41]人員・時間計画!$J$12 -> 0 | AL41: =[41]人員・時間計画!$K$25 -> 250 | AM41: =[41]人員・時間計画!$K$26 -> 0 | AN41: =[41]人員・時間計画!$K$11 -> 17 | AO41: =[41]人員・時間計画!$K$12 -> 0 | AP41: =[41]人員・時間計画!$L$25 -> 200 | AQ41: =[41]人員・時間計画!$L$26 -> 0 | AR41: =[41]人員・時間計画!$L$11 -> 17 | AS41: =[41]人員・時間計画!$L$12 -> 0 | AT41: =[41]人員・時間計画!$M$25 -> 150 | AU41: =[41]人員・時間計画!$M$26 -> 0 | AV41: =[41]人員・時間計画!$M$11 -> 17 | AW41: =[41]人員・時間計画!$M$12 -> 0 | AX41: =[41]人員・時間計画!$N$25 -> 200 | AY41: =[41]人員・時間計画!$N$26 -> 0 | AZ41: =[41]人員・時間計画!$N$11 -> 17 | BA41: =[41]人員・時間計画!$N$12 -> 0
D42: =IF($A$1=1,Sheet1!C47,Sheet1!B47) -> 生産技術2課 | E42: 1412000069 | F42: =[42]人員・時間計画!$C$25 -> 80 | G42: =[42]人員・時間計画!$C$26 -> 0 | H42: =[42]人員・時間計画!$C$11 -> 12 | I42: =[42]人員・時間計画!$C$12 -> 0 | J42: =[42]人員・時間計画!$D$25 -> 80 | K42: =[42]人員・時間計画!$D$26 -> 0 | L42: =[42]人員・時間計画!$D$11 -> 13 | M42: =[42]人員・時間計画!$D$12 -> 0 | N42: =[42]人員・時間計画!$E$25 -> 80 | O42: =[42]人員・時間計画!$E$26 -> 0 | P42: =[42]人員・時間計画!$E$11 -> 13 | Q42: =[42]人員・時間計画!$E$12 -> 0 | R42: =[42]人員・時間計画!$F$25 -> 100 | S42: =[42]人員・時間計画!$F$26 -> 0 | T42: =[42]人員・時間計画!$F$11 -> 13 | U42: =[42]人員・時間計画!$F$12 -> 0 | V42: =[42]人員・時間計画!$G$25 -> 100 | W42: =[42]人員・時間計画!$G$26 -> 0 | X42: =[42]人員・時間計画!$G$11 -> 13 | Y42: =[42]人員・時間計画!$G$12 -> 0 | Z42: =[42]人員・時間計画!$H$25 -> 100 | AA42: =[42]人員・時間計画!$H$26 -> 0 | AB42: =[42]人員・時間計画!$H$11 -> 13 | AC42: =[42]人員・時間計画!$H$12 -> 0 | AD42: =[42]人員・時間計画!$I$25 -> 100 | AE42: =[42]人員・時間計画!$I$26 -> 0 | AF42: =[42]人員・時間計画!$I$11 -> 13 | AG42: =[42]人員・時間計画!$I$12 -> 0 | AH42: =[42]人員・時間計画!$J$25 -> 100 | AI42: =[42]人員・時間計画!$J$26 -> 0 | AJ42: =[42]人員・時間計画!$J$11 -> 13 | AK42: =[42]人員・時間計画!$J$12 -> 0 | AL42: =[42]人員・時間計画!$K$25 -> 100 | AM42: =[42]人員・時間計画!$K$26 -> 0 | AN42: =[42]人員・時間計画!$K$11 -> 13 | AO42: =[42]人員・時間計画!$K$12 -> 0 | AP42: =[42]人員・時間計画!$L$25 -> 80 | AQ42: =[42]人員・時間計画!$L$26 -> 0 | AR42: =[42]人員・時間計画!$L$11 -> 13 | AS42: =[42]人員・時間計画!$L$12 -> 0 | AT42: =[42]人員・時間計画!$M$25 -> 60 | AU42: =[42]人員・時間計画!$M$26 -> 0 | AV42: =[42]人員・時間計画!$M$11 -> 13 | AW42: =[42]人員・時間計画!$M$12 -> 0 | AX42: =[42]人員・時間計画!$N$25 -> 80 | AY42: =[42]人員・時間計画!$N$26 -> 0 | AZ42: =[42]人員・時間計画!$N$11 -> 13 | BA42: =[42]人員・時間計画!$N$12 -> 0
D43: =IF($A$1=1,Sheet1!C48,Sheet1!B48) -> 生産技術3課 | E43: 1412000084 | F43: =[43]人員・時間計画!$C$25 -> 180 | G43: =[43]人員・時間計画!$C$26 -> 0 | H43: =[43]人員・時間計画!$C$11 -> 22 | I43: =[43]人員・時間計画!$C$12 -> 0 | J43: =[43]人員・時間計画!$D$25 -> 180 | K43: =[43]人員・時間計画!$D$26 -> 0 | L43: =[43]人員・時間計画!$D$11 -> 22 | M43: =[43]人員・時間計画!$D$12 -> 0 | N43: =[43]人員・時間計画!$E$25 -> 180 | O43: =[43]人員・時間計画!$E$26 -> 0 | P43: =[43]人員・時間計画!$E$11 -> 22 | Q43: =[43]人員・時間計画!$E$12 -> 0 | R43: =[43]人員・時間計画!$F$25 -> 220 | S43: =[43]人員・時間計画!$F$26 -> 0 | T43: =[43]人員・時間計画!$F$11 -> 23 | U43: =[43]人員・時間計画!$F$12 -> 0 | V43: =[43]人員・時間計画!$G$25 -> 180 | W43: =[43]人員・時間計画!$G$26 -> 0 | X43: =[43]人員・時間計画!$G$11 -> 23 | Y43: =[43]人員・時間計画!$G$12 -> 0 | Z43: =[43]人員・時間計画!$H$25 -> 170 | AA43: =[43]人員・時間計画!$H$26 -> 0 | AB43: =[43]人員・時間計画!$H$11 -> 23 | AC43: =[43]人員・時間計画!$H$12 -> 0 | AD43: =[43]人員・時間計画!$I$25 -> 200 | AE43: =[43]人員・時間計画!$I$26 -> 0 | AF43: =[43]人員・時間計画!$I$11 -> 23 | AG43: =[43]人員・時間計画!$I$12 -> 0 | AH43: =[43]人員・時間計画!$J$25 -> 180 | AI43: =[43]人員・時間計画!$J$26 -> 0 | AJ43: =[43]人員・時間計画!$J$11 -> 23 | AK43: =[43]人員・時間計画!$J$12 -> 0 | AL43: =[43]人員・時間計画!$K$25 -> 180 | AM43: =[43]人員・時間計画!$K$26 -> 0 | AN43: =[43]人員・時間計画!$K$11 -> 23 | AO43: =[43]人員・時間計画!$K$12 -> 0 | AP43: =[43]人員・時間計画!$L$25 -> 180 | AQ43: =[43]人員・時間計画!$L$26 -> 0 | AR43: =[43]人員・時間計画!$L$11 -> 23 | AS43: =[43]人員・時間計画!$L$12 -> 0 | AT43: =[43]人員・時間計画!$M$25 -> 120 | AU43: =[43]人員・時間計画!$M$26 -> 0 | AV43: =[43]人員・時間計画!$M$11 -> 23 | AW43: =[43]人員・時間計画!$M$12 -> 0 | AX43: =[43]人員・時間計画!$N$25 -> 200 | AY43: =[43]人員・時間計画!$N$26 -> 0 | AZ43: =[43]人員・時間計画!$N$11 -> 23 | BA43: =[43]人員・時間計画!$N$12 -> 0
B44: 6371 | C44: =IF($A$1=1,Sheet1!D60,Sheet1!A60) -> 品質保証部
D45: =IF($A$1=1,Sheet1!C61,Sheet1!B61) -> 品質保証課 | E45: 1412000018 | F45: =[44]人員・時間計画!$C$25 -> 90 | G45: =[44]人員・時間計画!$C$26 -> 3 | H45: =[44]人員・時間計画!$C$11 -> 11 | I45: =[44]人員・時間計画!$C$12 -> 1 | J45: =[44]人員・時間計画!$D$25 -> 83 | K45: =[44]人員・時間計画!$D$26 -> 3 | L45: =[44]人員・時間計画!$D$11 -> 11 | M45: =[44]人員・時間計画!$D$12 -> 1 | N45: =[44]人員・時間計画!$E$25 -> 99.5 | O45: =[44]人員・時間計画!$E$26 -> 3 | P45: =[44]人員・時間計画!$E$11 -> 11 | Q45: =[44]人員・時間計画!$E$12 -> 1 | R45: =[44]人員・時間計画!$F$25 -> 96 | S45: =[44]人員・時間計画!$F$26 -> 3 | T45: =[44]人員・時間計画!$F$11 -> 11 | U45: =[44]人員・時間計画!$F$12 -> 1 | V45: =[44]人員・時間計画!G$25 -> 107 | W45: =[44]人員・時間計画!$G$26 -> 3 | X45: =[44]人員・時間計画!$G$11 -> 11 | Y45: =[44]人員・時間計画!$G$12 -> 1 | Z45: =[44]人員・時間計画!$H$25 -> 71 | AA45: =[44]人員・時間計画!$H$26 -> 3 | AB45: =[44]人員・時間計画!$H$11 -> 11 | AC45: =[44]人員・時間計画!$H$12 -> 1 | AD45: =[44]人員・時間計画!$I$25 -> 103.5 | AE45: =[44]人員・時間計画!$I$26 -> 3 | AF45: =[44]人員・時間計画!$I$11 -> 11 | AG45: =[44]人員・時間計画!$I$12 -> 1 | AH45: =[44]人員・時間計画!$J$25 -> 85 | AI45: =[44]人員・時間計画!$J$26 -> 3 | AJ45: =[44]人員・時間計画!$J$11 -> 11 | AK45: =[44]人員・時間計画!$J$12 -> 1 | AL45: =[44]人員・時間計画!$K$25 -> 89 | AM45: =[44]人員・時間計画!$K$26 -> 3 | AN45: =[44]人員・時間計画!$K$11 -> 11 | AO45: =[44]人員・時間計画!$K$12 -> 1 | AP45: =[44]人員・時間計画!$L$25 -> 75 | AQ45: =[44]人員・時間計画!$L$26 -> 3 | AR45: =[44]人員・時間計画!$L$11 -> 11 | AS45: =[44]人員・時間計画!$L$12 -> 1 | AT45: =[44]人員・時間計画!$M$25 -> 97 | AU45: =[44]人員・時間計画!$M$26 -> 3 | AV45: =[44]人員・時間計画!$M$11 -> 11 | AW45: =[44]人員・時間計画!$M$12 -> 1 | AX45: =[44]人員・時間計画!$N$25 -> 75 | AY45: =[44]人員・時間計画!$N$26 -> 3 | AZ45: =[44]人員・時間計画!$N$11 -> 11 | BA45: =[44]人員・時間計画!$N$12 -> 1
D46: =IF($A$1=1,Sheet1!C62,Sheet1!B62) -> 製品保証課 | E46: 1412000019 | F46: =[45]人員・時間計画!$C$25 -> 175 | G46: =[45]人員・時間計画!$C$26 -> 405 | H46: =[45]人員・時間計画!$C$11 -> 13 | I46: =[45]人員・時間計画!$C$12 -> 32 | J46: =[45]人員・時間計画!$D$25 -> 173 | K46: =[45]人員・時間計画!$D$26 -> 405 | L46: =[45]人員・時間計画!$D$11 -> 13 | M46: =[45]人員・時間計画!$D$12 -> 32 | N46: =[45]人員・時間計画!$E$25 -> 177 | O46: =[45]人員・時間計画!$E$26 -> 405 | P46: =[45]人員・時間計画!$E$11 -> 13 | Q46: =[45]人員・時間計画!$E$12 -> 32 | R46: =[45]人員・時間計画!$F$25 -> 181 | S46: =[45]人員・時間計画!$F$26 -> 405 | T46: =[45]人員・時間計画!$F$11 -> 13 | U46: =[45]人員・時間計画!$F$12 -> 32 | V46: =[45]人員・時間計画!$G$25 -> 185 | W46: =[45]人員・時間計画!$G$26 -> 425 | X46: =[45]人員・時間計画!$G$11 -> 14 | Y46: =[45]人員・時間計画!$G$12 -> 33 | Z46: =[45]人員・時間計画!$H$25 -> 173 | AA46: =[45]人員・時間計画!$H$26 -> 355 | AB46: =[45]人員・時間計画!$H$11 -> 14 | AC46: =[45]人員・時間計画!$H$12 -> 33 | AD46: =[45]人員・時間計画!$I$25 -> 181 | AE46: =[45]人員・時間計画!$I$26 -> 355 | AF46: =[45]人員・時間計画!$I$11 -> 14 | AG46: =[45]人員・時間計画!$I$12 -> 33 | AH46: =[45]人員・時間計画!$J$25 -> 175 | AI46: =[45]人員・時間計画!$J$26 -> 355 | AJ46: =[45]人員・時間計画!$J$11 -> 14 | AK46: =[45]人員・時間計画!$J$12 -> 33 | AL46: =[45]人員・時間計画!$K$25 -> 179 | AM46: =[45]人員・時間計画!$K$26 -> 355 | AN46: =[45]人員・時間計画!$K$11 -> 14 | AO46: =[45]人員・時間計画!$K$12 -> 33 | AP46: =[45]人員・時間計画!$L$25 -> 175 | AQ46: =[45]人員・時間計画!$L$26 -> 355 | AR46: =[45]人員・時間計画!$L$11 -> 14 | AS46: =[45]人員・時間計画!$L$12 -> 33 | AT46: =[45]人員・時間計画!$M$25 -> 165 | AU46: =[45]人員・時間計画!$M$26 -> 355 | AV46: =[45]人員・時間計画!$M$11 -> 14 | AW46: =[45]人員・時間計画!$M$12 -> 33 | AX46: =[45]人員・時間計画!$N$25 -> 189 | AY46: =[45]人員・時間計画!$N$26 -> 401 | AZ46: =[45]人員・時間計画!$N$11 -> 14 | BA46: =[45]人員・時間計画!$N$12 -> 33
B47: 6371 | C47: =IF($A$1=1,Sheet1!D63,Sheet1!A63) -> 資材部
D48: =IF($A$1=1,Sheet1!C64,Sheet1!B64) -> 第1資材課 | E48: 1412000058 | F48: =[46]人員・時間計画!$C$25 -> 154 | G48: =[46]人員・時間計画!$C$26 -> 0 | H48: =[46]人員・時間計画!$C$11 -> 17 | I48: =[46]人員・時間計画!$C$12 -> 0 | J48: =[46]人員・時間計画!$D$25 -> 146 | K48: =[46]人員・時間計画!$D$26 -> 0 | L48: =[46]人員・時間計画!$D$11 -> 17 | M48: =[46]人員・時間計画!$D$12 -> 0 | N48: =[46]人員・時間計画!$E$25 -> 162 | O48: =[46]人員・時間計画!$E$26 -> 0 | P48: =[46]人員・時間計画!$E$11 -> 17 | Q48: =[46]人員・時間計画!$E$12 -> 0 | R48: =[46]人員・時間計画!$F$25 -> 178 | S48: =[46]人員・時間計画!$F$26 -> 0 | T48: =[46]人員・時間計画!$F$11 -> 17 | U48: =[46]人員・時間計画!$F$12 -> 0 | V48: =[46]人員・時間計画!$G$25 -> 154 | W48: =[46]人員・時間計画!$G$26 -> 0 | X48: =[46]人員・時間計画!$G$11 -> 17 | Y48: =[46]人員・時間計画!$G$12 -> 0 | Z48: =[46]人員・時間計画!$H$25 -> 146 | AA48: =[46]人員・時間計画!$H$26 -> 0 | AB48: =[46]人員・時間計画!$H$11 -> 17 | AC48: =[46]人員・時間計画!$H$12 -> 0 | AD48: =[46]人員・時間計画!$I$25 -> 178 | AE48: =[46]人員・時間計画!$I$26 -> 0 | AF48: =[46]人員・時間計画!$I$11 -> 17 | AG48: =[46]人員・時間計画!$I$12 -> 0 | AH48: =[46]人員・時間計画!$J$25 -> 154 | AI48: =[46]人員・時間計画!$J$26 -> 0 | AJ48: =[46]人員・時間計画!$J$11 -> 17 | AK48: =[46]人員・時間計画!$J$12 -> 0 | AL48: =[46]人員・時間計画!$K$25 -> 170 | AM48: =[46]人員・時間計画!$K$26 -> 0 | AN48: =[46]人員・時間計画!$K$11 -> 17 | AO48: =[46]人員・時間計画!$K$12 -> 0 | AP48: =[46]人員・時間計画!$L$25 -> 194 | AQ48: =[46]人員・時間計画!$L$26 -> 0 | AR48: =[46]人員・時間計画!$L$11 -> 17 | AS48: =[46]人員・時間計画!$L$12 -> 0 | AT48: =[46]人員・時間計画!$M$25 -> 144 | AU48: =[46]人員・時間計画!$M$26 -> 0 | AV48: =[46]人員・時間計画!$M$11 -> 17 | AW48: =[46]人員・時間計画!$M$12 -> 0 | AX48: =[46]人員・時間計画!$N$25 -> 194 | AY48: =[46]人員・時間計画!$N$26 -> 0 | AZ48: =[46]人員・時間計画!$N$11 -> 17 | BA48: =[46]人員・時間計画!$N$12 -> 0
D49: =IF($A$1=1,Sheet1!C65,Sheet1!B65) -> 第2資材課 | E49: 1412000042 | F49: =[47]人員・時間計画!$C$25 -> 38 | G49: =[47]人員・時間計画!$C$26 -> 0 | H49: =[47]人員・時間計画!$C$11 -> 4 | I49: =[47]人員・時間計画!$C$12 -> 0 | J49: =[47]人員・時間計画!$D$25 -> 36 | K49: =[47]人員・時間計画!$D$26 -> 0 | L49: =[47]人員・時間計画!$D$11 -> 4 | M49: =[47]人員・時間計画!$D$12 -> 0 | N49: =[47]人員・時間計画!$E$25 -> 38 | O49: =[47]人員・時間計画!$E$26 -> 0 | P49: =[47]人員・時間計画!$E$11 -> 4 | Q49: =[47]人員・時間計画!$E$12 -> 0 | R49: =[47]人員・時間計画!$F$25 -> 42 | S49: =[47]人員・時間計画!$F$26 -> 0 | T49: =[47]人員・時間計画!$F$11 -> 4 | U49: =[47]人員・時間計画!$F$12 -> 0 | V49: =[47]人員・時間計画!$G$25 -> 36 | W49: =[47]人員・時間計画!$G$26 -> 0 | X49: =[47]人員・時間計画!$G$11 -> 4 | Y49: =[47]人員・時間計画!$G$12 -> 0 | Z49: =[47]人員・時間計画!$H$25 -> 38 | AA49: =[47]人員・時間計画!$H$26 -> 0 | AB49: =[47]人員・時間計画!$H$11 -> 4 | AC49: =[47]人員・時間計画!$H$12 -> 0 | AD49: =[47]人員・時間計画!$I$25 -> 44 | AE49: =[47]人員・時間計画!$I$26 -> 0 | AF49: =[47]人員・時間計画!$I$11 -> 4 | AG49: =[47]人員・時間計画!$I$12 -> 0 | AH49: =[47]人員・時間計画!$J$25 -> 38 | AI49: =[47]人員・時間計画!$J$26 -> 0 | AJ49: =[47]人員・時間計画!$J$11 -> 4 | AK49: =[47]人員・時間計画!$J$12 -> 0 | AL49: =[47]人員・時間計画!$K$25 -> 44 | AM49: =[47]人員・時間計画!$K$26 -> 0 | AN49: =[47]人員・時間計画!$K$11 -> 4 | AO49: =[47]人員・時間計画!$K$12 -> 0 | AP49: =[47]人員・時間計画!$L$25 -> 38 | AQ49: =[47]人員・時間計画!$L$26 -> 0 | AR49: =[47]人員・時間計画!$L$11 -> 4 | AS49: =[47]人員・時間計画!$L$12 -> 0 | AT49: =[47]人員・時間計画!$M$25 -> 28 | AU49: =[47]人員・時間計画!$M$26 -> 0 | AV49: =[47]人員・時間計画!$M$11 -> 4 | AW49: =[47]人員・時間計画!$M$12 -> 0 | AX49: =[47]人員・時間計画!$N$25 -> 36 | AY49: =[47]人員・時間計画!$N$26 -> 0 | AZ49: =[47]人員・時間計画!$N$11 -> 4 | BA49: =[47]人員・時間計画!$N$12 -> 0
D50: =IF($A$1=1,Sheet1!C66,Sheet1!B66) -> 第3資材課 | E50: 1412000021 | F50: =[48]人員・時間計画!$C$25 -> 38 | G50: =[48]人員・時間計画!$C$26 -> 0 | H50: =[48]人員・時間計画!$C$11 -> 6 | I50: =[48]人員・時間計画!$C$12 -> 0 | J50: =[48]人員・時間計画!$D$25 -> 36 | K50: =[48]人員・時間計画!$D$26 -> 0 | L50: =[48]人員・時間計画!$D$11 -> 6 | M50: =[48]人員・時間計画!$D$12 -> 0 | N50: =[48]人員・時間計画!$E$25 -> 40 | O50: =[48]人員・時間計画!$E$26 -> 0 | P50: =[48]人員・時間計画!$E$11 -> 6 | Q50: =[48]人員・時間計画!$E$12 -> 0 | R50: =[48]人員・時間計画!$F$25 -> 44 | S50: =[48]人員・時間計画!$F$26 -> 0 | T50: =[48]人員・時間計画!$F$11 -> 6 | U50: =[48]人員・時間計画!$F$12 -> 0 | V50: =[48]人員・時間計画!$G$25 -> 38 | W50: =[48]人員・時間計画!$G$26 -> 0 | X50: =[48]人員・時間計画!$G$11 -> 6 | Y50: =[48]人員・時間計画!$G$12 -> 0 | Z50: =[48]人員・時間計画!$H$25 -> 36 | AA50: =[48]人員・時間計画!$H$26 -> 0 | AB50: =[48]人員・時間計画!$H$11 -> 6 | AC50: =[48]人員・時間計画!$H$12 -> 0 | AD50: =[48]人員・時間計画!$I$25 -> 44 | AE50: =[48]人員・時間計画!$I$26 -> 0 | AF50: =[48]人員・時間計画!$I$11 -> 6 | AG50: =[48]人員・時間計画!$I$12 -> 0 | AH50: =[48]人員・時間計画!$J$25 -> 38 | AI50: =[48]人員・時間計画!$J$26 -> 0 | AJ50: =[48]人員・時間計画!$J$11 -> 6 | AK50: =[48]人員・時間計画!$J$12 -> 0 | AL50: =[48]人員・時間計画!$K$25 -> 42 | AM50: =[48]人員・時間計画!$K$26 -> 0 | AN50: =[48]人員・時間計画!$K$11 -> 6 | AO50: =[48]人員・時間計画!$K$12 -> 0 | AP50: =[48]人員・時間計画!$L$25 -> 38 | AQ50: =[48]人員・時間計画!$L$26 -> 0 | AR50: =[48]人員・時間計画!$L$11 -> 6 | AS50: =[48]人員・時間計画!$L$12 -> 0 | AT50: =[48]人員・時間計画!$M$25 -> 28 | AU50: =[48]人員・時間計画!$M$26 -> 0 | AV50: =[48]人員・時間計画!$M$11 -> 6 | AW50: =[48]人員・時間計画!$M$12 -> 0 | AX50: =[48]人員・時間計画!$N$25 -> 38 | AY50: =[48]人員・時間計画!$N$26 -> 0 | AZ50: =[48]人員・時間計画!$N$11 -> 6 | BA50: =[48]人員・時間計画!$N$12 -> 0
D51: =IF($A$1=1,Sheet1!C67,Sheet1!B67) -> 第4資材課 | E51: 1412000070 | F51: =[49]人員・時間計画!$C$25 -> 38 | G51: =[49]人員・時間計画!$C$26 -> 0 | H51: =[49]人員・時間計画!$C$11 -> 8 | I51: =[49]人員・時間計画!$C$12 -> 0 | J51: =[49]人員・時間計画!$D$25 -> 36 | K51: =[49]人員・時間計画!$D$26 -> 0 | L51: =[49]人員・時間計画!$D$11 -> 8 | M51: =[49]人員・時間計画!$D$12 -> 0 | N51: =[49]人員・時間計画!$E$25 -> 40 | O51: =[49]人員・時間計画!$E$26 -> 0 | P51: =[49]人員・時間計画!E$11 -> 8 | Q51: =[49]人員・時間計画!$E$12 -> 0 | R51: =[49]人員・時間計画!$F$25 -> 44 | S51: =[49]人員・時間計画!$F$26 -> 0 | T51: =[49]人員・時間計画!$F$11 -> 8 | U51: =[49]人員・時間計画!$F$12 -> 0 | V51: =[49]人員・時間計画!$G$25 -> 38 | W51: =[49]人員・時間計画!$G$26 -> 0 | X51: =[49]人員・時間計画!$G$11 -> 8 | Y51: =[49]人員・時間計画!$G$12 -> 0 | Z51: =[49]人員・時間計画!$H$25 -> 36 | AA51: =[49]人員・時間計画!$H$26 -> 0 | AB51: =[49]人員・時間計画!$H$11 -> 8 | AC51: =[49]人員・時間計画!$H$12 -> 0 | AD51: =[49]人員・時間計画!$I$25 -> 44 | AE51: =[49]人員・時間計画!$I$26 -> 0 | AF51: =[49]人員・時間計画!$I$11 -> 8 | AG51: =[49]人員・時間計画!$I$12 -> 0 | AH51: =[49]人員・時間計画!$J$25 -> 38 | AI51: =[49]人員・時間計画!$J$26 -> 0 | AJ51: =[49]人員・時間計画!$J$11 -> 8 | AK51: =[49]人員・時間計画!$J$12 -> 0 | AL51: =[49]人員・時間計画!$K$25 -> 42 | AM51: =[49]人員・時間計画!$K$26 -> 0 | AN51: =[49]人員・時間計画!$K$11 -> 8 | AO51: =[49]人員・時間計画!$K$12 -> 0 | AP51: =[49]人員・時間計画!$L$25 -> 76 | AQ51: =[49]人員・時間計画!$L$26 -> 0 | AR51: =[49]人員・時間計画!$L$11 -> 8 | AS51: =[49]人員・時間計画!$L$12 -> 0 | AT51: =[49]人員・時間計画!$M$25 -> 56 | AU51: =[49]人員・時間計画!$M$26 -> 0 | AV51: =[49]人員・時間計画!$M$11 -> 8 | AW51: =[49]人員・時間計画!$M$12 -> 0 | AX51: =[49]人員・時間計画!$N$25 -> 76 | AY51: =[49]人員・時間計画!$N$26 -> 0 | AZ51: =[49]人員・時間計画!$N$11 -> 8 | BA51: =[49]人員・時間計画!$N$12 -> 0
D52: =IF($A$1=1,Sheet1!C68,Sheet1!B68) -> 資材管理課 | E52: 1412000022 | F52: =[50]人員・時間計画!$C$25 -> 38 | G52: =[50]人員・時間計画!$C$26 -> 0 | H52: =[50]人員・時間計画!$C$11 -> 4 | I52: =[50]人員・時間計画!$C$12 -> 0 | J52: =[50]人員・時間計画!$D$25 -> 36 | K52: =[50]人員・時間計画!$D$26 -> 0 | L52: =[50]人員・時間計画!$D$11 -> 4 | M52: =[50]人員・時間計画!$D$12 -> 0 | N52: =[50]人員・時間計画!$E$25 -> 40 | O52: =[50]人員・時間計画!$E$26 -> 0 | P52: =[50]人員・時間計画!$E$11 -> 4 | Q52: =[50]人員・時間計画!$E$12 -> 0 | R52: =[50]人員・時間計画!$F$25 -> 44 | S52: =[50]人員・時間計画!$F$26 -> 0 | T52: =[50]人員・時間計画!$F$11 -> 4 | U52: =[50]人員・時間計画!$F$12 -> 0 | V52: =[50]人員・時間計画!$G$25 -> 38 | W52: =[50]人員・時間計画!$G$26 -> 0 | X52: =[50]人員・時間計画!$G$11 -> 4 | Y52: =[50]人員・時間計画!$G$12 -> 0 | Z52: =[50]人員・時間計画!$H$25 -> 36 | AA52: =[50]人員・時間計画!$H$26 -> 0 | AB52: =[50]人員・時間計画!$H$11 -> 4 | AC52: =[50]人員・時間計画!$H$12 -> 0 | AD52: =[50]人員・時間計画!$I$25 -> 44 | AE52: =[50]人員・時間計画!$I$26 -> 0 | AF52: =[50]人員・時間計画!$I$11 -> 4 | AG52: =[50]人員・時間計画!$I$12 -> 0 | AH52: =[50]人員・時間計画!$J$25 -> 38 | AI52: =[50]人員・時間計画!$J$26 -> 0 | AJ52: =[50]人員・時間計画!$J$11 -> 4 | AK52: =[50]人員・時間計画!$J$12 -> 0 | AL52: =[50]人員・時間計画!$K$25 -> 42 | AM52: =[50]人員・時間計画!$K$26 -> 0 | AN52: =[50]人員・時間計画!$K$11 -> 4 | AO52: =[50]人員・時間計画!$K$12 -> 0 | AP52: =[50]人員・時間計画!$L$25 -> 38 | AQ52: =[50]人員・時間計画!$L$26 -> 0 | AR52: =[50]人員・時間計画!$L$11 -> 4 | AS52: =[50]人員・時間計画!$L$12 -> 0 | AT52: =[50]人員・時間計画!$M$25 -> 28 | AU52: =[50]人員・時間計画!$M$26 -> 0 | AV52: =[50]人員・時間計画!$M$11 -> 4 | AW52: =[50]人員・時間計画!$M$12 -> 0 | AX52: =[50]人員・時間計画!$N$25 -> 38 | AY52: =[50]人員・時間計画!$N$26 -> 0 | AZ52: =[50]人員・時間計画!$N$11 -> 4 | BA52: =[50]人員・時間計画!$N$12 -> 0
B54: TOTAL | F54: =SUM(F36:F52) -> 1995 | G54: =SUM(G36:G52) -> 908 | H54: =SUM(H36:H52) -> 182 | I54: =SUM(I36:I52) -> 59 | J54: =SUM(J36:J52) -> 1990 | K54: =SUM(K36:K52) -> 908 | L54: =SUM(L36:L52) -> 186 | M54: =SUM(M36:M52) -> 59 | ... AQ54: =SUM(AQ36:AQ52) -> 898 | AR54: =SUM(AR9:AR52) -> 573 | AS54: =SUM(AS9:AS52) -> 638 | AT54: =SUM(AT9:AT52) -> 6881.5 | AU54: =SUM(AU9:AU52) -> 9746 | AV54: =SUM(AV9:AV52) -> 573 | AW54: =SUM(AW9:AW52) -> 670 | AX54: =SUM(AX9:AX52) -> 7367.75 | AY54: =SUM(AY9:AY52) -> 10201 | ... BA54: =SUM(BA9:BA52) -> 670
F56: 6440 | G56: 6076 | H56: 465 | I56: 552 | J56: 6431 | K56: 6124 | L56: 471 | M56: 548 | N56: 6733.5 | O56: 6140 | P56: 472 | Q56: 547 | R56: 7544 | S56: 6108 | T56: 477 | U56: 541 | V56: 7290.5 | W56: 7906 | X56: 481 | Y56: 543 | Z56: 6894.75 | AA56: 8531 | AB56: 482 | AC56: 544 | AD56: 7698.5 | AE56: 8632 | AF56: 483 | AG56: 543 | AH56: 7235 | AI56: 7244 | AJ56: 483 | AK56: 541 | AL56: 7176 | AM56: 8975 | AN56: 483 | AO56: 539 | AP56: 7176 | AQ56: 9835 | AR56: 484 | AS56: 554 | AT56: 6981.5 | AU56: 9826 | AV56: 484 | AW56: 569 | AX56: 7567.75 | AY56: 10301 | AZ56: 484 | BA56: 569

Sheet 6421
A1: 1 | B1: → １＝日本語(tiếng nhật)、２＝ベトナム語(tiếng việt) | F1: 4 | J1: 5 | N1: 6 | R1: 7 | V1: 8 | Z1: 9 | AD1: 10 | AH1: 11 | AL1: 12 | AP1: 1 | AT1: 2 | AX1: 3
F2: Dự tính Thời gian làm thêm (người Việt ) 残業時間（ローカル社員） (1/4/2023 ~ 30/4/2023) | H2: Dự tính Số người Việt 人員合計 (1/4/2023 ~ 30/4/2023) | J2: Dự tính Thời gian làm thêm (người Việt ) 残業時間（ローカル社員） (1/5/2023 ~ 31/5/2023) | L2: Dự tính Số người Việt 人員合計 (1/5/2023 ~ 31/5/2023) | N2: Dự tính Thời gian làm thêm (người Việt ) 残業時間（ローカル社員） (1/6/2023 ~ 30/6/2023) | P2: Dự tính Số người Việt 人員合計 (1/6/2023 ~ 30/6/2023) | R2: Dự tính Thời gian làm thêm (người Việt ) 残業時間（ローカル社員） (1/7/2023 ~ 31/7/2023) | T2: Dự tính Số người Việt 人員合計 (1/7/2023 ~ 31/7/2023) | V2: Dự tính Thời gian làm thêm (người Việt ) 残業時間（ローカル社員） (1/8/2023 ~ 31/8/2023) | X2: Dự tính Số người Việt 人員合計 (1/8/2023 ~ 31/8/2023) | Z2: Dự tính Thời gian làm thêm (người Việt ) 残業時間（ローカル社員） (1/9/2023 ~ 30/9/2023) | AB2: Dự tính Số người Việt 人員合計 (1/9/2023 ~ 30/9/2023) | AD2: Dự tính Thời gian làm thêm(người Việt ) 残業時間（ローカル社員） (1/10/2023 ~ 31/10/2023) | AF2: Dự tính Số người Việt 人員合計 (1/10/2023 ~ 31/10/2023) | AH2: Dự tính Thời gian làm thêm (người Việt ) 残業時間（ローカル社員） (1/11/2023 ~ 30/11/2023) | AJ2: Dự tính Số người Việt 人員合計 (1/11/2023 ~ 30/11/2023) | AL2: Dự tính Thời gian làm thêm (người Việt ) 残業時間（ローカル社員） (1/12/2023 ~ 31/12/2023) | AN2: Dự tính Số người Việt 人員合計 (1/12/2023 ~ 31/12/2023) | AP2: Dự tính Thời gian làm thêm (người Việt ) 残業時間（ローカル社員） (1/1/2024 ~ 31/1/2024) | AR2: Dự tính Số người Việt 人員合計 (1/1/2024 ~ 31/1/2024) | AT2: Dự tính Thời gian làm thêm (người Việt ) 残業時間（ローカル社員） (1/2/2024 ~ 28/2/2024) | AV2: Dự tính Số người Việt 人員合計 (1/2/2024~ 28/2/2024) | AX2: Dự tính Thời gian làm thêm (người Việt ) 残業時間（ローカル社員） (1/3/2024 ~ 31/3/2024) | AZ2: Dự tính Số người Việt 人員合計 (1/3/2024~ 31/3/2024)
F3: 4 | G3: 4 | H3: 4 | I3: 4 | J3: 5 | K3: 5 | L3: 5 | M3: 5 | N3: 6 | O3: 6 | P3: 6 | Q3: 6 | R3: 7 | S3: 7 | T3: 7 | U3: 7 | V3: 8 | W3: 8 | X3: 8 | Y3: 8 | Z3: 9 | AA3: 9 | AB3: 9 | AC3: 9 | AD3: 10 | AE3: 10 | AF3: 10 | AG3: 10 | AH3: 11 | AI3: 11 | AJ3: 11 | AK3: 11 | AL3: 12 | AM3: 12 | AN3: 12 | AO3: 12 | AP3: 1 | AQ3: 1 | AR3: 1 | AS3: 1 | AT3: 2 | AU3: 2 | AV3: 2 | AW3: 2 | AX3: 3 | AY3: 3 | AZ3: 3 | BA3: 3
F4: 残業時間 | G4: 残業時間 | H4: 人員 | I4: 人員 | J4: 残業時間 | K4: 残業時間 | L4: 人員 | M4: 人員 | N4: 残業時間 | O4: 残業時間 | P4: 人員 | Q4: 人員 | R4: 残業時間 | S4: 残業時間 | T4: 人員 | U4: 人員 | V4: 残業時間 | W4: 残業時間 | X4: 人員 | Y4: 人員 | Z4: 残業時間 | AA4: 残業時間 | AB4: 人員 | AC4: 人員 | AD4: 残業時間 | AE4: 残業時間 | AF4: 人員 | AG4: 人員 | AH4: 残業時間 | AI4: 残業時間 | AJ4: 人員 | AK4: 人員 | AL4: 残業時間 | AM4: 残業時間 | AN4: 人員 | AO4: 人員 | AP4: 残業時間 | AQ4: 残業時間 | AR4: 人員 | AS4: 人員 | AT4: 残業時間 | AU4: 残業時間 | AV4: 人員 | AW4: 人員 | AX4: 残業時間 | AY4: 残業時間 | AZ4: 人員 | BA4: 人員
F5: G5以上 | G5: G7, G6 | H5: G5以上 | I5: G7, G6 | J5: G5以上 | K5: G7, G6 | L5: G5以上 | M5: G7, G6 | N5: G5以上 | O5: G7, G6 | P5: G5以上 | Q5: G7, G6 | R5: G5以上 | S5: G7, G6 | T5: G5以上 | U5: G7, G6 | V5: G5以上 | W5: G7, G6 | X5: G5以上 | Y5: G7, G6 | Z5: G5以上 | AA5: G7, G6 | AB5: G5以上 | AC5: G7, G6 | AD5: G5以上 | AE5: G7, G6 | AF5: G5以上 | AG5: G7, G6 | AH5: G5以上 | AI5: G7, G6 | AJ5: G5以上 | AK5: G7, G6 | AL5: G5以上 | AM5: G7, G6 | AN5: G5以上 | AO5: G7, G6 | AP5: G5以上 | AQ5: G7, G6 | AR5: G5以上 | AS5: G7, G6 | AT5: G5以上 | AU5: G7, G6 | AV5: G5以上 | AW5: G7, G6 | AX5: G5以上 | AY5: G7, G6 | AZ5: G5以上 | BA5: G7, G6
B6: Mã TK コード | C6: Tên bộ phận 名前部 | D6: Tên phòng 名前課 | E6: 原価センター | F6: Nhân viên スタップ | G6: Công nhân ワーカー | H6: Nhân viên スタップ | I6: Công nhân ワーカー | J6: Nhân viên スタップ | K6: Công nhân ワーカー | L6: Nhân viên スタップ | M6: Công nhân ワーカー | N6: Nhân viên スタップ | O6: Công nhân ワーカー | P6: Nhân viên スタップ | Q6: Công nhân ワーカー | R6: Nhân viên スタップ | S6: Công nhân ワーカー | T6: Nhân viên スタップ | U6: Công nhân ワーカー | V6: Nhân viên スタップ | W6: Công nhân ワーカー | X6: Nhân viên スタップ | Y6: Công nhân ワーカー | Z6: Nhân viên スタップ | AA6: Công nhân ワーカー | AB6: Nhân viên スタップ | AC6: Công nhân ワーカー | AD6: Nhân viên スタップ | AE6: Công nhân ワーカー | AF6: Nhân viên スタップ | AG6: Công nhân ワーカー | AH6: Nhân viên スタップ | AI6: Công nhân ワーカー | AJ6: Nhân viên スタップ | AK6: Công nhân ワーカー | AL6: Nhân viên スタップ | AM6: Công nhân ワーカー | AN6: Nhân viên スタップ | AO6: Công nhân ワーカー | AP6: Nhân viên スタップ | AQ6: Công nhân ワーカー | AR6: Nhân viên スタップ | AS6: Công nhân ワーカー | AT6: Nhân viên スタップ | AU6: Công nhân ワーカー | AV6: Nhân viên スタップ | AW6: Công nhân ワーカー | AX6: Nhân viên スタップ | AY6: Công nhân ワーカー | AZ6: Nhân viên スタップ | BA6: Công nhân ワーカー
B7: 6421 | C7: =IF($A$1=1,Sheet1!D69,Sheet1!A69) -> 総務人事部
D8: =IF($A$1=1,Sheet1!C70,Sheet1!B70) -> 総務課 | E8: 1412000024 | F8: =[51]人員・時間計画!$C$25 -> 136.5 | G8: =[51]人員・時間計画!$C$26 -> 0 | H8: =[51]人員・時間計画!$C$11 -> 10 | I8: =[51]人員・時間計画!$C$12 -> 6 | J8: =[51]人員・時間計画!$D$25 -> 145.5 | K8: =[51]人員・時間計画!$D$26 -> 10 | L8: =[51]人員・時間計画!$D$11 -> 11 | M8: =[51]人員・時間計画!$D$12 -> 6 | N8: =[51]人員・時間計画!$E$25 -> 143.5 | O8: =[51]人員・時間計画!$E$26 -> 0 | P8: =[51]人員・時間計画!$E$11 -> 11 | Q8: =[51]人員・時間計画!$E$12 -> 6 | R8: =[51]人員・時間計画!$F$25 -> 157.5 | S8: =[51]人員・時間計画!$F$26 -> 0 | T8: =[51]人員・時間計画!$F$11 -> 11 | U8: =[51]人員・時間計画!$F$12 -> 6 | V8: =[51]人員・時間計画!$G$25 -> 136.5 | W8: =[51]人員・時間計画!$G$26 -> 0 | X8: =[51]人員・時間計画!$G$11 -> 11 | Y8: =[51]人員・時間計画!$G$12 -> 6 | Z8: =[51]人員・時間計画!$H$25 -> 183.5 | AA8: =[51]人員・時間計画!$H$26 -> 30 | AB8: =[51]人員・時間計画!$H$11 -> 11 | AC8: =[51]人員・時間計画!$H$12 -> 6 | AD8: =[51]人員・時間計画!$I$25 -> 157.5 | AE8: =[51]人員・時間計画!$I$26 -> 0 | AF8: =[51]人員・時間計画!$I$11 -> 11 | AG8: =[51]人員・時間計画!$I$12 -> 6 | AH8: =[51]人員・時間計画!$J$25 -> 181.5 | AI8: =[51]人員・時間計画!$J$26 -> 25 | AJ8: =[51]人員・時間計画!$J$11 -> 11 | AK8: =[51]人員・時間計画!$J$12 -> 6 | AL8: =[51]人員・時間計画!$K$25 -> 150.5 | AM8: =[51]人員・時間計画!$K$26 -> 0 | AN8: =[51]人員・時間計画!$K$11 -> 11 | AO8: =[51]人員・時間計画!$K$12 -> 6 | AP8: =[51]人員・時間計画!$L$25 -> 136.5 | AQ8: =[51]人員・時間計画!$L$26 -> 0 | AR8: =[51]人員・時間計画!$L$11 -> 11 | AS8: =[51]人員・時間計画!$L$12 -> 6 | AT8: =[51]人員・時間計画!$M$25 -> 101.5 | AU8: =[51]人員・時間計画!$M$26 -> 0 | AV8: =[51]人員・時間計画!$M$11 -> 11 | AW8: =[51]人員・時間計画!$M$12 -> 6 | AX8: =[51]人員・時間計画!$N$25 -> 136.5 | AY8: =[51]人員・時間計画!$N$26 -> 0 | AZ8: =[51]人員・時間計画!$N$11 -> 11 | BA8: =[51]人員・時間計画!$N$12 -> 6
D9: =IF($A$1=1,Sheet1!C71,Sheet1!B71) -> 人事課 | E9: 1412000025 | F9: =[52]人員・時間計画!$C$25 -> 83 | G9: =[52]人員・時間計画!$C$26 -> 0 | H9: =[52]人員・時間計画!$C$11 -> 17 | I9: =[52]人員・時間計画!$C$12 -> 0 | J9: =[52]人員・時間計画!$D$25 -> 79 | K9: =[52]人員・時間計画!$D$26 -> 0 | L9: =[52]人員・時間計画!$D$11 -> 16 | M9: =[52]人員・時間計画!$D$12 -> 0 | N9: =[52]人員・時間計画!$E$25 -> 87 | O9: =[52]人員・時間計画!$E$26 -> 0 | P9: =[52]人員・時間計画!$E$11 -> 16 | Q9: =[52]人員・時間計画!$E$12 -> 0 | R9: =[52]人員・時間計画!$F$25 -> 95 | S9: =[52]人員・時間計画!$F$26 -> 0 | T9: =[52]人員・時間計画!$F$11 -> 16 | U9: =[52]人員・時間計画!$F$12 -> 0 | V9: =[52]人員・時間計画!$G$25 -> 83 | W9: =[52]人員・時間計画!$G$26 -> 0 | X9: =[52]人員・時間計画!$G$11 -> 16 | Y9: =[52]人員・時間計画!$G$12 -> 0 | Z9: =[52]人員・時間計画!$H$25 -> 79 | AA9: =[52]人員・時間計画!$H$26 -> 0 | AB9: =[52]人員・時間計画!$H$11 -> 16 | AC9: =[52]人員・時間計画!$H$12 -> 0 | AD9: =[52]人員・時間計画!$I$25 -> 95 | AE9: =[52]人員・時間計画!$I$26 -> 0 | AF9: =[52]人員・時間計画!$I$11 -> 16 | AG9: =[52]人員・時間計画!$I$12 -> 0 | AH9: =[52]人員・時間計画!$J$25 -> 83 | AI9: =[52]人員・時間計画!$J$26 -> 0 | AJ9: =[52]人員・時間計画!$J$11 -> 16 | AK9: =[52]人員・時間計画!$J$12 -> 0 | AL9: =[52]人員・時間計画!$K$25 -> 91 | AM9: =[52]人員・時間計画!$K$26 -> 0 | AN9: =[52]人員・時間計画!$K$11 -> 16 | AO9: =[52]人員・時間計画!$K$12 -> 0 | AP9: =[52]人員・時間計画!$L$25 -> 83 | AQ9: =[52]人員・時間計画!$L$26 -> 0 | AR9: =[52]人員・時間計画!$L$11 -> 16 | AS9: =[52]人員・時間計画!$L$12 -> 0 | AT9: =[52]人員・時間計画!$M$25 -> 63 | AU9: =[52]人員・時間計画!$M$26 -> 0 | AV9: =[52]人員・時間計画!$M$11 -> 16 | AW9: =[52]人員・時間計画!$M$12 -> 0 | AX9: =[52]人員・時間計画!$N$25 -> 83 | AY9: =[52]人員・時間計画!$N$26 -> 0 | AZ9: =[52]人員・時間計画!$N$11 -> 16 | BA9: =[52]人員・時間計画!$N$12 -> 0
D10: =IF($A$1=1,Sheet1!C73,Sheet1!B73) -> 施設課 | E10: 1412000026 | F10: =[53]人員・時間計画!$C$25 -> 233 | G10: =[53]人員・時間計画!$C$26 -> 34 | H10: =[53]人員・時間計画!$C$11 -> 11 | I10: =[53]人員・時間計画!$C$12 -> 3 | J10: =[53]人員・時間計画!$D$25 -> 234 | K10: =[53]人員・時間計画!$D$26 -> 38 | L10: =[53]人員・時間計画!$D$11 -> 11 | M10: =[53]人員・時間計画!$D$12 -> 3 | N10: =[53]人員・時間計画!$E$25 -> 226 | O10: =[53]人員・時間計画!$E$26 -> 37 | P10: =[53]人員・時間計画!$E$11 -> 11 | Q10: =[53]人員・時間計画!$E$12 -> 3 | R10: =[53]人員・時間計画!$F$25 -> 257 | S10: =[53]人員・時間計画!$F$26 -> 39 | T10: =[53]人員・時間計画!$F$11 -> 11 | U10: =[53]人員・時間計画!$F$12 -> 3 | V10: =[53]人員・時間計画!$G$25 -> 251 | W10: =[53]人員・時間計画!$G$26 -> 35 | X10: =[53]人員・時間計画!$G$11 -> 11 | Y10: =[53]人員・時間計画!$G$12 -> 3 | Z10: =[53]人員・時間計画!$H$25 -> 240 | AA10: =[53]人員・時間計画!$H$26 -> 37 | AB10: =[53]人員・時間計画!$H$11 -> 11 | AC10: =[53]人員・時間計画!$H$12 -> 3 | AD10: =[53]人員・時間計画!$I$25 -> 257 | AE10: =[53]人員・時間計画!$I$26 -> 34 | AF10: =[53]人員・時間計画!$I$11 -> 11 | AG10: =[53]人員・時間計画!$I$12 -> 3 | AH10: =[53]人員・時間計画!$J$25 -> 243 | AI10: =[53]人員・時間計画!$J$26 -> 34 | AJ10: =[53]人員・時間計画!$J$11 -> 11 | AK10: =[53]人員・時間計画!$J$12 -> 3 | AL10: =[53]人員・時間計画!$K$25 -> 252 | AM10: =[53]人員・時間計画!$K$26 -> 34 | AN10: =[53]人員・時間計画!$K$11 -> 11 | AO10: =[53]人員・時間計画!$K$12 -> 3 | AP10: =[53]人員・時間計画!$L$25 -> 240 | AQ10: =[53]人員・時間計画!$L$26 -> 34 | AR10: =[53]人員・時間計画!$L$11 -> 11 | AS10: =[53]人員・時間計画!$L$12 -> 3 | AT10: =[53]人員・時間計画!$M$25 -> 204 | AU10: =[53]人員・時間計画!$M$26 -> 34 | AV10: =[53]人員・時間計画!$M$11 -> 11 | AW10: =[53]人員・時間計画!$M$12 -> 3 | AX10: =[53]人員・時間計画!$N$25 -> 258 | AY10: =[53]人員・時間計画!$N$26 -> 34 | AZ10: =[53]人員・時間計画!$N$11 -> 11 | BA10: =[53]人員・時間計画!$N$12 -> 3
D11: =IF($A$1=1,Sheet1!C74,Sheet1!B74) -> リスクマネジメント課 | E11: 1412000093 | F11: =[54]人員・時間計画!$C$25 -> 76 | G11: =[54]人員・時間計画!$C$26 -> 0 | H11: =[54]人員・時間計画!$C$11 -> 5 | I11: =[54]人員・時間計画!$C$12 -> 0 | J11: =[54]人員・時間計画!$D$25 -> 72 | K11: =[54]人員・時間計画!$D$26 -> 0 | L11: =[54]人員・時間計画!$D$11 -> 6 | M11: =[54]人員・時間計画!$D$12 -> 0 | N11: =[54]人員・時間計画!$E$25 -> 80 | O11: =[54]人員・時間計画!$E$26 -> 0 | P11: =[54]人員・時間計画!$E$11 -> 6 | Q11: =[54]人員・時間計画!$E$12 -> 0 | R11: =[54]人員・時間計画!$F$25 -> 88 | S11: =[54]人員・時間計画!$F$26 -> 0 | T11: =[54]人員・時間計画!$F$11 -> 6 | U11: =[54]人員・時間計画!$F$12 -> 0 | V11: =[54]人員・時間計画!$G$25 -> 76 | W11: =[54]人員・時間計画!$G$26 -> 0 | X11: =[54]人員・時間計画!$G$11 -> 6 | Y11: =[54]人員・時間計画!$G$12 -> 0 | Z11: =[54]人員・時間計画!$H$25 -> 72 | AA11: =[54]人員・時間計画!$H$26 -> 0 | AB11: =[54]人員・時間計画!$H$11 -> 6 | AC11: =[54]人員・時間計画!$H$12 -> 0 | AD11: =[54]人員・時間計画!$I$25 -> 88 | AE11: =[54]人員・時間計画!$I$26 -> 0 | AF11: =[54]人員・時間計画!$I$11 -> 6 | AG11: =[54]人員・時間計画!$I$12 -> 0 | AH11: =[54]人員・時間計画!$J$25 -> 76 | AI11: =[54]人員・時間計画!$J$26 -> 0 | AJ11: =[54]人員・時間計画!$J$11 -> 6 | AK11: =[54]人員・時間計画!$J$12 -> 0 | AL11: =[54]人員・時間計画!$K$25 -> 84 | AM11: =[54]人員・時間計画!$K$26 -> 0 | AN11: =[54]人員・時間計画!$K$11 -> 6 | AO11: =[54]人員・時間計画!$K$12 -> 0 | AP11: =[54]人員・時間計画!$L$25 -> 76 | AQ11: =[54]人員・時間計画!$L$26 -> 0 | AR11: =[54]人員・時間計画!$L$11 -> 6 | AS11: =[54]人員・時間計画!$L$12 -> 0 | AT11: =[54]人員・時間計画!$M$25 -> 56 | AU11: =[54]人員・時間計画!$M$26 -> 0 | AV11: =[54]人員・時間計画!$M$11 -> 6 | AW11: =[54]人員・時間計画!$M$12 -> 0 | AX11: =[54]人員・時間計画!$N$25 -> 76 | AY11: =[54]人員・時間計画!$N$26 -> 0 | AZ11: =[54]人員・時間計画!$N$11 -> 6 | BA11: =[54]人員・時間計画!$N$12 -> 0
D12: =IF($A$1=1,Sheet1!C75,Sheet1!B75) -> 保安課 | E12: 1412000091 | F12: =[55]人員・時間計画!$C$25 -> 59.5 | G12: =[55]人員・時間計画!$C$26 -> 530.5 | H12: =[55]人員・時間計画!$C$11 -> 3 | I12: =[55]人員・時間計画!$C$12 -> 67 | J12: =[55]人員・時間計画!$D$25 -> 65.5 | K12: =[55]人員・時間計画!$D$26 -> 324.5 | L12: =[55]人員・時間計画!$D$11 -> 3 | M12: =[55]人員・時間計画!$D$12 -> 67 | N12: =[55]人員・時間計画!$E$25 -> 61.5 | O12: =[55]人員・時間計画!$E$26 -> 136.5 | P12: =[55]人員・時間計画!$E$11 -> 3 | Q12: =[55]人員・時間計画!$E$12 -> 67 | R12: =[55]人員・時間計画!$F$25 -> 65.5 | S12: =[55]人員・時間計画!$F$26 -> 148.5 | T12: =[55]人員・時間計画!$F$11 -> 3 | U12: =[55]人員・時間計画!$F$12 -> 67 | V12: =[55]人員・時間計画!$G$25 -> 59.5 | W12: =[55]人員・時間計画!$G$26 -> 130.5 | X12: =[55]人員・時間計画!$G$11 -> 3 | Y12: =[55]人員・時間計画!$G$12 -> 67 | Z12: =[55]人員・時間計画!$H$25 -> 65.5 | AA12: =[55]人員・時間計画!$H$26 -> 591 | AB12: =[55]人員・時間計画!$H$11 -> 3 | AC12: =[55]人員・時間計画!$H$12 -> 67 | AD12: =[55]人員・時間計画!$I$25 -> 65.5 | AE12: =[55]人員・時間計画!$I$26 -> 145.5 | AF12: =[55]人員・時間計画!$I$11 -> 3 | AG12: =[55]人員・時間計画!$I$12 -> 67 | AH12: =[55]人員・時間計画!$J$25 -> 59.5 | AI12: =[55]人員・時間計画!$J$26 -> 139.5 | AJ12: =[55]人員・時間計画!$J$11 -> 3 | AK12: =[55]人員・時間計画!$J$12 -> 67 | AL12: =[55]人員・時間計画!$K$25 -> 63.5 | AM12: =[55]人員・時間計画!$K$26 -> 142.5 | AN12: =[55]人員・時間計画!$K$11 -> 3 | AO12: =[55]人員・時間計画!$K$12 -> 67 | AP12: =[55]人員・時間計画!$L$25 -> 59.5 | AQ12: =[55]人員・時間計画!$L$26 -> 130.5 | AR12: =[55]人員・時間計画!$L$11 -> 3 | AS12: =[55]人員・時間計画!$L$12 -> 67 | AT12: =[55]人員・時間計画!$M$25 -> 57.5 | AU12: =[55]人員・時間計画!$M$26 -> 1116.5 | AV12: =[55]人員・時間計画!$M$11 -> 3 | AW12: =[55]人員・時間計画!$M$12 -> 67 | AX12: =[55]人員・時間計画!$N$25 -> 59.5 | AY12: =[55]人員・時間計画!$N$26 -> 130.5 | AZ12: =[55]人員・時間計画!$N$11 -> 3 | BA12: =[55]人員・時間計画!$N$12 -> 67
B13: 6421 | C13: =IF($A$1=1,Sheet1!D76,Sheet1!A76) -> 経営管理部
D14: =IF($A$1=1,Sheet1!C77,Sheet1!B77) -> 会計課 | E14: 1412000028 | F14: =[56]人員・時間計画!$C$25 -> 46 | G14: =[56]人員・時間計画!$C$26 -> 0 | H14: =[56]人員・時間計画!$C$11 -> 12 | I14: =[56]人員・時間計画!$C$12 -> 0 | J14: =[56]人員・時間計画!$D$25 -> 66 | K14: =[56]人員・時間計画!$D$26 -> 0 | L14: =[56]人員・時間計画!$D$11 -> 12 | M14: =[56]人員・時間計画!$D$12 -> 0 | N14: =[56]人員・時間計画!$E$25 -> 80 | O14: =[56]人員・時間計画!$E$26 -> 0 | P14: =[56]人員・時間計画!$E$11 -> 12 | Q14: =[56]人員・時間計画!$E$12 -> 0 | R14: =[56]人員・時間計画!$F$25 -> 88 | S14: =[56]人員・時間計画!$F$26 -> 0 | T14: =[56]人員・時間計画!$F$11 -> 12 | U14: =[56]人員・時間計画!$F$12 -> 0 | V14: =[56]人員・時間計画!$G$25 -> 122.5 | W14: =[56]人員・時間計画!$G$26 -> 0 | X14: =[56]人員・時間計画!$G$11 -> 12 | Y14: =[56]人員・時間計画!$G$12 -> 0 | Z14: =[56]人員・時間計画!$H$25 -> 68 | AA14: =[56]人員・時間計画!$H$26 -> 0 | AB14: =[56]人員・時間計画!$H$11 -> 12 | AC14: =[56]人員・時間計画!$H$12 -> 0 | AD14: =[56]人員・時間計画!$I$25 -> 88 | AE14: =[56]人員・時間計画!$I$26 -> 0 | AF14: =[56]人員・時間計画!$I$11 -> 12 | AG14: =[56]人員・時間計画!$I$12 -> 0 | AH14: =[56]人員・時間計画!$J$25 -> 76 | AI14: =[56]人員・時間計画!$J$26 -> 0 | AJ14: =[56]人員・時間計画!$J$11 -> 12 | AK14: =[56]人員・時間計画!$J$12 -> 0 | AL14: =[56]人員・時間計画!$K$25 -> 84 | AM14: =[56]人員・時間計画!$K$26 -> 0 | AN14: =[56]人員・時間計画!$K$11 -> 12 | AO14: =[56]人員・時間計画!$K$12 -> 0 | AP14: =[56]人員・時間計画!$L$25 -> 72 | AQ14: =[56]人員・時間計画!$L$26 -> 0 | AR14: =[56]人員・時間計画!$L$11 -> 12 | AS14: =[56]人員・時間計画!$L$12 -> 0 | AT14: =[56]人員・時間計画!$M$25 -> 60 | AU14: =[56]人員・時間計画!$M$26 -> 0 | AV14: =[56]人員・時間計画!$M$11 -> 12 | AW14: =[56]人員・時間計画!$M$12 -> 0 | AX14: =[56]人員・時間計画!$N$25 -> 122.5 | AY14: =[56]人員・時間計画!$N$26 -> 0 | AZ14: =[56]人員・時間計画!$N$11 -> 12 | BA14: =[56]人員・時間計画!$N$12 -> 0
D15: =IF($A$1=1,Sheet1!C78,Sheet1!B78) -> 経営管理課 | E15: 1412000029 | F15: =[57]人員・時間計画!$C$25 -> 38 | G15: =[57]人員・時間計画!$C$26 -> 0 | H15: =[57]人員・時間計画!$C$11 -> 8 | I15: =[57]人員・時間計画!$C$12 -> 0 | J15: =[57]人員・時間計画!$D$25 -> 36 | K15: =[57]人員・時間計画!$D$26 -> 0 | L15: =[57]人員・時間計画!$D$11 -> 8 | M15: =[57]人員・時間計画!$D$12 -> 0 | N15: =[57]人員・時間計画!$E$25 -> 38 | O15: =[57]人員・時間計画!$E$26 -> 0 | P15: =[57]人員・時間計画!$E$11 -> 8 | Q15: =[57]人員・時間計画!$E$12 -> 0 | R15: =[57]人員・時間計画!$F$25 -> 44 | S15: =[57]人員・時間計画!$F$26 -> 0 | T15: =[57]人員・時間計画!$F$11 -> 8 | U15: =[57]人員・時間計画!$F$12 -> 0 | V15: =[57]人員・時間計画!$G$25 -> 75 | W15: =[57]人員・時間計画!$G$26 -> 0 | X15: =[57]人員・時間計画!$G$11 -> 8 | Y15: =[57]人員・時間計画!$G$12 -> 0 | Z15: =[57]人員・時間計画!$H$25 -> 36 | AA15: =[57]人員・時間計画!$H$26 -> 0 | AB15: =[57]人員・時間計画!$H$11 -> 8 | AC15: =[57]人員・時間計画!$H$12 -> 0 | AD15: =[57]人員・時間計画!$I$25 -> 42 | AE15: =[57]人員・時間計画!$I$26 -> 0 | AF15: =[57]人員・時間計画!$I$11 -> 8 | AG15: =[57]人員・時間計画!$I$12 -> 0 | AH15: =[57]人員・時間計画!$J$25 -> 38 | AI15: =[57]人員・時間計画!$J$26 -> 0 | AJ15: =[57]人員・時間計画!$J$11 -> 8 | AK15: =[57]人員・時間計画!$J$12 -> 0 | AL15: =[57]人員・時間計画!$K$25 -> 42 | AM15: =[57]人員・時間計画!$K$26 -> 0 | AN15: =[57]人員・時間計画!$K$11 -> 8 | AO15: =[57]人員・時間計画!$K$12 -> 0 | AP15: =[57]人員・時間計画!$L$25 -> 38 | AQ15: =[57]人員・時間計画!$L$26 -> 0 | AR15: =[57]人員・時間計画!$L$11 -> 8 | AS15: =[57]人員・時間計画!$L$12 -> 0 | AT15: =[57]人員・時間計画!$M$25 -> 30 | AU15: =[57]人員・時間計画!$M$26 -> 0 | AV15: =[57]人員・時間計画!$M$11 -> 8 | AW15: =[57]人員・時間計画!$M$12 -> 0 | AX15: =[57]人員・時間計画!$N$25 -> 75 | AY15: =[57]人員・時間計画!$N$26 -> 0 | AZ15: =[57]人員・時間計画!$N$11 -> 8 | BA15: =[57]人員・時間計画!$N$12 -> 0
B16: 6421 | C16: =IF($A$1=1,Sheet1!D80,Sheet1!A80) -> IT ソリューション推進部
D17: =IF($A$1=1,Sheet1!C81,Sheet1!B81) -> 情報システム課 | E17: 1412000086 | F17: =[58]人員・時間計画!$C$25 -> 40 | G17: =[58]人員・時間計画!$C$26 -> 0 | H17: =[58]人員・時間計画!$C$11 -> 13 | I17: =[58]人員・時間計画!$C$12 -> 0 | J17: =[58]人員・時間計画!$D$25 -> 38 | K17: =[58]人員・時間計画!$D$26 -> 0 | L17: =[58]人員・時間計画!$D$11 -> 13 | M17: =[58]人員・時間計画!$D$12 -> 0 | N17: =[58]人員・時間計画!$E$25 -> 42 | O17: =[58]人員・時間計画!$E$26 -> 0 | P17: =[58]人員・時間計画!$E$11 -> 13 | Q17: =[58]人員・時間計画!$E$12 -> 0 | R17: =[58]人員・時間計画!$F$25 -> 40 | S17: =[58]人員・時間計画!$F$26 -> 0 | T17: =[58]人員・時間計画!$F$11 -> 13 | U17: =[58]人員・時間計画!$F$12 -> 0 | V17: =[58]人員・時間計画!$G$25 -> 40 | W17: =[58]人員・時間計画!$G$26 -> 0 | X17: =[58]人員・時間計画!$G$11 -> 13 | Y17: =[58]人員・時間計画!$G$12 -> 0 | Z17: =[58]人員・時間計画!$H$25 -> 38 | AA17: =[58]人員・時間計画!$H$26 -> 0 | AB17: =[58]人員・時間計画!$H$11 -> 14 | AC17: =[58]人員・時間計画!$H$12 -> 0 | AD17: =[58]人員・時間計画!$I$25 -> 46 | AE17: =[58]人員・時間計画!$I$26 -> 0 | AF17: =[58]人員・時間計画!$I$11 -> 14 | AG17: =[58]人員・時間計画!$I$12 -> 0 | AH17: =[58]人員・時間計画!$J$25 -> 40 | AI17: =[58]人員・時間計画!$J$26 -> 0 | AJ17: =[58]人員・時間計画!$J$11 -> 14 | AK17: =[58]人員・時間計画!$J$12 -> 0 | AL17: =[58]人員・時間計画!$K$25 -> 42 | AM17: =[58]人員・時間計画!$K$26 -> 0 | AN17: =[58]人員・時間計画!$K$11 -> 14 | AO17: =[58]人員・時間計画!$K$12 -> 0 | AP17: =[58]人員・時間計画!$L$25 -> 40 | AQ17: =[58]人員・時間計画!$L$26 -> 0 | AR17: =[58]人員・時間計画!$L$11 -> 14 | AS17: =[58]人員・時間計画!$L$12 -> 0 | AT17: =[58]人員・時間計画!$M$25 -> 30 | AU17: =[58]人員・時間計画!$M$26 -> 0 | AV17: =[58]人員・時間計画!$M$11 -> 14 | AW17: =[58]人員・時間計画!$M$12 -> 0 | AX17: =[58]人員・時間計画!$N$25 -> 40 | AY17: =[58]人員・時間計画!$N$26 -> 0 | AZ17: =[58]人員・時間計画!$N$11 -> 14 | BA17: =[58]人員・時間計画!$N$12 -> 0
B19: TOTAL | F19: =SUM(F8:F17) -> 712 | G19: =SUM(G8:G17) -> 564.5 | H19: =SUM(H8:H17) -> 79 | I19: =SUM(I8:I17) -> 76 | J19: =SUM(J8:J17) -> 736 | K19: =SUM(K8:K17) -> 372.5 | L19: =SUM(L8:L17) -> 80 | M19: =SUM(M8:M17) -> 76 | ... BA19: =SUM(BA8:BA17) -> 76

Sheet 6511
A1: 1 | B1: → １＝日本語(tiếng nhật)、２＝ベトナム語(tiếng việt) | F1: 4 | J1: 5 | N1: 6 | R1: 7 | V1: 8 | Z1: 9 | AD1: 10 | AH1: 11 | AL1: 12 | AP1: 1 | AT1: 2 | AX1: 3
F2: Dự tính Thời gian làm thêm (người Việt ) 残業時間（ローカル社員） (1/4/2023 ~ 30/4/2023) | H2: Dự tính Số người Việt 人員合計 (1/4/2023 ~ 30/4/2023) | J2: Dự tính Thời gian làm thêm (người Việt ) 残業時間（ローカル社員） (1/5/2023 ~ 31/5/2023) | L2: Dự tính Số người Việt 人員合計 (1/5/2023 ~ 31/5/2023) | N2: Dự tính Thời gian làm thêm (người Việt ) 残業時間（ローカル社員） (1/6/2023 ~ 30/6/2023) | P2: Dự tính Số người Việt 人員合計 (1/6/2023 ~ 30/6/2023) | R2: Dự tính Thời gian làm thêm (người Việt ) 残業時間（ローカル社員） (1/7/2023 ~ 31/7/2023) | T2: Dự tính Số người Việt 人員合計 (1/7/2023 ~ 31/7/2023) | V2: Dự tính Thời gian làm thêm (người Việt ) 残業時間（ローカル社員） (1/8/2023 ~ 31/8/2023) | X2: Dự tính Số người Việt 人員合計 (1/8/2023 ~ 31/8/2023) | Z2: Dự tính Thời gian làm thêm (người Việt ) 残業時間（ローカル社員） (1/9/2023 ~ 30/9/2023) | AB2: Dự tính Số người Việt 人員合計 (1/9/2023 ~ 30/9/2023) | AD2: Dự tính Thời gian làm thêm(người Việt ) 残業時間（ローカル社員） (1/10/2023 ~ 31/10/2023) | AF2: Dự tính Số người Việt 人員合計 (1/10/2023 ~ 31/10/2023) | AH2: Dự tính Thời gian làm thêm (người Việt ) 残業時間（ローカル社員） (1/11/2023 ~ 30/11/2023) | AJ2: Dự tính Số người Việt 人員合計 (1/11/2023 ~ 30/11/2023) | AL2: Dự tính Thời gian làm thêm (người Việt ) 残業時間（ローカル社員） (1/12/2023 ~ 31/12/2023) | AN2: Dự tính Số người Việt 人員合計 (1/12/2023 ~ 31/12/2023) | AP2: Dự tính Thời gian làm thêm (người Việt ) 残業時間（ローカル社員） (1/1/2024 ~ 31/1/2024) | AR2: Dự tính Số người Việt 人員合計 (1/1/2024 ~ 31/1/2024) | AT2: Dự tính Thời gian làm thêm (người Việt ) 残業時間（ローカル社員） (1/2/2024 ~ 28/2/2024) | AV2: Dự tính Số người Việt 人員合計 (1/2/2024~ 28/2/2024) | AX2: Dự tính Thời gian làm thêm (người Việt ) 残業時間（ローカル社員） (1/3/2024 ~ 31/3/2024) | AZ2: Dự tính Số người Việt 人員合計 (1/3/2024~ 31/3/2024)
F3: 4 | G3: 4 | H3: 4 | I3: 4 | J3: 5 | K3: 5 | L3: 5 | M3: 5 | N3: 6 | O3: 6 | P3: 6 | Q3: 6 | R3: 7 | S3: 7 | T3: 7 | U3: 7 | V3: 8 | W3: 8 | X3: 8 | Y3: 8 | Z3: 9 | AA3: 9 | AB3: 9 | AC3: 9 | AD3: 10 | AE3: 10 | AF3: 10 | AG3: 10 | AH3: 11 | AI3: 11 | AJ3: 11 | AK3: 11 | AL3: 12 | AM3: 12 | AN3: 12 | AO3: 12 | AP3: 1 | AQ3: 1 | AR3: 1 | AS3: 1 | AT3: 2 | AU3: 2 | AV3: 2 | AW3: 2 | AX3: 3 | AY3: 3 | AZ3: 3 | BA3: 3
F4: 残業時間 | G4: 残業時間 | H4: 人員 | I4: 人員 | J4: 残業時間 | K4: 残業時間 | L4: 人員 | M4: 人員 | N4: 残業時間 | O4: 残業時間 | P4: 人員 | Q4: 人員 | R4: 残業時間 | S4: 残業時間 | T4: 人員 | U4: 人員 | V4: 残業時間 | W4: 残業時間 | X4: 人員 | Y4: 人員 | Z4: 残業時間 | AA4: 残業時間 | AB4: 人員 | AC4: 人員 | AD4: 残業時間 | AE4: 残業時間 | AF4: 人員 | AG4: 人員 | AH4: 残業時間 | AI4: 残業時間 | AJ4: 人員 | AK4: 人員 | AL4: 残業時間 | AM4: 残業時間 | AN4: 人員 | AO4: 人員 | AP4: 残業時間 | AQ4: 残業時間 | AR4: 人員 | AS4: 人員 | AT4: 残業時間 | AU4: 残業時間 | AV4: 人員 | AW4: 人員 | AX4: 残業時間 | AY4: 残業時間 | AZ4: 人員 | BA4: 人員
F5: G5以上 | G5: G7, G6 | H5: G5以上 | I5: G7, G6 | J5: G5以上 | K5: G7, G6 | L5: G5以上 | M5: G7, G6 | N5: G5以上 | O5: G7, G6 | P5: G5以上 | Q5: G7, G6 | R5: G5以上 | S5: G7, G6 | T5: G5以上 | U5: G7, G6 | V5: G5以上 | W5: G7, G6 | X5: G5以上 | Y5: G7, G6 | Z5: G5以上 | AA5: G7, G6 | AB5: G5以上 | AC5: G7, G6 | AD5: G5以上 | AE5: G7, G6 | AF5: G5以上 | AG5: G7, G6 | AH5: G5以上 | AI5: G7, G6 | AJ5: G5以上 | AK5: G7, G6 | AL5: G5以上 | AM5: G7, G6 | AN5: G5以上 | AO5: G7, G6 | AP5: G5以上 | AQ5: G7, G6 | AR5: G5以上 | AS5: G7, G6 | AT5: G5以上 | AU5: G7, G6 | AV5: G5以上 | AW5: G7, G6 | AX5: G5以上 | AY5: G7, G6 | AZ5: G5以上 | BA5: G7, G6
B6: Mã TK コード | C6: Tên bộ phận 名前部 | D6: Tên phòng 名前課 | E6: 原価センター | F6: Nhân viên スタップ | G6: Công nhân G7, G6 | H6: Nhân viên スタップ | I6: Công nhân G7, G6 | J6: Nhân viên スタップ | K6: Công nhân G7, G6 | L6: Nhân viên スタップ | M6: Công nhân G7, G6 | N6: Nhân viên スタップ | O6: Công nhân G7, G6 | P6: Nhân viên スタップ | Q6: Công nhân G7, G6 | R6: Nhân viên スタップ | S6: Công nhân G7, G6 | T6: Nhân viên スタップ | U6: Công nhân G7, G6 | V6: Nhân viên スタップ | W6: Công nhân G7, G6 | X6: Nhân viên スタップ | Y6: Công nhân G7, G6 | Z6: Nhân viên スタップ | AA6: Công nhân G7, G6 | AB6: Nhân viên スタップ | AC6: Công nhân G7, G6 | AD6: Nhân viên スタップ | AE6: Công nhân G7, G6 | AF6: Nhân viên スタップ | AG6: Công nhân G7, G6 | AH6: Nhân viên スタップ | AI6: Công nhân G7, G6 | AJ6: Nhân viên スタップ | AK6: Công nhân G7, G6 | AL6: Nhân viên スタップ | AM6: Công nhân G7, G6 | AN6: Nhân viên スタップ | AO6: Công nhân G7, G6 | AP6: Nhân viên スタップ | AQ6: Công nhân G7, G6 | AR6: Nhân viên スタップ | AS6: Công nhân G7, G6 | AT6: Nhân viên スタップ | AU6: Công nhân G7, G6 | AV6: Nhân viên スタップ | AW6: Công nhân G7, G6 | AX6: Nhân viên スタップ | AY6: Công nhân G7, G6 | AZ6: Nhân viên スタップ | BA6: Công nhân G7, G6
B7: 6511 | C7: =IF($A$1=1,Sheet1!D76,Sheet1!A76) -> 経営管理部 | D7: =IF($A$1=1,Sheet1!C79,Sheet1!B79) -> 貿易管理課 | E7: 1412000030 | F7: =[59]人員・時間計画!$C$25 -> 80 | G7: =[59]人員・時間計画!$C$26 -> 0 | H7: =[59]人員・時間計画!$C$11 -> 17 | I7: =[59]人員・時間計画!$C$12 -> 0 | J7: =[59]人員・時間計画!$D$25 -> 76 | K7: =[59]人員・時間計画!$D$26 -> 0 | L7: =[59]人員・時間計画!$D$11 -> 17 | M7: =[59]人員・時間計画!$D$12 -> 0 | N7: =[59]人員・時間計画!$E$25 -> 84 | O7: =[59]人員・時間計画!$E$26 -> 0 | P7: =[59]人員・時間計画!$E$11 -> 17 | Q7: =[59]人員・時間計画!$E$12 -> 0 | R7: =[59]人員・時間計画!$F$25 -> 92 | S7: =[59]人員・時間計画!$F$26 -> 0 | T7: =[59]人員・時間計画!$F$11 -> 17 | U7: =[59]人員・時間計画!$F$12 -> 0 | V7: =[59]人員・時間計画!$G$25 -> 80 | W7: =[59]人員・時間計画!$G$26 -> 0 | X7: =[59]人員・時間計画!$G$11 -> 17 | Y7: =[59]人員・時間計画!$G$12 -> 0 | Z7: =[59]人員・時間計画!$H$25 -> 76 | AA7: =[59]人員・時間計画!$H$26 -> 0 | AB7: =[59]人員・時間計画!$H$11 -> 17 | AC7: =[59]人員・時間計画!$H$12 -> 0 | AD7: =[59]人員・時間計画!$C$25 -> 80 | AE7: =[59]人員・時間計画!$C$26 -> 0 | AF7: =[59]人員・時間計画!$C$11 -> 17 | AG7: =[59]人員・時間計画!$C$12 -> 0 | AH7: =[59]人員・時間計画!$C$25 -> 80 | AI7: =[59]人員・時間計画!$C$26 -> 0 | AJ7: =[59]人員・時間計画!$C$11 -> 17 | AK7: =[59]人員・時間計画!$C$12 -> 0 | AL7: =[59]人員・時間計画!$C$25 -> 80 | AM7: =[59]人員・時間計画!$C$26 -> 0 | AN7: =[59]人員・時間計画!$C$11 -> 17 | AO7: =[59]人員・時間計画!$C$12 -> 0 | AP7: =[59]人員・時間計画!$C$25 -> 80 | AQ7: =[59]人員・時間計画!$C$26 -> 0 | AR7: =[59]人員・時間計画!$C$11 -> 17 | AS7: =[59]人員・時間計画!$C$12 -> 0 | AT7: =[59]人員・時間計画!$C$25 -> 80 | AU7: =[59]人員・時間計画!$C$26 -> 0 | AV7: =[59]人員・時間計画!$C$11 -> 17 | AW7: =[59]人員・時間計画!$C$12 -> 0 | AX7: =[59]人員・時間計画!$C$25 -> 80 | AY7: =[59]人員・時間計画!$C$26 -> 0 | AZ7: =[59]人員・時間計画!$C$11 -> 17 | BA7: =[59]人員・時間計画!$C$12 -> 0
B8: 6511 | C8: =IF($A$1=1,Sheet1!D29,Sheet1!A29) -> 物流部 | D8: =IF($A$1=1,Sheet1!C31,Sheet1!B31) -> 製品管理課 | E8: 1412000072 | F8: =[60]人員・時間計画!$C$25 -> 100 | G8: =[60]人員・時間計画!$C$26 -> 150 | H8: =[60]人員・時間計画!$C$11 -> 11 | I8: =[60]人員・時間計画!$C$12 -> 53 | J8: =[60]人員・時間計画!$D$25 -> 96 | K8: =[60]人員・時間計画!$D$26 -> 150 | L8: =[60]人員・時間計画!$D$11 -> 11 | M8: =[60]人員・時間計画!$D$12 -> 53 | N8: =[60]人員・時間計画!$E$25 -> 104 | O8: =[60]人員・時間計画!$E$26 -> 150 | P8: =[60]人員・時間計画!$E$11 -> 11 | Q8: =[60]人員・時間計画!$E$12 -> 52 | R8: =[60]人員・時間計画!$F$25 -> 112 | S8: =[60]人員・時間計画!$F$26 -> 150 | T8: =[60]人員・時間計画!$F$11 -> 11 | U8: =[60]人員・時間計画!$F$12 -> 52 | V8: =[60]人員・時間計画!$G$25 -> 100 | W8: =[60]人員・時間計画!$G$26 -> 200 | X8: =[60]人員・時間計画!$G$11 -> 11 | Y8: =[60]人員・時間計画!$G$12 -> 51 | Z8: =[60]人員・時間計画!$H$25 -> 96 | AA8: =[60]人員・時間計画!$H$26 -> 200 | AB8: =[60]人員・時間計画!$H$11 -> 11 | AC8: =[60]人員・時間計画!$H$12 -> 50 | AD8: =[60]人員・時間計画!$I$25 -> 112 | AE8: =[60]人員・時間計画!$I$26 -> 200 | AF8: =[60]人員・時間計画!$I$11 -> 11 | AG8: =[60]人員・時間計画!$I$12 -> 50 | AH8: =[60]人員・時間計画!$J$25 -> 100 | AI8: =[60]人員・時間計画!$J$26 -> 200 | AJ8: =[60]人員・時間計画!$J$11 -> 11 | AK8: =[60]人員・時間計画!$J$12 -> 50 | AL8: =[60]人員・時間計画!$K$25 -> 108 | AM8: =[60]人員・時間計画!$K$26 -> 350 | AN8: =[60]人員・時間計画!$K$11 -> 11 | AO8: =[60]人員・時間計画!$K$12 -> 49 | AP8: =[60]人員・時間計画!$L$25 -> 100 | AQ8: =[60]人員・時間計画!$L$26 -> 450 | AR8: =[60]人員・時間計画!$L$11 -> 11 | AS8: =[60]人員・時間計画!$L$12 -> 50 | AT8: =[60]人員・時間計画!$M$25 -> 90 | AU8: =[60]人員・時間計画!$M$26 -> 800 | AV8: =[60]人員・時間計画!$M$11 -> 11 | AW8: =[60]人員・時間計画!$M$12 -> 51 | AX8: =[60]人員・時間計画!$N$25 -> 100 | AY8: =[60]人員・時間計画!$N$26 -> 600 | AZ8: =[60]人員・時間計画!$N$11 -> 11 | BA8: =[60]人員・時間計画!$N$12 -> 50
B10: TOTAL | F10: =SUM(F7:F8) -> 180 | G10: =SUM(G7:G8) -> 150 | H10: =SUM(H7:H8) -> 28 | I10: =SUM(I7:I8) -> 53 | J10: =SUM(J7:J8) -> 172 | K10: =SUM(K7:K8) -> 150 | L10: =SUM(L7:L8) -> 28 | M10: =SUM(M7:M8) -> 53 | ... BA10: =SUM(BA7:BA8) -> 50
F11: 180 | G11: 150 | H11: 28 | I11: 53 | J11: 172 | K11: 150 | L11: 28 | M11: 53 | N11: 188 | O11: 150 | P11: 28 | Q11: 52 | R11: 204 | S11: 150 | T11: 28 | U11: 52 | V11: 180 | W11: 200 | X11: 28 | Y11: 51 | Z11: 172 | AA11: 200 | AB11: 28 | AC11: 50 | AD11: 204 | AE11: 200 | AF11: 28 | AG11: 50 | AH11: 180 | AI11: 200 | AJ11: 28 | AK11: 50 | AL11: 196 | AM11: 350 | AN11: 28 | AO11: 49 | AP11: 180 | AQ11: 450 | AR11: 28 | AS11: 50 | AT11: 150 | AU11: 800 | AV11: 28 | AW11: 51 | AX11: 180 | AY11: 600 | AZ11: 28 | BA11: 50
F13: =F10-F11 -> 0 | G13: =G10-G11 -> 0 | H13: =H10-H11 -> 0 | I13: =I10-I11 -> 0 | J13: =J10-J11 -> 0 | K13: =K10-K11 -> 0 | L13: =L10-L11 -> 0 | M13: =M10-M11 -> 0 | ... BA13: =BA10-BA11 -> 0

Sheet Sheet1
A3: Bộ phận chế tạo máy in | D3: 機器製造部
B4: Chế tạo máy in 1 | C4: 機器製造1課 | E4: 1412000004
B5: Chế tạo máy in 2 | C5: 機器製造2課 | E5: 1412000005
B6: Quản lý máy in | C6: 機器製造管理課 | E6: 1412000062
B7: Chế tạo máy 3 | C7: 機器製造3課 | E7: 1412000081
B8: Chế tạo RPS | C8: RPS製造課 | D8: RPS製造課 | E8: 1412000066
A9: Bộ phận QLCL máy | D9: 工程品質管理部
B10: Quản lý chất lượng công đoạn 1 | C10: 工程品質管理1課 | E10: 1412000053
B11: Quản lý chất lượng công đoạn 2 | C11: 工程品質管理2課 | E11: 1412000075
A13: Bộ phận CT mực in | D13: トナー製造部
B14: Chế tạo mực in | C14: トナー製造課 | E14: 1412000034
B15: Kỹ thuật sản xuất mực in | C15: トナー生産技術課 | E15: 1412000048
B16: Quản lý mực | C16: トナー製造管理課 | E16: 1412000063
B17: Phòng quản lý chất lượng mực in | C17: トナー品質管理課 | E17: 1412000055
A18: Bộ phận chế tạo linh kiện | D18: 部品製造部
B19: Chế tạo linh kiện | C19: 部品製造課 | E19: 1412000056
B20: Kỹ thuật khuôn | C20: 金型技術課 | E20: 1412000044
B21: Quản lý chế tạo linh kiện | C21: 部品製造管理課 | E21: 1412000087
B22: Quản lý chất lượng | C22: 品質管理課 | E22: 1412000088
B23: Phòng Kĩ thuật linh kiện | C23: 部品技術課 | E23: 1412000067
A24: Bộ phận QLSX | D24: 生産管理部
B25: Quản lý sản xuất | C25: 生産管理課 | E25: 1412000008
B26: Quản lý lợi nhuận | C26: 採算管理課 | E26: 1412000010
B27: Quản lý dữ liệu | C27: マスター管理課 | E27: 1412000054
B28: Quản lý OC | C28: OC管理課 | E28: 1412000094
A29: Bộ phận xuất nhập hàng hóa | D29: 物流部
B30: Quản lý linh kiện | C30: 部品管理課 | E30: 1412000036
B31: Quản lý thành phẩm | C31: 製品管理課 | E31: 1412000072
B32: Quản lý xuất nhập hàng hóa | C32: 物流管理課 | E32: 1412000073
A33: Bộ phận cải tiến chế tạo | D33: 製造改善部
B34: Đổi mới sản xuất | C34: 生産革新課 | E34: 1412000076
A35: Bộ phận KTCT | D35: 製造技術部
B36: Kỹ thuật chế tạo cơ khí 1 | C36: メカ製造技術1課 | E36: 1412000006
B37: Kỹ thuật chế tạo cơ khí 2 | C37: メカ製造技術2課 | E37: 1412000039
B38: Kỹ thuật chế tạo cơ khí 3 | C38: メカ製造技術3課 | E38: 1412000089
B39: Kỹ thuật chế tạo cơ khí 4 | C39: メカ製造技術4課 | E39: 141200008YY
B40: Kỹ thuật chế tạo điện | C40: 電気製造技術課 | E40: 1412000040
A41: Bộ phận QLCL hàng ngoài | D41: 外製品質管理部
B42: Kiểm tra linh kiện 1 | C42: 部品検査1課 | E42: 1412000013
B43: Kiểm tra linh kiện 2 | C43: 部品検査2課 | E43: 1412000092
B44: Phòng Quản lý linh kiện ngoài | C44: 外製管理課 | E44: 1412000035
A45: Bộ phận KTSX | D45: 生産技術部
B46: Kỹ thuật sản xuất1 | C46: 生産技術1課 | E46: 1412000016
B47: Kỹ thuật sản xuất2 | C47: 生産技術2課 | E47: 1412000069
B48: Kỹ thuật sản xuất3 | C48: 生産技術3課 | E48: 1412000084
A50: Bộ phận phát triển | D50: 製品開発部
B51: Phòng MD 1 | C51: MD1課 | E51: 1412000050
B52: Phòng MD 2 | C52: MD2課 | E52: 1412000077
B53: Phòng MD3 | C53: MD3課 | E53: 1412000083
B54: Phòng MD4 | C54: MD4課 | E54: 1412000099
B55: Phòng MD5 | C55: MD5課 | E55: 14120000ZZ
B56: Phòng EI 1 | C56: EI1課 | E56: 1412000057
B57: Phòng EI 2 | C57: EI2課 | E57: 14120000XX
B58: Phòng ESD1 | C58: ESD1課 | E58: 1412000078
B59: Phòng ESD2 | C59: ESD2課 | E59: 1412000096
A60: Bộ phận ĐBCL | D60: 品質保証部
B61: Đảm bảo chất lượng | C61: 品質保証課 | E61: 1412000018
B62: Đảm bảo sản phẩm | C62: 製品保証課 | E62: 1412000019
A63: Bộ phận vật tư | D63: 資材部
B64: Vật tư 1 | C64: 第1資材課 | E64: 1412000058
B65: Vật tư 2 | C65: 第2資材課 | E65: 1412000042
B66: Vật tư 3 | C66: 第3資材課 | E66: 1412000021
B67: Vật tư 4 | C67: 第4資材課 | E67: 1412000070
B68: Quản lý vật tư | C68: 資材管理課 | E68: 1412000022
A69: Bộ phận HCNS | D69: 総務人事部
B70: Hành chính | C70: 総務課 | E70: 1412000024
B71: Nhân sự | C71: 人事課 | E71: 1412000025
B72: Phát triển nhân lực | C72: 人材開発課 | E72: 1412000061
B73: Thiết bị | C73: 施設課 | E73: 1412000026
B74: Quản lý rủi ro | C74: リスクマネジメント課 | E74: 1412000093
B75: An ninh | C75: 保安課 | E75: 1412000091
A76: Bộ phận QLKD | D76: 経営管理部
B77: Kế toán | C77: 会計課 | E77: 1412000028
B78: Quản lý kinh doanh | C78: 経営管理課 | E78: 1412000029
A79: Phòng Quản lý xuất nhập khẩu | B79: Quản lý xuất nhập khẩu | C79: 貿易管理課 | D79: 貿易管理課 | E79: 1412000030
A80: Bộ phận xúc tiến giải pháp CNTT | D80: IT ソリューション推進部
B81: Hệ thống thông tin | C81: 情報システム課 | E81: 1412000086
A82: TỔNG CỘNG | D82: 合計

Sheet Form Số người
A1: FY2026_MP | C1: 機器製造1課 | D1: 機器製造2課 | E1: 機器製造3課 | F1: RPS製造課 | G1: 機器製造管理課 | H1: 機器製造部 | I1: トナー製造課 | J1: トナー生産技術課 | K1: トナー製造管理課 | L1: トナー品質管理課 | M1: トナー製造部計 | N1: 部品製造課 | O1: 金型技術課 | P1: 部品製造管理課 | Q1: 品質管理課 | R1: 部品製造部 | S1: 電工製造課 | T1: 電工製造部 | U1: 生産管理課 | V1: 採算管理課 | W1: マスター管理課 | X1: OC管理課 | Y1: 生産管理部 | Z1: 部品管理課 | AA1: 製品管理課 | AB1: 物流管理課 | AC1: 物流部 | AD1: 工程品質管理1課 | AE1: 工程品質管理2課 | AF1: 機器工程品質管理部 | AG1: 部品検査1課 | AH1: 部品検査2課 | AI1: 外製管理課 | AJ1: 外製品質管理部 | AK1: 製造本部 | AL1: メカ製造技術1課 | AM1: メカ製造技術2課 | AN1: メカ製造技術3課 | AO1: メカ製造技術4課 | AP1: 電気製造技術課 | AQ1: 製造技術部 | AR1: 生産技術1課 | AS1: 生産技術2課 | AT1: 生産技術3課 | AU1: 生産技術部 | AV1: 部品技術課 | AW1: 部品技術部 | AX1: 生産技術本部 | AY1: MD1課 | AZ1: MD2課 | BA1: MD3課 | BB1: MD4課 | BC1: MD5課 | BD1: EI1課 | BE1: EI2課 | BF1: ESD1課 | BG1: ESD2課 | BH1: 製品開発部 | BI1: 製品開発本部 | BJ1: 品質保証課 | BK1: 製品保証課 | BL1: 品質保証部 | BM1: 第1資材課 | BN1: 第2資材課 | BO1: 第3資材課 | BP1: 第4資材課 | BQ1: 資材管理課 | BR1: 資材管理部 | BS1: 総務課 | BT1: 人事課 | BU1: 施設課 | BV1: リスクマネジメント課 | BW1: 保安課 | BX1: 総務人事部 | BY1: 会計課 | BZ1: 経営管理課 | CA1: 貿易管理課 | CB1: 経営管理部 | CC1: 情報システム課 | CD1: ITソリューション推進部 | CE1: KDTVN合計
C2: 機器製造1課 | D2: 機器製造2課 | E2: 機器製造3課 | F2: RPS製造課 | G2: 機器製造管理課 | H2: 機器製造部 | I2: トナー製造課 | J2: トナー生産技術課 | K2: トナー製造管理課 | L2: トナー品質管理課 | M2: トナー製造部計 | N2: 部品製造課 | O2: 金型技術課 | P2: 部品製造管理課 | Q2: 品質管理課 | R2: 部品製造部 | S2: 電工製造課 | T2: 電工製造部 | U2: 生産管理課 | V2: 採算管理課 | W2: マスター管理課 | X2: OC管理課 | Y2: 生産管理部 | Z2: 部品管理課 | AA2: 製品管理課 | AB2: 物流管理課 | AC2: 物流部 | AD2: 工程品質管理1課 | AE2: 工程品質管理2課 | AF2: 機器工程品質管理部 | AG2: 部品検査1課 | AH2: 部品検査2課 | AI2: 外製管理課 | AJ2: 外製品質管理部 | AK2: 製造本部 | AL2: メカ製造技術1課 | AM2: メカ製造技術2課 | AN2: メカ製造技術3課 | AO2: メカ製造技術4課 | AP2: 電気製造技術課 | AQ2: 製造技術部 | AR2: 生産技術1課 | AS2: 生産技術2課 | AT2: 生産技術3課 | AU2: 生産技術部 | AV2: 部品技術課 | AW2: 部品技術部 | AX2: 生産技術本部 | AY2: MD1課 | AZ2: MD2課 | BA2: MD3課 | BB2: MD4課 | BC2: MD5課 | BD2: EI1課 | BE2: EI2課 | BF2: ESD1課 | BG2: ESD2課 | BH2: 製品開発部 | BI2: 製品開発本部 | BJ2: 品質保証課 | BK2: 製品保証課 | BL2: 品質保証部 | BM2: 第1資材課 | BN2: 第2資材課 | BO2: 第3資材課 | BP2: 第4資材課 | BQ2: 資材管理課 | BR2: 資材管理部 | BS2: 総務課 | BT2: 人事課 | BU2: 施設課 | BV2: リスクマネジメント課 | BW2: 保安課 | BX2: 総務人事部 | BY2: 会計課 | BZ2: 経営管理課 | CA2: 貿易管理課 | CB2: 経営管理部 | CC2: 情報システム課 | CD2: ITソリューション推進部 | CE2: KDTVN合計
A3: 4 | B3: 人員 | C3: =IF(C1=C2,"OK","NG") -> OK | D3: =IF(D1=D2,"OK","NG") -> OK | E3: =IF(E1=E2,"OK","NG") -> OK | F3: =IF(F1=F2,"OK","NG") -> OK | G3: =IF(G1=G2,"OK","NG") -> OK | H3: =IF(H1=H2,"OK","NG") -> OK | I3: =IF(I1=I2,"OK","NG") -> OK | J3: =IF(J1=J2,"OK","NG") -> OK | ... CE3: =IF(CE1=CE2,"OK","NG") -> OK
A4: 4 | B4: 出向社員 | C4: =[1]人員・時間計画!$C$10 -> 2 | D4: =[2]人員・時間計画!$C10 -> 0 | E4: =[3]人員・時間計画!$C10 -> 0 | F4: =[4]人員・時間計画!$C10 -> 0 | G4: =[17]人員・時間計画!$C10 -> 0 | H4: =SUM(C4:G4) -> 2 | I4: =[5]人員・時間計画!$C10 -> 1 | J4: =[18]人員・時間計画!$C10 -> 0 | K4: =[19]人員・時間計画!$C10 -> 0 | L4: =[20]人員・時間計画!$C10 -> 0 | M4: =SUM(I4:L4) -> 1 | N4: =[6]人員・時間計画!$C10 -> 1 | O4: ='[21]Kế hoạch số người - thời gian'!$C10 -> 2 | P4: =[22]人員・時間計画!$C10 -> 0 | Q4: =[23]人員・時間計画!$C10 -> 0 | R4: =SUM(N4:Q4) -> 3 | S4: ='[7]人員・時間計画 '!$C10 -> 2 | T4: =S4 -> 2 | U4: =[26]人員・時間計画!$C10 -> 1 | V4: =[27]人員・時間計画!$C10 -> 0 | W4: =[28]人員・時間計画!$C10 -> 0 | X4: =[29]人員・時間計画!$C10 -> 0 | Y4: =SUM(U4:X4) -> 1 | Z4: =[30]人員・時間計画!$C10 -> 0 | AA4: =[60]人員・時間計画!$C10 -> 0 | AB4: =[31]人員・時間計画!$C10 -> 1 | AC4: =SUM(Z4:AB4) -> 1 | AD4: =[24]人員・時間計画!$C10 -> 2 | AE4: =[25]人員・時間計画!$C10 -> 0 | AF4: =SUM(AD4:AE4) -> 2 | AG4: =[37]人員・時間計画!$C10 -> 0 | AH4: =[38]人員・時間計画!$C10 -> 0 | AI4: =[39]人員・時間計画!$C10 -> 2 | AJ4: =SUM(AG4:AI4) -> 2 | AK4: =AJ4+AF4+AC4+Y4+T4+R4+M4+H4 -> 14 | AL4: =[32]人員・時間計画!$C10 -> 0 | AM4: =[33]人員・時間計画!C10 -> 2 | AN4: =[34]人員・時間計画!$C10 -> 0 | AO4: =[35]人員・時間計画!$C10 -> 0 | AP4: =[36]人員・時間計画!$C10 -> 1 | AQ4: =SUM(AL4:AP4) -> 3 | AR4: =[41]人員・時間計画!$C10 -> 1 | AS4: =[42]人員・時間計画!$C10 -> 1 | AT4: =[43]人員・時間計画!$C10 -> 0 | AU4: =SUM(AR4:AT4) -> 2 | AV4: =[40]人員・時間計画!$C10 -> 2 | AW4: =AV4 -> 2 | AX4: =AQ4+AU4+AW4 -> 7 | AY4: =[8]人員・時間計画!$C10 -> 0 | AZ4: =[9]人員・時間計画!$C10 -> 9 | BA4: =[10]人員・時間計画!$C10 -> 1 | BB4: =[11]人員・時間計画!$C10 -> 1 | BC4: =[12]人員・時間計画!$C10 -> 1 | BD4: =[13]人員・時間計画!$C10 -> 0 | BE4: =[14]人員・時間計画!$C10 -> 1 | BF4: =[15]人員・時間計画!$C10 -> 1 | BG4: =[16]人員・時間計画!$C10 -> 0 | BH4: =SUM(AY4:BG4) -> 14 | BI4: =BH4 -> 14 | BJ4: =[44]人員・時間計画!$C10 -> 2 | BK4: =[45]人員・時間計画!$C10 -> 0 | BL4: =SUM(BJ4:BK4) -> 2 | BM4: =[46]人員・時間計画!$C10 -> 1 | BN4: =[47]人員・時間計画!$C10 -> 1 | BO4: =[48]人員・時間計画!$C10 -> 1 | BP4: =[49]人員・時間計画!$C10 -> 0 | BQ4: =[50]人員・時間計画!$C10 -> 2 | BR4: =SUM(BM4:BQ4) -> 5 | BS4: =[51]人員・時間計画!$C10 -> 1 | BT4: =[52]人員・時間計画!$C10 -> 1 | BU4: =[53]人員・時間計画!$C10 -> 0 | BV4: =[54]人員・時間計画!$C10 -> 1 | BW4: =[55]人員・時間計画!$C10 -> 0 | BX4: =SUM(BS4:BW4) -> 3 | BY4: =[56]人員・時間計画!$C10 -> 0 | BZ4: =[57]人員・時間計画!$C10 -> 1 | CA4: =[59]人員・時間計画!$C10 -> 1 | CB4: =SUM(BY4:CA4) -> 2 | CC4: =[58]人員・時間計画!$C10 -> 1 | CD4: =CC4 -> 1 | CE4: =CD4+CB4+BX4+BR4+BL4+BI4+AX4+AK4 -> 48
A5: 4 | B5: G5以上 | C5: =[1]人員・時間計画!$C$11 -> 77 | D5: =[2]人員・時間計画!$C11 -> 100 | E5: =[3]人員・時間計画!$C11 -> 81 | F5: =[4]人員・時間計画!$C11 -> 0 | G5: =[17]人員・時間計画!$C11 -> 21 | H5: =SUM(C5:G5) -> 279 | I5: =[5]人員・時間計画!$C11 -> 22 | J5: =[18]人員・時間計画!$C11 -> 14 | K5: =[19]人員・時間計画!$C11 -> 7 | L5: =[20]人員・時間計画!$C11 -> 11 | M5: =SUM(I5:L5) -> 54 | N5: =[6]人員・時間計画!$C11 -> 16 | O5: ='[21]Kế hoạch số người - thời gian'!$C11 -> 23 | P5: =[22]人員・時間計画!$C11 -> 9 | Q5: =[23]人員・時間計画!$C11 -> 12 | R5: =SUM(N5:Q5) -> 60 | S5: ='[7]人員・時間計画 '!$C11 -> 15 | T5: =S5 -> 15 | U5: =[26]人員・時間計画!$C11 -> 10 | V5: =[27]人員・時間計画!$C11 -> 6 | W5: =[28]人員・時間計画!$C11 -> 15 | X5: =[29]人員・時間計画!$C11 -> 3 | Y5: =SUM(U5:X5) -> 34 | Z5: =[30]人員・時間計画!$C11 -> 35 | AA5: =[60]人員・時間計画!$C11 -> 11 | AB5: =[31]人員・時間計画!$C11 -> 12 | AC5: =SUM(Z5:AB5) -> 58 | AD5: =[24]人員・時間計画!$C11 -> 94 | AE5: =[25]人員・時間計画!$C11 -> 7 | AF5: =SUM(AD5:AE5) -> 101 | AG5: =[37]人員・時間計画!$C11 -> 25 | AH5: =[38]人員・時間計画!$C11 -> 23 | AI5: =[39]人員・時間計画!$C11 -> 25 | AJ5: =SUM(AG5:AI5) -> 73 | AK5: =AJ5+AF5+AC5+Y5+T5+R5+M5+H5 -> 674 | AL5: =[32]人員・時間計画!$C11 -> 14 | AM5: =[33]人員・時間計画!C11 -> 19 | AN5: =[34]人員・時間計画!$C11 -> 13 | AO5: =[35]人員・時間計画!$C11 -> 9 | AP5: =[36]人員・時間計画!$C11 -> 18 | AQ5: =SUM(AL5:AP5) -> 73 | AR5: =[41]人員・時間計画!$C11 -> 16 | AS5: =[42]人員・時間計画!$C11 -> 12 | AT5: =[43]人員・時間計画!$C11 -> 22 | AU5: =SUM(AR5:AT5) -> 50 | AV5: =[40]人員・時間計画!$C11 -> 21 | AW5: =AV5 -> 21 | AX5: =AQ5+AU5+AW5 -> 144 | AY5: =[8]人員・時間計画!$C11 -> 8 | AZ5: =[9]人員・時間計画!$C11 -> 9 | BA5: =[10]人員・時間計画!$C11 -> 11 | BB5: =[11]人員・時間計画!$C11 -> 15 | BC5: =[12]人員・時間計画!$C11 -> 7 | BD5: =[13]人員・時間計画!$C11 -> 9 | BE5: =[14]人員・時間計画!$C11 -> 7 | BF5: =[15]人員・時間計画!$C11 -> 11 | BG5: =[16]人員・時間計画!$C11 -> 10 | BH5: =SUM(AY5:BG5) -> 87 | BI5: =BH5 -> 87 | BJ5: =[44]人員・時間計画!$C11 -> 11 | BK5: =[45]人員・時間計画!$C11 -> 13 | BL5: =SUM(BJ5:BK5) -> 24 | BM5: =[46]人員・時間計画!$C11 -> 17 | BN5: =[47]人員・時間計画!$C11 -> 4 | BO5: =[48]人員・時間計画!$C11 -> 6 | BP5: =[49]人員・時間計画!$C11 -> 8 | BQ5: =[50]人員・時間計画!$C11 -> 4 | BR5: =SUM(BM5:BQ5) -> 39 | BS5: =[51]人員・時間計画!$C11 -> 10 | BT5: =[52]人員・時間計画!$C11 -> 17 | BU5: =[53]人員・時間計画!$C11 -> 11 | BV5: =[54]人員・時間計画!$C11 -> 5 | BW5: =[55]人員・時間計画!$C11 -> 3 | BX5: =SUM(BS5:BW5) -> 46 | BY5: =[56]人員・時間計画!$C11 -> 12 | BZ5: =[57]人員・時間計画!$C11 -> 8 | CA5: =[59]人員・時間計画!$C11 -> 17 | CB5: =SUM(BY5:CA5) -> 37 | CC5: =[58]人員・時間計画!$C11 -> 13 | CD5: =CC5 -> 13 | CE5: =CD5+CB5+BX5+BR5+BL5+BI5+AX5+AK5 -> 1064
A6: 4 | B6: G7, G6 | C6: =[1]人員・時間計画!$C$12 -> 928 | D6: =[2]人員・時間計画!$C12 -> 1514 | E6: =[3]人員・時間計画!$C12 -> 1024 | F6: =[4]人員・時間計画!$C12 -> 0 | G6: =[17]人員・時間計画!$C12 -> 7 | H6: =SUM(C6:G6) -> 3473 | I6: =[5]人員・時間計画!$C12 -> 297 | J6: =[18]人員・時間計画!$C12 -> 10 | K6: =[19]人員・時間計画!$C12 -> 6 | L6: =[20]人員・時間計画!$C12 -> 14 | M6: =SUM(I6:L6) -> 327 | N6: =[6]人員・時間計画!$C12 -> 125 | O6: ='[21]Kế hoạch số người - thời gian'!$C12 -> 9 | P6: =[22]人員・時間計画!$C12 -> 0 | Q6: =[23]人員・時間計画!$C12 -> 13 | R6: =SUM(N6:Q6) -> 147 | S6: ='[7]人員・時間計画 '!$C12 -> 14 | T6: =S6 -> 14 | U6: =[26]人員・時間計画!$C12 -> 0 | V6: =[27]人員・時間計画!$C12 -> 0 | W6: =[28]人員・時間計画!$C12 -> 1 | X6: =[29]人員・時間計画!$C12 -> 0 | Y6: =SUM(U6:X6) -> 1 | Z6: =[30]人員・時間計画!$C12 -> 348 | AA6: =[60]人員・時間計画!$C12 -> 53 | AB6: =[31]人員・時間計画!$C12 -> 5 | AC6: =SUM(Z6:AB6) -> 406 | AD6: =[24]人員・時間計画!$C12 -> 102 | AE6: =[25]人員・時間計画!$C12 -> 1 | AF6: =SUM(AD6:AE6) -> 103 | AG6: =[37]人員・時間計画!$C12 -> 79 | AH6: =[38]人員・時間計画!$C12 -> 22 | AI6: =[39]人員・時間計画!$C12 -> 4 | AJ6: =SUM(AG6:AI6) -> 105 | AK6: =AJ6+AF6+AC6+Y6+T6+R6+M6+H6 -> 4576 | AL6: =[32]人員・時間計画!$C12 -> 0 | AM6: =[33]人員・時間計画!C12 -> 0 | AN6: =[34]人員・時間計画!$C12 -> 0 | AO6: =[35]人員・時間計画!$C12 -> 0 | AP6: =[36]人員・時間計画!$C12 -> 0 | AQ6: =SUM(AL6:AP6) -> 0 | AR6: =[41]人員・時間計画!$C12 -> 0 | AS6: =[42]人員・時間計画!$C12 -> 0 | AT6: =[43]人員・時間計画!$C12 -> 0 | AU6: =SUM(AR6:AT6) -> 0 | AV6: =[40]人員・時間計画!$C12 -> 0 | AW6: =AV6 -> 0 | AX6: =AQ6+AU6+AW6 -> 0 | AY6: =[8]人員・時間計画!$C12 -> 0 | AZ6: =[9]人員・時間計画!$C12 -> 0 | BA6: =[10]人員・時間計画!$C12 -> 0 | BB6: =[11]人員・時間計画!$C12 -> 0 | BC6: =[12]人員・時間計画!$C12 -> 0 | BD6: =[13]人員・時間計画!$C12 -> 0 | BE6: =[14]人員・時間計画!$C12 -> 0 | BF6: =[15]人員・時間計画!$C12 -> 0 | BG6: =[16]人員・時間計画!$C12 -> 0 | BH6: =SUM(AY6:BG6) -> 0 | BI6: =BH6 -> 0 | BJ6: =[44]人員・時間計画!$C12 -> 1 | BK6: =[45]人員・時間計画!$C12 -> 32 | BL6: =SUM(BJ6:BK6) -> 33 | BM6: =[46]人員・時間計画!$C12 -> 0 | BN6: =[47]人員・時間計画!$C12 -> 0 | BO6: =[48]人員・時間計画!$C12 -> 0 | BP6: =[49]人員・時間計画!$C12 -> 0 | BQ6: =[50]人員・時間計画!$C12 -> 0 | BR6: =SUM(BM6:BQ6) -> 0 | BS6: =[51]人員・時間計画!$C12 -> 6 | BT6: =[52]人員・時間計画!$C12 -> 0 | BU6: =[53]人員・時間計画!$C12 -> 3 | BV6: =[54]人員・時間計画!$C12 -> 0 | BW6: =[55]人員・時間計画!$C12 -> 67 | BX6: =SUM(BS6:BW6) -> 76 | BY6: =[56]人員・時間計画!$C12 -> 0 | BZ6: =[57]人員・時間計画!$C12 -> 0 | CA6: =[59]人員・時間計画!$C12 -> 0 | CB6: =SUM(BY6:CA6) -> 0 | CC6: =[58]人員・時間計画!$C12 -> 0 | CD6: =CC6 -> 0 | CE6: =CD6+CB6+BX6+BR6+BL6+BI6+AX6+AK6 -> 4685
A7: 4 | B7: ローカル社員 | C7: =[1]人員・時間計画!$C$13 -> 1005 | D7: =[2]人員・時間計画!$C13 -> 1614 | E7: =[3]人員・時間計画!$C13 -> 1105 | F7: =[4]人員・時間計画!$C13 -> 0 | G7: =[17]人員・時間計画!$C13 -> 28 | H7: =SUM(H5:H6) -> 3752 | I7: =[5]人員・時間計画!$C13 -> 319 | J7: =[18]人員・時間計画!$C13 -> 24 | K7: =[19]人員・時間計画!$C13 -> 13 | L7: =[20]人員・時間計画!$C13 -> 25 | M7: =SUM(M5:M6) -> 381 | N7: =[6]人員・時間計画!$C13 -> 141 | O7: ='[21]Kế hoạch số người - thời gian'!$C13 -> 32 | P7: =[22]人員・時間計画!$C13 -> 9 | Q7: =[23]人員・時間計画!$C13 -> 25 | R7: =SUM(R5:R6) -> 207 | S7: ='[7]人員・時間計画 '!$C13 -> 29 | T7: =SUM(T5:T6) -> 29 | U7: =[26]人員・時間計画!$C13 -> 10 | V7: =[27]人員・時間計画!$C13 -> 6 | W7: =[28]人員・時間計画!$C13 -> 16 | X7: =[29]人員・時間計画!$C13 -> 3 | Y7: =SUM(Y5:Y6) -> 35 | Z7: =[30]人員・時間計画!$C13 -> 383 | AA7: =[60]人員・時間計画!$C13 -> 64 | AB7: =[31]人員・時間計画!$C13 -> 17 | AC7: =SUM(AC5:AC6) -> 464 | AD7: =[24]人員・時間計画!$C13 -> 196 | AE7: =[25]人員・時間計画!$C13 -> 8 | AF7: =SUM(AF5:AF6) -> 204 | AG7: =[37]人員・時間計画!$C13 -> 104 | AH7: =[38]人員・時間計画!$C13 -> 45 | AI7: =[39]人員・時間計画!$C13 -> 29 | AJ7: =SUM(AJ5:AJ6) -> 178 | AK7: =AJ7+AF7+AC7+Y7+T7+R7+M7+H7 -> 5250 | AL7: =[32]人員・時間計画!$C13 -> 14 | AM7: =[33]人員・時間計画!C13 -> 19 | AN7: =[34]人員・時間計画!$C13 -> 13 | AO7: =[35]人員・時間計画!$C13 -> 9 | AP7: =[36]人員・時間計画!$C13 -> 18 | AQ7: =SUM(AQ5:AQ6) -> 73 | AR7: =[41]人員・時間計画!$C13 -> 16 | AS7: =[42]人員・時間計画!$C13 -> 12 | AT7: =[43]人員・時間計画!$C13 -> 22 | AU7: =SUM(AU5:AU6) -> 50 | AV7: =[40]人員・時間計画!$C13 -> 21 | AW7: =SUM(AW5:AW6) -> 21 | AX7: =AQ7+AU7+AW7 -> 144 | AY7: =[8]人員・時間計画!$C13 -> 8 | AZ7: =[9]人員・時間計画!$C13 -> 9 | BA7: =[10]人員・時間計画!$C13 -> 11 | BB7: =[11]人員・時間計画!$C13 -> 15 | BC7: =[12]人員・時間計画!$C13 -> 7 | BD7: =[13]人員・時間計画!$C13 -> 9 | BE7: =[14]人員・時間計画!$C13 -> 7 | BF7: =[15]人員・時間計画!$C13 -> 11 | BG7: =[16]人員・時間計画!$C13 -> 10 | BH7: =SUM(AY7:BG7) -> 87 | BI7: =SUM(BI5:BI6) -> 87 | BJ7: =[44]人員・時間計画!$C13 -> 12 | BK7: =[45]人員・時間計画!$C13 -> 45 | BL7: =SUM(BL5:BL6) -> 57 | BM7: =[46]人員・時間計画!$C13 -> 17 | BN7: =[47]人員・時間計画!$C13 -> 4 | BO7: =[48]人員・時間計画!$C13 -> 6 | BP7: =[49]人員・時間計画!$C13 -> 8 | BQ7: =[50]人員・時間計画!$C13 -> 4 | BR7: =SUM(BM7:BQ7) -> 39 | BS7: =[51]人員・時間計画!$C13 -> 16 | BT7: =[52]人員・時間計画!$C13 -> 17 | BU7: =[53]人員・時間計画!$C13 -> 14 | BV7: =[54]人員・時間計画!$C13 -> 5 | BW7: =[55]人員・時間計画!$C13 -> 70 | BX7: =SUM(BS7:BW7) -> 122 | BY7: =[56]人員・時間計画!$C13 -> 12 | BZ7: =[57]人員・時間計画!$C13 -> 8 | CA7: =[59]人員・時間計画!$C13 -> 17 | CB7: =SUM(CB5:CB6) -> 37 | CC7: =[58]人員・時間計画!$C13 -> 13 | CD7: =SUM(CD5:CD6) -> 13 | CE7: =CD7+CB7+BX7+BR7+BL7+BI7+AX7+AK7 -> 5749
A8: 4 | B8: 人員合計 | C8: =[1]人員・時間計画!$C$14 -> 1007 | D8: =[2]人員・時間計画!$C14 -> 1614 | E8: =[3]人員・時間計画!$C14 -> 1105 | F8: =[4]人員・時間計画!$C14 -> 0 | G8: =[17]人員・時間計画!$C14 -> 28 | H8: =H7+H4 -> 3754 | I8: =[5]人員・時間計画!$C14 -> 320 | J8: =[18]人員・時間計画!$C14 -> 24 | K8: =[19]人員・時間計画!$C14 -> 13 | L8: =[20]人員・時間計画!$C14 -> 25 | M8: =M7+M4 -> 382 | N8: =[6]人員・時間計画!$C14 -> 142 | O8: ='[21]Kế hoạch số người - thời gian'!$C14 -> 34 | P8: =[22]人員・時間計画!$C14 -> 9 | Q8: =[23]人員・時間計画!$C14 -> 25 | R8: =R7+R4 -> 210 | S8: ='[7]人員・時間計画 '!$C14 -> 31 | T8: =T7+T4 -> 31 | U8: =[26]人員・時間計画!$C14 -> 11 | V8: =[27]人員・時間計画!$C14 -> 6 | W8: =[28]人員・時間計画!$C14 -> 16 | X8: =[29]人員・時間計画!$C14 -> 3 | Y8: =Y7+Y4 -> 36 | Z8: =[30]人員・時間計画!$C14 -> 383 | AA8: =[60]人員・時間計画!$C14 -> 64 | AB8: =[31]人員・時間計画!$C14 -> 18 | AC8: =AC7+AC4 -> 465 | AD8: =[24]人員・時間計画!$C14 -> 198 | AE8: =[25]人員・時間計画!$C14 -> 8 | AF8: =AF7+AF4 -> 206 | AG8: =[37]人員・時間計画!$C14 -> 104 | AH8: =[38]人員・時間計画!$C14 -> 45 | AI8: =[39]人員・時間計画!$C14 -> 31 | AJ8: =AJ7+AJ4 -> 180 | AK8: =AJ8+AF8+AC8+Y8+T8+R8+M8+H8 -> 5264 | AL8: =[32]人員・時間計画!$C14 -> 14 | AM8: =[33]人員・時間計画!C14 -> 21 | AN8: =[34]人員・時間計画!$C14 -> 13 | AO8: =[35]人員・時間計画!$C14 -> 9 | AP8: =[36]人員・時間計画!$C14 -> 19 | AQ8: =AQ7+AQ4 -> 76 | AR8: =[41]人員・時間計画!$C14 -> 17 | AS8: =[42]人員・時間計画!$C14 -> 13 | AT8: =[43]人員・時間計画!$C14 -> 22 | AU8: =AU7+AU4 -> 52 | AV8: =[40]人員・時間計画!$C14 -> 23 | AW8: =AW7+AW4 -> 23 | AX8: =AQ8+AU8+AW8 -> 151 | AY8: =[8]人員・時間計画!$C14 -> 8 | AZ8: =[9]人員・時間計画!$C14 -> 18 | BA8: =[10]人員・時間計画!$C14 -> 12 | BB8: =[11]人員・時間計画!$C14 -> 16 | BC8: =[12]人員・時間計画!$C14 -> 8 | BD8: =[13]人員・時間計画!$C14 -> 9 | BE8: =[14]人員・時間計画!$C14 -> 8 | BF8: =[15]人員・時間計画!$C14 -> 12 | BG8: =[16]人員・時間計画!$C14 -> 10 | BH8: =SUM(AY8:BG8) -> 101 | BI8: =BI7+BI4 -> 101 | BJ8: =[44]人員・時間計画!$C14 -> 14 | BK8: =[45]人員・時間計画!$C14 -> 45 | BL8: =BL7+BL4 -> 59 | BM8: =[46]人員・時間計画!$C14 -> 18 | BN8: =[47]人員・時間計画!$C14 -> 5 | BO8: =[48]人員・時間計画!$C14 -> 7 | BP8: =[49]人員・時間計画!$C14 -> 8 | BQ8: =[50]人員・時間計画!$C14 -> 6 | BR8: =SUM(BM8:BQ8) -> 44 | BS8: =[51]人員・時間計画!$C14 -> 17 | BT8: =[52]人員・時間計画!$C14 -> 18 | BU8: =[53]人員・時間計画!$C14 -> 14 | BV8: =[54]人員・時間計画!$C14 -> 6 | BW8: =[55]人員・時間計画!$C14 -> 70 | BX8: =SUM(BS8:BW8) -> 125 | BY8: =[56]人員・時間計画!$C14 -> 12 | BZ8: =[57]人員・時間計画!$C14 -> 9 | CA8: =[59]人員・時間計画!$C14 -> 18 | CB8: =CB7+CB4 -> 39 | CC8: =[58]人員・時間計画!$C14 -> 14 | CD8: =CD7+CD4 -> 14 | CE8: =CD8+CB8+BX8+BR8+BL8+BI8+AX8+AK8 -> 5797
A10: 5 | B10: 人員
A11: 5 | B11: 出向社員 | C11: =[1]人員・時間計画!$D$10 -> 2 | D11: =[2]人員・時間計画!$D10 -> 0 | E11: =[3]人員・時間計画!$D10 -> 0 | F11: =[4]人員・時間計画!$D10 -> 0 | G11: =[17]人員・時間計画!$D10 -> 0 | H11: =SUM(C11:G11) -> 2 | I11: =[5]人員・時間計画!$D10 -> 1 | J11: =[18]人員・時間計画!$D10 -> 0 | K11: =[19]人員・時間計画!$D10 -> 0 | L11: =[20]人員・時間計画!$D10 -> 0 | M11: =SUM(I11:L11) -> 1 | N11: =[6]人員・時間計画!$D10 -> 1 | O11: ='[21]Kế hoạch số người - thời gian'!$D10 -> 2 | P11: =[22]人員・時間計画!$D10 -> 0 | Q11: =[23]人員・時間計画!$D10 -> 0 | R11: =SUM(N11:Q11) -> 3 | S11: ='[7]人員・時間計画 '!$D10 -> 2 | T11: =S11 -> 2 | U11: =[26]人員・時間計画!$D10 -> 1 | V11: =[27]人員・時間計画!$D10 -> 0 | W11: =[28]人員・時間計画!$D10 -> 0 | X11: =[29]人員・時間計画!D10 -> 0 | Y11: =SUM(U11:X11) -> 1 | Z11: =[30]人員・時間計画!$D10 -> 0 | AA11: =[60]人員・時間計画!$D10 -> 0 | AB11: =[31]人員・時間計画!D10 -> 1 | AC11: =SUM(Z11:AB11) -> 1 | AD11: =[24]人員・時間計画!$D10 -> 2 | AE11: =[25]人員・時間計画!$D10 -> 0 | AF11: =SUM(AD11:AE11) -> 2 | AG11: =[37]人員・時間計画!$D10 -> 0 | AH11: =[38]人員・時間計画!$D10 -> 0 | AI11: =[39]人員・時間計画!$D10 -> 2 | AJ11: =SUM(AG11:AI11) -> 2 | AK11: =AJ11+AF11+AC11+Y11+T11+R11+M11+H11 -> 14 | AL11: =[32]人員・時間計画!$D10 -> 0 | AM11: =[33]人員・時間計画!D10 -> 2 | AN11: =[34]人員・時間計画!$D10 -> 0 | AO11: =[35]人員・時間計画!$D10 -> 0 | AP11: =[36]人員・時間計画!$D10 -> 1 | AQ11: =SUM(AL11:AP11) -> 3 | AR11: =[41]人員・時間計画!$D10 -> 1 | AS11: =[42]人員・時間計画!$D10 -> 1 | AT11: =[43]人員・時間計画!$D10 -> 0 | AU11: =SUM(AR11:AT11) -> 2 | AV11: =[40]人員・時間計画!$D10 -> 2 | AW11: =AV11 -> 2 | AX11: =AQ11+AU11+AW11 -> 7 | AY11: =[8]人員・時間計画!$D10 -> 0 | AZ11: =[9]人員・時間計画!$D10 -> 9 | BA11: =[10]人員・時間計画!$D10 -> 1 | BB11: =[11]人員・時間計画!$D10 -> 1 | BC11: =[12]人員・時間計画!$D10 -> 1 | BD11: =[13]人員・時間計画!$D10 -> 0 | BE11: =[14]人員・時間計画!$D10 -> 1 | BF11: =[15]人員・時間計画!$D10 -> 1 | BG11: =[16]人員・時間計画!$D10 -> 0 | BH11: =SUM(AY11:BG11) -> 14 | BI11: =BH11 -> 14 | BJ11: =[44]人員・時間計画!$D10 -> 2 | BK11: =[45]人員・時間計画!$D10 -> 0 | BL11: =SUM(BJ11:BK11) -> 2 | BM11: =[46]人員・時間計画!$D10 -> 1 | BN11: =[47]人員・時間計画!$D10 -> 1 | BO11: =[48]人員・時間計画!$D10 -> 1 | BP11: =[49]人員・時間計画!$D10 -> 0 | BQ11: =[50]人員・時間計画!$D10 -> 2 | BR11: =SUM(BM11:BQ11) -> 5 | BS11: =[51]人員・時間計画!$D10 -> 1 | BT11: =[52]人員・時間計画!$D10 -> 1 | BU11: =[53]人員・時間計画!$D10 -> 0 | BV11: =[54]人員・時間計画!$D10 -> 1 | BW11: =[55]人員・時間計画!$D10 -> 0 | BX11: =SUM(BS11:BW11) -> 3 | BY11: =[56]人員・時間計画!$D10 -> 0 | BZ11: =[57]人員・時間計画!$D10 -> 1 | CA11: =[59]人員・時間計画!$D10 -> 1 | CB11: =SUM(BY11:CA11) -> 2 | CC11: =[58]人員・時間計画!$D10 -> 1 | CD11: =CC11 -> 1 | CE11: =CD11+CB11+BX11+BR11+BL11+BI11+AX11+AK11 -> 48
A12: 5 | B12: G5以上 | C12: =[1]人員・時間計画!$D$11 -> 77 | D12: =[2]人員・時間計画!$D11 -> 100 | E12: =[3]人員・時間計画!$D11 -> 81 | F12: =[4]人員・時間計画!$D11 -> 0 | G12: =[17]人員・時間計画!$D11 -> 21 | H12: =SUM(C12:G12) -> 279 | I12: =[5]人員・時間計画!$D11 -> 22 | J12: =[18]人員・時間計画!$D11 -> 14 | K12: =[19]人員・時間計画!$D11 -> 6 | L12: =[20]人員・時間計画!$D11 -> 11 | M12: =SUM(I12:L12) -> 53 | N12: =[6]人員・時間計画!$D11 -> 16 | O12: ='[21]Kế hoạch số người - thời gian'!$D11 -> 23 | P12: =[22]人員・時間計画!$D11 -> 9 | Q12: =[23]人員・時間計画!$D11 -> 12 | R12: =SUM(N12:Q12) -> 60 | S12: ='[7]人員・時間計画 '!$D11 -> 15 | T12: =S12 -> 15 | U12: =[26]人員・時間計画!$D11 -> 10 | V12: =[27]人員・時間計画!$D11 -> 6 | W12: =[28]人員・時間計画!$D11 -> 16 | X12: =[29]人員・時間計画!D11 -> 3 | Y12: =SUM(U12:X12) -> 35 | Z12: =[30]人員・時間計画!$D11 -> 35 | AA12: =[60]人員・時間計画!$D11 -> 11 | AB12: =[31]人員・時間計画!D11 -> 12 | AC12: =SUM(Z12:AB12) -> 58 | AD12: =[24]人員・時間計画!$D11 -> 94 | AE12: =[25]人員・時間計画!$D11 -> 7 | AF12: =SUM(AD12:AE12) -> 101 | AG12: =[37]人員・時間計画!$D11 -> 25 | AH12: =[38]人員・時間計画!$D11 -> 23 | AI12: =[39]人員・時間計画!$D11 -> 27 | AJ12: =SUM(AG12:AI12) -> 75 | AK12: =AJ12+AF12+AC12+Y12+T12+R12+M12+H12 -> 676 | AL12: =[32]人員・時間計画!$D11 -> 14 | AM12: =[33]人員・時間計画!D11 -> 21 | AN12: =[34]人員・時間計画!$D11 -> 13 | AO12: =[35]人員・時間計画!$D11 -> 9 | AP12: =[36]人員・時間計画!$D11 -> 18 | AQ12: =SUM(AL12:AP12) -> 75 | AR12: =[41]人員・時間計画!$D11 -> 17 | AS12: =[42]人員・時間計画!$D11 -> 13 | AT12: =[43]人員・時間計画!$D11 -> 22 | AU12: =SUM(AR12:AT12) -> 52 | AV12: =[40]人員・時間計画!$D11 -> 21 | AW12: =AV12 -> 21 | AX12: =AQ12+AU12+AW12 -> 148 | AY12: =[8]人員・時間計画!$D11 -> 8 | AZ12: =[9]人員・時間計画!$D11 -> 9 | BA12: =[10]人員・時間計画!$D11 -> 11 | BB12: =[11]人員・時間計画!$D11 -> 15 | BC12: =[12]人員・時間計画!$D11 -> 7 | BD12: =[13]人員・時間計画!$D11 -> 9 | BE12: =[14]人員・時間計画!$D11 -> 7 | BF12: =[15]人員・時間計画!$D11 -> 11 | BG12: =[16]人員・時間計画!$D11 -> 10 | BH12: =SUM(AY12:BG12) -> 87 | BI12: =BH12 -> 87 | BJ12: =[44]人員・時間計画!$D11 -> 11 | BK12: =[45]人員・時間計画!$D11 -> 13 | BL12: =SUM(BJ12:BK12) -> 24 | BM12: =[46]人員・時間計画!$D11 -> 17 | BN12: =[47]人員・時間計画!$D11 -> 4 | BO12: =[48]人員・時間計画!$D11 -> 6 | BP12: =[49]人員・時間計画!$D11 -> 8 | BQ12: =[50]人員・時間計画!$D11 -> 4 | BR12: =SUM(BM12:BQ12) -> 39 | BS12: =[51]人員・時間計画!$D11 -> 11 | BT12: =[52]人員・時間計画!$D11 -> 16 | BU12: =[53]人員・時間計画!$D11 -> 11 | BV12: =[54]人員・時間計画!$D11 -> 6 | BW12: =[55]人員・時間計画!$D11 -> 3 | BX12: =SUM(BS12:BW12) -> 47 | BY12: =[56]人員・時間計画!$D11 -> 12 | BZ12: =[57]人員・時間計画!$D11 -> 8 | CA12: =[59]人員・時間計画!$D11 -> 17 | CB12: =SUM(BY12:CA12) -> 37 | CC12: =[58]人員・時間計画!$D11 -> 13 | CD12: =CC12 -> 13 | CE12: =CD12+CB12+BX12+BR12+BL12+BI12+AX12+AK12 -> 1071
A13: 5 | B13: G7, G6 | C13: =[1]人員・時間計画!$D$12 -> 965 | D13: =[2]人員・時間計画!$D12 -> 1454 | E13: =[3]人員・時間計画!$D12 -> 1000 | F13: =[4]人員・時間計画!$D12 -> 0 | G13: =[17]人員・時間計画!$D12 -> 7 | H13: =SUM(C13:G13) -> 3426 | I13: =[5]人員・時間計画!$D12 -> 297 | J13: =[18]人員・時間計画!$D12 -> 10 | K13: =[19]人員・時間計画!$D12 -> 6 | L13: =[20]人員・時間計画!$D12 -> 14 | M13: =SUM(I13:L13) -> 327 | N13: =[6]人員・時間計画!$D12 -> 125 | O13: ='[21]Kế hoạch số người - thời gian'!$D12 -> 9 | P13: =[22]人員・時間計画!$D12 -> 0 | Q13: =[23]人員・時間計画!$D12 -> 13 | R13: =SUM(N13:Q13) -> 147 | S13: ='[7]人員・時間計画 '!$D12 -> 14 | T13: =S13 -> 14 | U13: =[26]人員・時間計画!$D12 -> 0 | V13: =[27]人員・時間計画!$D12 -> 0 | W13: =[28]人員・時間計画!$D12 -> 1 | X13: =[29]人員・時間計画!D12 -> 0 | Y13: =SUM(U13:X13) -> 1 | Z13: =[30]人員・時間計画!$D12 -> 344 | AA13: =[60]人員・時間計画!$D12 -> 53 | AB13: =[31]人員・時間計画!D12 -> 5 | AC13: =SUM(Z13:AB13) -> 402 | AD13: =[24]人員・時間計画!$D12 -> 102 | AE13: =[25]人員・時間計画!$D12 -> 1 | AF13: =SUM(AD13:AE13) -> 103 | AG13: =[37]人員・時間計画!$D12 -> 79 | AH13: =[38]人員・時間計画!$D12 -> 22 | AI13: =[39]人員・時間計画!$D12 -> 4 | AJ13: =SUM(AG13:AI13) -> 105 | AK13: =AJ13+AF13+AC13+Y13+T13+R13+M13+H13 -> 4525 | AL13: =[32]人員・時間計画!$D12 -> 0 | AM13: =[33]人員・時間計画!D12 -> 0 | AN13: =[34]人員・時間計画!$D12 -> 0 | AO13: =[35]人員・時間計画!$D12 -> 0 | AP13: =[36]人員・時間計画!$D12 -> 0 | AQ13: =SUM(AL13:AP13) -> 0 | AR13: =[41]人員・時間計画!$D12 -> 0 | AS13: =[42]人員・時間計画!$D12 -> 0 | AT13: =[43]人員・時間計画!$D12 -> 0 | AU13: =SUM(AR13:AT13) -> 0 | AV13: =[40]人員・時間計画!$D12 -> 0 | AW13: =AV13 -> 0 | AX13: =AQ13+AU13+AW13 -> 0 | AY13: =[8]人員・時間計画!$D12 -> 0 | AZ13: =[9]人員・時間計画!$D12 -> 0 | BA13: =[10]人員・時間計画!$D12 -> 0 | BB13: =[11]人員・時間計画!$D12 -> 0 | BC13: =[12]人員・時間計画!$D12 -> 0 | BD13: =[13]人員・時間計画!$D12 -> 0 | BE13: =[14]人員・時間計画!$D12 -> 0 | BF13: =[15]人員・時間計画!$D12 -> 0 | BG13: =[16]人員・時間計画!$D12 -> 0 | BH13: =SUM(AY13:BG13) -> 0 | BI13: =BH13 -> 0 | BJ13: =[44]人員・時間計画!$D12 -> 1 | BK13: =[45]人員・時間計画!$D12 -> 32 | BL13: =SUM(BJ13:BK13) -> 33 | BM13: =[46]人員・時間計画!$D12 -> 0 | BN13: =[47]人員・時間計画!$D12 -> 0 | BO13: =[48]人員・時間計画!$D12 -> 0 | BP13: =[49]人員・時間計画!$D12 -> 0 | BQ13: =[50]人員・時間計画!$D12 -> 0 | BR13: =SUM(BM13:BQ13) -> 0 | BS13: =[51]人員・時間計画!$D12 -> 6 | BT13: =[52]人員・時間計画!$D12 -> 0 | BU13: =[53]人員・時間計画!$D12 -> 3 | BV13: =[54]人員・時間計画!$D12 -> 0 | BW13: =[55]人員・時間計画!$D12 -> 67 | BX13: =SUM(BS13:BW13) -> 76 | BY13: =[56]人員・時間計画!$D12 -> 0 | BZ13: =[57]人員・時間計画!$D12 -> 0 | CA13: =[59]人員・時間計画!$D12 -> 0 | CB13: =SUM(BY13:CA13) -> 0 | CC13: =[58]人員・時間計画!$D12 -> 0 | CD13: =CC13 -> 0 | CE13: =CD13+CB13+BX13+BR13+BL13+BI13+AX13+AK13 -> 4634
A14: 5 | B14: ローカル社員 | C14: =[1]人員・時間計画!$D$13 -> 1042 | D14: =[2]人員・時間計画!$D13 -> 1554 | E14: =[3]人員・時間計画!$D13 -> 1081 | F14: =[4]人員・時間計画!$D13 -> 0 | G14: =[17]人員・時間計画!$D13 -> 28 | H14: =SUM(H12:H13) -> 3705 | I14: =[5]人員・時間計画!$D13 -> 319 | J14: =[18]人員・時間計画!$D13 -> 24 | K14: =[19]人員・時間計画!$D13 -> 12 | L14: =[20]人員・時間計画!$D13 -> 25 | M14: =SUM(M12:M13) -> 380 | N14: =[6]人員・時間計画!$D13 -> 141 | O14: ='[21]Kế hoạch số người - thời gian'!$D13 -> 32 | P14: =[22]人員・時間計画!$D13 -> 9 | Q14: =[23]人員・時間計画!$D13 -> 25 | R14: =SUM(R12:R13) -> 207 | S14: ='[7]人員・時間計画 '!$D13 -> 29 | T14: =SUM(T12:T13) -> 29 | U14: =[26]人員・時間計画!$D13 -> 10 | V14: =[27]人員・時間計画!$D13 -> 6 | W14: =[28]人員・時間計画!$D13 -> 17 | X14: =[29]人員・時間計画!D13 -> 3 | Y14: =SUM(Y12:Y13) -> 36 | Z14: =[30]人員・時間計画!$D13 -> 379 | AA14: =[60]人員・時間計画!$D13 -> 64 | AB14: =[31]人員・時間計画!D13 -> 17 | AC14: =SUM(AC12:AC13) -> 460 | AD14: =[24]人員・時間計画!$D13 -> 196 | AE14: =[25]人員・時間計画!$D13 -> 8 | AF14: =SUM(AF12:AF13) -> 204 | AG14: =[37]人員・時間計画!$D13 -> 104 | AH14: =[38]人員・時間計画!$D13 -> 45 | AI14: =[39]人員・時間計画!$D13 -> 31 | AJ14: =SUM(AJ12:AJ13) -> 180 | AK14: =AJ14+AF14+AC14+Y14+T14+R14+M14+H14 -> 5201 | AL14: =[32]人員・時間計画!$D13 -> 14 | AM14: =[33]人員・時間計画!D13 -> 21 | AN14: =[34]人員・時間計画!$D13 -> 13 | AO14: =[35]人員・時間計画!$D13 -> 9 | AP14: =[36]人員・時間計画!$D13 -> 18 | AQ14: =SUM(AQ12:AQ13) -> 75 | AR14: =[41]人員・時間計画!$D13 -> 17 | AS14: =[42]人員・時間計画!$D13 -> 13 | AT14: =[43]人員・時間計画!$D13 -> 22 | AU14: =SUM(AU12:AU13) -> 52 | AV14: =[40]人員・時間計画!$D13 -> 21 | AW14: =SUM(AW12:AW13) -> 21 | AX14: =AQ14+AU14+AW14 -> 148 | AY14: =[8]人員・時間計画!$D13 -> 8 | AZ14: =[9]人員・時間計画!$D13 -> 9 | BA14: =[10]人員・時間計画!$D13 -> 11 | BB14: =[11]人員・時間計画!$D13 -> 15 | BC14: =[12]人員・時間計画!$D13 -> 7 | BD14: =[13]人員・時間計画!$D13 -> 9 | BE14: =[14]人員・時間計画!$D13 -> 7 | BF14: =[15]人員・時間計画!$D13 -> 11 | BG14: =[16]人員・時間計画!$D13 -> 10 | BH14: =SUM(AY14:BG14) -> 87 | BI14: =SUM(BI12:BI13) -> 87 | BJ14: =[44]人員・時間計画!$D13 -> 12 | BK14: =[45]人員・時間計画!$D13 -> 45 | BL14: =SUM(BL12:BL13) -> 57 | BM14: =[46]人員・時間計画!$D13 -> 17 | BN14: =[47]人員・時間計画!$D13 -> 4 | BO14: =[48]人員・時間計画!$D13 -> 6 | BP14: =[49]人員・時間計画!$D13 -> 8 | BQ14: =[50]人員・時間計画!$D13 -> 4 | BR14: =SUM(BM14:BQ14) -> 39 | BS14: =[51]人員・時間計画!$D13 -> 17 | BT14: =[52]人員・時間計画!$D13 -> 16 | BU14: =[53]人員・時間計画!$D13 -> 14 | BV14: =[54]人員・時間計画!$D13 -> 6 | BW14: =[55]人員・時間計画!$D13 -> 70 | BX14: =SUM(BS14:BW14) -> 123 | BY14: =[56]人員・時間計画!$D13 -> 12 | BZ14: =[57]人員・時間計画!$D13 -> 8 | CA14: =[59]人員・時間計画!$D13 -> 17 | CB14: =SUM(CB12:CB13) -> 37 | CC14: =[58]人員・時間計画!$D13 -> 13 | CD14: =SUM(CD12:CD13) -> 13 | CE14: =CD14+CB14+BX14+BR14+BL14+BI14+AX14+AK14 -> 5705
A15: 5 | B15: 人員合計 | C15: =[1]人員・時間計画!$D$14 -> 1044 | D15: =[2]人員・時間計画!$D14 -> 1554 | E15: =[3]人員・時間計画!$D14 -> 1081 | F15: =[4]人員・時間計画!$D14 -> 0 | G15: =[17]人員・時間計画!$D14 -> 28 | H15: =H14+H11 -> 3707 | I15: =[5]人員・時間計画!$D14 -> 320 | J15: =[18]人員・時間計画!$D14 -> 24 | K15: =[19]人員・時間計画!$D14 -> 12 | L15: =[20]人員・時間計画!$D14 -> 25 | M15: =M14+M11 -> 381 | N15: =[6]人員・時間計画!$D14 -> 142 | O15: ='[21]Kế hoạch số người - thời gian'!$D14 -> 34 | P15: =[22]人員・時間計画!$D14 -> 9 | Q15: =[23]人員・時間計画!$D14 -> 25 | R15: =R14+R11 -> 210 | S15: ='[7]人員・時間計画 '!$D14 -> 31 | T15: =T14+T11 -> 31 | U15: =[26]人員・時間計画!$D14 -> 11 | V15: =[27]人員・時間計画!$D14 -> 6 | W15: =[28]人員・時間計画!$D14 -> 17 | X15: =[29]人員・時間計画!D14 -> 3 | Y15: =Y14+Y11 -> 37 | Z15: =[30]人員・時間計画!$D14 -> 379 | AA15: =[60]人員・時間計画!$D14 -> 64 | AB15: =[31]人員・時間計画!D14 -> 18 | AC15: =AC14+AC11 -> 461 | AD15: =[24]人員・時間計画!$D14 -> 198 | AE15: =[25]人員・時間計画!$D14 -> 8 | AF15: =AF14+AF11 -> 206 | AG15: =[37]人員・時間計画!$D14 -> 104 | AH15: =[38]人員・時間計画!$D14 -> 45 | AI15: =[39]人員・時間計画!$D14 -> 33 | AJ15: =AJ14+AJ11 -> 182 | AK15: =AJ15+AF15+AC15+Y15+T15+R15+M15+H15 -> 5215 | AL15: =[32]人員・時間計画!$D14 -> 14 | AM15: =[33]人員・時間計画!D14 -> 23 | AN15: =[34]人員・時間計画!$D14 -> 13 | AO15: =[35]人員・時間計画!$D14 -> 9 | AP15: =[36]人員・時間計画!$D14 -> 19 | AQ15: =AQ14+AQ11 -> 78 | AR15: =[41]人員・時間計画!$D14 -> 18 | AS15: =[42]人員・時間計画!$D14 -> 14 | AT15: =[43]人員・時間計画!$D14 -> 22 | AU15: =AU14+AU11 -> 54 | AV15: =[40]人員・時間計画!$D14 -> 23 | AW15: =AW14+AW11 -> 23 | AX15: =AQ15+AU15+AW15 -> 155 | AY15: =[8]人員・時間計画!$D14 -> 8 | AZ15: =[9]人員・時間計画!$D14 -> 18 | BA15: =[10]人員・時間計画!$D14 -> 12 | BB15: =[11]人員・時間計画!$D14 -> 16 | BC15: =[12]人員・時間計画!$D14 -> 8 | BD15: =[13]人員・時間計画!$D14 -> 9 | BE15: =[14]人員・時間計画!$D14 -> 8 | BF15: =[15]人員・時間計画!$D14 -> 12 | BG15: =[16]人員・時間計画!$D14 -> 10 | BH15: =SUM(AY15:BG15) -> 101 | BI15: =BI14+BI11 -> 101 | BJ15: =[44]人員・時間計画!$D14 -> 14 | BK15: =[45]人員・時間計画!$D14 -> 45 | BL15: =BL14+BL11 -> 59 | BM15: =[46]人員・時間計画!$D14 -> 18 | BN15: =[47]人員・時間計画!$D14 -> 5 | BO15: =[48]人員・時間計画!$D14 -> 7 | BP15: =[49]人員・時間計画!$D14 -> 8 | BQ15: =[50]人員・時間計画!$D14 -> 6 | BR15: =SUM(BM15:BQ15) -> 44 | BS15: =[51]人員・時間計画!$D14 -> 18 | BT15: =[52]人員・時間計画!$D14 -> 17 | BU15: =[53]人員・時間計画!$D14 -> 14 | BV15: =[54]人員・時間計画!$D14 -> 7 | BW15: =[55]人員・時間計画!$D14 -> 70 | BX15: =SUM(BS15:BW15) -> 126 | BY15: =[56]人員・時間計画!$D14 -> 12 | BZ15: =[57]人員・時間計画!$D14 -> 9 | CA15: =[59]人員・時間計画!$D14 -> 18 | CB15: =CB14+CB11 -> 39 | CC15: =[58]人員・時間計画!$D14 -> 14 | CD15: =CD14+CD11 -> 14 | CE15: =CD15+CB15+BX15+BR15+BL15+BI15+AX15+AK15 -> 5753
A17: 6 | B17: 人員
A18: 6 | B18: 出向社員 | C18: =[1]人員・時間計画!$E$10 -> 2 | D18: =[2]人員・時間計画!$E10 -> 0 | E18: =[3]人員・時間計画!$E10 -> 0 | F18: =[4]人員・時間計画!$E10 -> 0 | G18: =[17]人員・時間計画!$E10 -> 0 | H18: =SUM(C18:G18) -> 2 | I18: =[5]人員・時間計画!$E10 -> 1 | J18: =[18]人員・時間計画!$E10 -> 0 | K18: =[19]人員・時間計画!$E10 -> 0 | L18: =[20]人員・時間計画!$E10 -> 0 | M18: =SUM(I18:L18) -> 1 | N18: =[6]人員・時間計画!$E10 -> 1 | O18: ='[21]Kế hoạch số người - thời gian'!$E10 -> 2 | P18: =[22]人員・時間計画!$E10 -> 0 | Q18: =[23]人員・時間計画!$E10 -> 0 | R18: =SUM(N18:Q18) -> 3 | S18: ='[7]人員・時間計画 '!$E10 -> 2 | T18: =S18 -> 2 | U18: =[26]人員・時間計画!$E10 -> 1 | V18: =[27]人員・時間計画!$E10 -> 0 | W18: =[28]人員・時間計画!$E10 -> 0 | X18: =[29]人員・時間計画!$E10 -> 0 | Y18: =SUM(U18:X18) -> 1 | Z18: =[30]人員・時間計画!$E10 -> 0 | AA18: =[60]人員・時間計画!$E10 -> 0 | AB18: =[31]人員・時間計画!$E10 -> 1 | AC18: =SUM(Z18:AB18) -> 1 | AD18: =[24]人員・時間計画!$E10 -> 2 | AE18: =[25]人員・時間計画!$E10 -> 0 | AF18: =SUM(AD18:AE18) -> 2 | AG18: =[37]人員・時間計画!$E10 -> 0 | AH18: =[38]人員・時間計画!$E10 -> 0 | AI18: =[39]人員・時間計画!$E10 -> 2 | AJ18: =SUM(AG18:AI18) -> 2 | AK18: =AJ18+AF18+AC18+Y18+T18+R18+M18+H18 -> 14 | AL18: =[32]人員・時間計画!$E10 -> 0 | AM18: =[33]人員・時間計画!E10 -> 2 | AN18: =[34]人員・時間計画!$E10 -> 0 | AO18: =[35]人員・時間計画!$E10 -> 0 | AP18: =[36]人員・時間計画!$E10 -> 1 | AQ18: =SUM(AL18:AP18) -> 3 | AR18: =[41]人員・時間計画!$E10 -> 1 | AS18: =[42]人員・時間計画!$E10 -> 1 | AT18: =[43]人員・時間計画!$E10 -> 0 | AU18: =SUM(AR18:AT18) -> 2 | AV18: =[40]人員・時間計画!$E10 -> 2 | AW18: =AV18 -> 2 | AX18: =AQ18+AU18+AW18 -> 7 | AY18: =[8]人員・時間計画!$E10 -> 0 | AZ18: =[9]人員・時間計画!$E10 -> 9 | BA18: =[10]人員・時間計画!$E10 -> 1 | BB18: =[11]人員・時間計画!$E10 -> 1 | BC18: =[12]人員・時間計画!$E10 -> 1 | BD18: =[13]人員・時間計画!$E10 -> 0 | BE18: =[14]人員・時間計画!$E10 -> 1 | BF18: =[15]人員・時間計画!$E10 -> 1 | BG18: =[16]人員・時間計画!$E10 -> 0 | BH18: =SUM(AY18:BG18) -> 14 | BI18: =BH18 -> 14 | BJ18: =[44]人員・時間計画!$E10 -> 2 | BK18: =[45]人員・時間計画!$E10 -> 0 | BL18: =SUM(BJ18:BK18) -> 2 | BM18: =[46]人員・時間計画!$E10 -> 1 | BN18: =[47]人員・時間計画!$E10 -> 1 | BO18: =[48]人員・時間計画!$E10 -> 1 | BP18: =[49]人員・時間計画!$E10 -> 0 | BQ18: =[50]人員・時間計画!$E10 -> 2 | BR18: =SUM(BM18:BQ18) -> 5 | BS18: =[51]人員・時間計画!$E10 -> 1 | BT18: =[52]人員・時間計画!$E10 -> 1 | BU18: =[53]人員・時間計画!$E10 -> 0 | BV18: =[54]人員・時間計画!$E10 -> 1 | BW18: =[55]人員・時間計画!$E10 -> 0 | BX18: =SUM(BS18:BW18) -> 3 | BY18: =[56]人員・時間計画!$E10 -> 0 | BZ18: =[57]人員・時間計画!$E10 -> 1 | CA18: =[59]人員・時間計画!$E10 -> 1 | CB18: =SUM(BY18:CA18) -> 2 | CC18: =[58]人員・時間計画!$E10 -> 1 | CD18: =CC18 -> 1 | CE18: =CD18+CB18+BX18+BR18+BL18+BI18+AX18+AK18 -> 48
A19: 6 | B19: G5以上 | C19: =[1]人員・時間計画!$E$11 -> 77 | D19: =[2]人員・時間計画!$E11 -> 100 | E19: =[3]人員・時間計画!$E11 -> 81 | F19: =[4]人員・時間計画!$E11 -> 0 | G19: =[17]人員・時間計画!$E11 -> 21 | H19: =SUM(C19:G19) -> 279 | I19: =[5]人員・時間計画!$E11 -> 22 | J19: =[18]人員・時間計画!$E11 -> 14 | K19: =[19]人員・時間計画!$E11 -> 5 | L19: =[20]人員・時間計画!$E11 -> 11 | M19: =SUM(I19:L19) -> 52 | N19: =[6]人員・時間計画!$E11 -> 16 | O19: ='[21]Kế hoạch số người - thời gian'!$E11 -> 23 | P19: =[22]人員・時間計画!$E11 -> 9 | Q19: =[23]人員・時間計画!$E11 -> 12 | R19: =SUM(N19:Q19) -> 60 | S19: ='[7]人員・時間計画 '!$E11 -> 15 | T19: =S19 -> 15 | U19: =[26]人員・時間計画!$E11 -> 10 | V19: =[27]人員・時間計画!$E11 -> 6 | W19: =[28]人員・時間計画!$E11 -> 16 | X19: =[29]人員・時間計画!$E11 -> 3 | Y19: =SUM(U19:X19) -> 35 | Z19: =[30]人員・時間計画!$E11 -> 35 | AA19: =[60]人員・時間計画!$E11 -> 11 | AB19: =[31]人員・時間計画!$E11 -> 12 | AC19: =SUM(Z19:AB19) -> 58 | AD19: =[24]人員・時間計画!$E11 -> 94 | AE19: =[25]人員・時間計画!$E11 -> 7 | AF19: =SUM(AD19:AE19) -> 101 | AG19: =[37]人員・時間計画!$E11 -> 25 | AH19: =[38]人員・時間計画!$E11 -> 23 | AI19: =[39]人員・時間計画!$E11 -> 29 | AJ19: =SUM(AG19:AI19) -> 77 | AK19: =AJ19+AF19+AC19+Y19+T19+R19+M19+H19 -> 677 | AL19: =[32]人員・時間計画!$E11 -> 14 | AM19: =[33]人員・時間計画!E11 -> 21 | AN19: =[34]人員・時間計画!$E11 -> 13 | AO19: =[35]人員・時間計画!$E11 -> 9 | AP19: =[36]人員・時間計画!$E11 -> 18 | AQ19: =SUM(AL19:AP19) -> 75 | AR19: =[41]人員・時間計画!$E11 -> 17 | AS19: =[42]人員・時間計画!$E11 -> 13 | AT19: =[43]人員・時間計画!$E11 -> 22 | AU19: =SUM(AR19:AT19) -> 52 | AV19: =[40]人員・時間計画!$E11 -> 21 | AW19: =AV19 -> 21 | AX19: =AQ19+AU19+AW19 -> 148 | AY19: =[8]人員・時間計画!$E11 -> 8 | AZ19: =[9]人員・時間計画!$E11 -> 9 | BA19: =[10]人員・時間計画!$E11 -> 11 | BB19: =[11]人員・時間計画!$E11 -> 15 | BC19: =[12]人員・時間計画!$E11 -> 7 | BD19: =[13]人員・時間計画!$E11 -> 9 | BE19: =[14]人員・時間計画!$E11 -> 7 | BF19: =[15]人員・時間計画!$E11 -> 11 | BG19: =[16]人員・時間計画!$E11 -> 10 | BH19: =SUM(AY19:BG19) -> 87 | BI19: =BH19 -> 87 | BJ19: =[44]人員・時間計画!$E11 -> 11 | BK19: =[45]人員・時間計画!$E11 -> 13 | BL19: =SUM(BJ19:BK19) -> 24 | BM19: =[46]人員・時間計画!$E11 -> 17 | BN19: =[47]人員・時間計画!$E11 -> 4 | BO19: =[48]人員・時間計画!$E11 -> 6 | BP19: =[49]人員・時間計画!$E11 -> 8 | BQ19: =[50]人員・時間計画!$E11 -> 4 | BR19: =SUM(BM19:BQ19) -> 39 | BS19: =[51]人員・時間計画!$E11 -> 11 | BT19: =[52]人員・時間計画!$E11 -> 16 | BU19: =[53]人員・時間計画!$E11 -> 11 | BV19: =[54]人員・時間計画!$E11 -> 6 | BW19: =[55]人員・時間計画!$E11 -> 3 | BX19: =SUM(BS19:BW19) -> 47 | BY19: =[56]人員・時間計画!$E11 -> 12 | BZ19: =[57]人員・時間計画!$E11 -> 8 | CA19: =[59]人員・時間計画!$E11 -> 17 | CB19: =SUM(BY19:CA19) -> 37 | CC19: =[58]人員・時間計画!$E11 -> 13 | CD19: =CC19 -> 13 | CE19: =CD19+CB19+BX19+BR19+BL19+BI19+AX19+AK19 -> 1072
A20: 6 | B20: G7, G6 | C20: =[1]人員・時間計画!$E$12 -> 961 | D20: =[2]人員・時間計画!$E12 -> 1418 | E20: =[3]人員・時間計画!$E12 -> 905 | F20: =[4]人員・時間計画!$E12 -> 0 | G20: =[17]人員・時間計画!$E12 -> 7 | H20: =SUM(C20:G20) -> 3291 | I20: =[5]人員・時間計画!$E12 -> 298 | J20: =[18]人員・時間計画!$E12 -> 11 | K20: =[19]人員・時間計画!$E12 -> 4 | L20: =[20]人員・時間計画!$E12 -> 14 | M20: =SUM(I20:L20) -> 327 | N20: =[6]人員・時間計画!$E12 -> 125 | O20: ='[21]Kế hoạch số người - thời gian'!$E12 -> 9 | P20: =[22]人員・時間計画!$E12 -> 0 | Q20: =[23]人員・時間計画!$E12 -> 13 | R20: =SUM(N20:Q20) -> 147 | S20: ='[7]人員・時間計画 '!$E12 -> 14 | T20: =S20 -> 14 | U20: =[26]人員・時間計画!$E12 -> 0 | V20: =[27]人員・時間計画!$E12 -> 0 | W20: =[28]人員・時間計画!$E12 -> 1 | X20: =[29]人員・時間計画!$E12 -> 0 | Y20: =SUM(U20:X20) -> 1 | Z20: =[30]人員・時間計画!$E12 -> 342 | AA20: =[60]人員・時間計画!$E12 -> 52 | AB20: =[31]人員・時間計画!$E12 -> 5 | AC20: =SUM(Z20:AB20) -> 399 | AD20: =[24]人員・時間計画!$E12 -> 102 | AE20: =[25]人員・時間計画!$E12 -> 1 | AF20: =SUM(AD20:AE20) -> 103 | AG20: =[37]人員・時間計画!$E12 -> 79 | AH20: =[38]人員・時間計画!$E12 -> 24 | AI20: =[39]人員・時間計画!$E12 -> 4 | AJ20: =SUM(AG20:AI20) -> 107 | AK20: =AJ20+AF20+AC20+Y20+T20+R20+M20+H20 -> 4389 | AL20: =[32]人員・時間計画!$E12 -> 0 | AM20: =[33]人員・時間計画!E12 -> 0 | AN20: =[34]人員・時間計画!$E12 -> 0 | AO20: =[35]人員・時間計画!$E12 -> 0 | AP20: =[36]人員・時間計画!$E12 -> 0 | AQ20: =SUM(AL20:AP20) -> 0 | AR20: =[41]人員・時間計画!$E12 -> 0 | AS20: =[42]人員・時間計画!$E12 -> 0 | AT20: =[43]人員・時間計画!$E12 -> 0 | AU20: =SUM(AR20:AT20) -> 0 | AV20: =[40]人員・時間計画!$E12 -> 0 | AW20: =AV20 -> 0 | AX20: =AQ20+AU20+AW20 -> 0 | AY20: =[8]人員・時間計画!$E12 -> 0 | AZ20: =[9]人員・時間計画!$E12 -> 0 | BA20: =[10]人員・時間計画!$E12 -> 0 | BB20: =[11]人員・時間計画!$E12 -> 0 | BC20: =[12]人員・時間計画!$E12 -> 0 | BD20: =[13]人員・時間計画!$E12 -> 0 | BE20: =[14]人員・時間計画!$E12 -> 0 | BF20: =[15]人員・時間計画!$E12 -> 0 | BG20: =[16]人員・時間計画!$E12 -> 0 | BH20: =SUM(AY20:BG20) -> 0 | BI20: =BH20 -> 0 | BJ20: =[44]人員・時間計画!$E12 -> 1 | BK20: =[45]人員・時間計画!$E12 -> 32 | BL20: =SUM(BJ20:BK20) -> 33 | BM20: =[46]人員・時間計画!$E12 -> 0 | BN20: =[47]人員・時間計画!$E12 -> 0 | BO20: =[48]人員・時間計画!$E12 -> 0 | BP20: =[49]人員・時間計画!$E12 -> 0 | BQ20: =[50]人員・時間計画!$E12 -> 0 | BR20: =SUM(BM20:BQ20) -> 0 | BS20: =[51]人員・時間計画!$E12 -> 6 | BT20: =[52]人員・時間計画!$E12 -> 0 | BU20: =[53]人員・時間計画!$E12 -> 3 | BV20: =[54]人員・時間計画!$E12 -> 0 | BW20: =[55]人員・時間計画!$E12 -> 67 | BX20: =SUM(BS20:BW20) -> 76 | BY20: =[56]人員・時間計画!$E12 -> 0 | BZ20: =[57]人員・時間計画!$E12 -> 0 | CA20: =[59]人員・時間計画!$E12 -> 0 | CB20: =SUM(BY20:CA20) -> 0 | CC20: =[58]人員・時間計画!$E12 -> 0 | CD20: =CC20 -> 0 | CE20: =CD20+CB20+BX20+BR20+BL20+BI20+AX20+AK20 -> 4498
A21: 6 | B21: ローカル社員 | C21: =[1]人員・時間計画!$E$13 -> 1038 | D21: =[2]人員・時間計画!$E13 -> 1518 | E21: =[3]人員・時間計画!$E13 -> 986 | F21: =[4]人員・時間計画!$E13 -> 0 | G21: =[17]人員・時間計画!$E13 -> 28 | H21: =SUM(H19:H20) -> 3570 | I21: =[5]人員・時間計画!$E13 -> 320 | J21: =[18]人員・時間計画!$E13 -> 25 | K21: =[19]人員・時間計画!$E13 -> 9 | L21: =[20]人員・時間計画!$E13 -> 25 | M21: =SUM(M19:M20) -> 379 | N21: =[6]人員・時間計画!$E13 -> 141 | O21: ='[21]Kế hoạch số người - thời gian'!$E13 -> 32 | P21: =[22]人員・時間計画!$E13 -> 9 | Q21: =[23]人員・時間計画!$E13 -> 25 | R21: =SUM(R19:R20) -> 207 | S21: ='[7]人員・時間計画 '!$E13 -> 29 | T21: =SUM(T19:T20) -> 29 | U21: =[26]人員・時間計画!$E13 -> 10 | V21: =[27]人員・時間計画!$E13 -> 6 | W21: =[28]人員・時間計画!$E13 -> 17 | X21: =[29]人員・時間計画!$E13 -> 3 | Y21: =SUM(Y19:Y20) -> 36 | Z21: =[30]人員・時間計画!$E13 -> 377 | AA21: =[60]人員・時間計画!$E13 -> 63 | AB21: =[31]人員・時間計画!$E13 -> 17 | AC21: =SUM(AC19:AC20) -> 457 | AD21: =[24]人員・時間計画!$E13 -> 196 | AE21: =[25]人員・時間計画!$E13 -> 8 | AF21: =SUM(AF19:AF20) -> 204 | AG21: =[37]人員・時間計画!$E13 -> 104 | AH21: =[38]人員・時間計画!$E13 -> 47 | AI21: =[39]人員・時間計画!$E13 -> 33 | AJ21: =SUM(AJ19:AJ20) -> 184 | AK21: =AJ21+AF21+AC21+Y21+T21+R21+M21+H21 -> 5066 | AL21: =[32]人員・時間計画!$E13 -> 14 | AM21: =[33]人員・時間計画!E13 -> 21 | AN21: =[34]人員・時間計画!$E13 -> 13 | AO21: =[35]人員・時間計画!$E13 -> 9 | AP21: =[36]人員・時間計画!$E13 -> 18 | AQ21: =SUM(AQ19:AQ20) -> 75 | AR21: =[41]人員・時間計画!$E13 -> 17 | AS21: =[42]人員・時間計画!$E13 -> 13 | AT21: =[43]人員・時間計画!$E13 -> 22 | AU21: =SUM(AU19:AU20) -> 52 | AV21: =[40]人員・時間計画!$E13 -> 21 | AW21: =SUM(AW19:AW20) -> 21 | AX21: =AQ21+AU21+AW21 -> 148 | AY21: =[8]人員・時間計画!$E13 -> 8 | AZ21: =[9]人員・時間計画!$E13 -> 9 | BA21: =[10]人員・時間計画!$E13 -> 11 | BB21: =[11]人員・時間計画!$E13 -> 15 | BC21: =[12]人員・時間計画!$E13 -> 7 | BD21: =[13]人員・時間計画!$E13 -> 9 | BE21: =[14]人員・時間計画!$E13 -> 7 | BF21: =[15]人員・時間計画!$E13 -> 11 | BG21: =[16]人員・時間計画!$E13 -> 10 | BH21: =SUM(AY21:BG21) -> 87 | BI21: =SUM(BI19:BI20) -> 87 | BJ21: =[44]人員・時間計画!$E13 -> 12 | BK21: =[45]人員・時間計画!$E13 -> 45 | BL21: =SUM(BL19:BL20) -> 57 | BM21: =[46]人員・時間計画!$E13 -> 17 | BN21: =[47]人員・時間計画!$E13 -> 4 | BO21: =[48]人員・時間計画!$E13 -> 6 | BP21: =[49]人員・時間計画!$E13 -> 8 | BQ21: =[50]人員・時間計画!$E13 -> 4 | BR21: =SUM(BM21:BQ21) -> 39 | BS21: =[51]人員・時間計画!$E13 -> 17 | BT21: =[52]人員・時間計画!$E13 -> 16 | BU21: =[53]人員・時間計画!$E13 -> 14 | BV21: =[54]人員・時間計画!$E13 -> 6 | BW21: =[55]人員・時間計画!$E13 -> 70 | BX21: =SUM(BS21:BW21) -> 123 | BY21: =[56]人員・時間計画!$E13 -> 12 | BZ21: =[57]人員・時間計画!$E13 -> 8 | CA21: =[59]人員・時間計画!$E13 -> 17 | CB21: =SUM(CB19:CB20) -> 37 | CC21: =[58]人員・時間計画!$E13 -> 13 | CD21: =SUM(CD19:CD20) -> 13 | CE21: =CD21+CB21+BX21+BR21+BL21+BI21+AX21+AK21 -> 5570
A22: 6 | B22: 人員合計 | C22: =[1]人員・時間計画!$E$14 -> 1040 | D22: =[2]人員・時間計画!$E14 -> 1518 | E22: =[3]人員・時間計画!$E14 -> 986 | F22: =[4]人員・時間計画!$E14 -> 0 | G22: =[17]人員・時間計画!$E14 -> 28 | H22: =H21+H18 -> 3572 | I22: =[5]人員・時間計画!$E14 -> 321 | J22: =[18]人員・時間計画!$E14 -> 25 | K22: =[19]人員・時間計画!$E14 -> 9 | L22: =[20]人員・時間計画!$E14 -> 25 | M22: =M21+M18 -> 380 | N22: =[6]人員・時間計画!$E14 -> 142 | O22: ='[21]Kế hoạch số người - thời gian'!$E14 -> 34 | P22: =[22]人員・時間計画!$E14 -> 9 | Q22: =[23]人員・時間計画!$E14 -> 25 | R22: =R21+R18 -> 210 | S22: ='[7]人員・時間計画 '!$E14 -> 31 | T22: =T21+T18 -> 31 | U22: =[26]人員・時間計画!$E14 -> 11 | V22: =[27]人員・時間計画!$E14 -> 6 | W22: =[28]人員・時間計画!$E14 -> 17 | X22: =[29]人員・時間計画!$E14 -> 3 | Y22: =Y21+Y18 -> 37 | Z22: =[30]人員・時間計画!$E14 -> 377 | AA22: =[60]人員・時間計画!$E14 -> 63 | AB22: =[31]人員・時間計画!$E14 -> 18 | AC22: =AC21+AC18 -> 458 | AD22: =[24]人員・時間計画!$E14 -> 198 | AE22: =[25]人員・時間計画!$E14 -> 8 | AF22: =AF21+AF18 -> 206 | AG22: =[37]人員・時間計画!$E14 -> 104 | AH22: =[38]人員・時間計画!$E14 -> 47 | AI22: =[39]人員・時間計画!$E14 -> 35 | AJ22: =AJ21+AJ18 -> 186 | AK22: =AJ22+AF22+AC22+Y22+T22+R22+M22+H22 -> 5080 | AL22: =[32]人員・時間計画!$E14 -> 14 | AM22: =[33]人員・時間計画!E14 -> 23 | AN22: =[34]人員・時間計画!$E14 -> 13 | AO22: =[35]人員・時間計画!$E14 -> 9 | AP22: =[36]人員・時間計画!$E14 -> 19 | AQ22: =AQ21+AQ18 -> 78 | AR22: =[41]人員・時間計画!$E14 -> 18 | AS22: =[42]人員・時間計画!$E14 -> 14 | AT22: =[43]人員・時間計画!$E14 -> 22 | AU22: =AU21+AU18 -> 54 | AV22: =[40]人員・時間計画!$E14 -> 23 | AW22: =AW21+AW18 -> 23 | AX22: =AQ22+AU22+AW22 -> 155 | AY22: =[8]人員・時間計画!$E14 -> 8 | AZ22: =[9]人員・時間計画!$E14 -> 18 | BA22: =[10]人員・時間計画!$E14 -> 12 | BB22: =[11]人員・時間計画!$E14 -> 16 | BC22: =[12]人員・時間計画!$E14 -> 8 | BD22: =[13]人員・時間計画!$E14 -> 9 | BE22: =[14]人員・時間計画!$E14 -> 8 | BF22: =[15]人員・時間計画!$E14 -> 12 | BG22: =[16]人員・時間計画!$E14 -> 10 | BH22: =SUM(AY22:BG22) -> 101 | BI22: =BI21+BI18 -> 101 | BJ22: =[44]人員・時間計画!$E14 -> 14 | BK22: =[45]人員・時間計画!$E14 -> 45 | BL22: =BL21+BL18 -> 59 | BM22: =[46]人員・時間計画!$E14 -> 18 | BN22: =[47]人員・時間計画!$E14 -> 5 | BO22: =[48]人員・時間計画!$E14 -> 7 | BP22: =[49]人員・時間計画!$E14 -> 8 | BQ22: =[50]人員・時間計画!$E14 -> 6 | BR22: =SUM(BM22:BQ22) -> 44 | BS22: =[51]人員・時間計画!$E14 -> 18 | BT22: =[52]人員・時間計画!$E14 -> 17 | BU22: =[53]人員・時間計画!$E14 -> 14 | BV22: =[54]人員・時間計画!$E14 -> 7 | BW22: =[55]人員・時間計画!$E14 -> 70 | BX22: =SUM(BS22:BW22) -> 126 | BY22: =[56]人員・時間計画!$E14 -> 12 | BZ22: =[57]人員・時間計画!$E14 -> 9 | CA22: =[59]人員・時間計画!$E14 -> 18 | CB22: =CB21+CB18 -> 39 | CC22: =[58]人員・時間計画!$E14 -> 14 | CD22: =CD21+CD18 -> 14 | CE22: =CD22+CB22+BX22+BR22+BL22+BI22+AX22+AK22 -> 5618
A24: 7 | B24: 人員
A25: 7 | B25: 出向社員 | C25: =[1]人員・時間計画!$F$10 -> 2 | D25: =[2]人員・時間計画!$F10 -> 0 | E25: =[3]人員・時間計画!$F10 -> 0 | F25: =[4]人員・時間計画!$F10 -> 0 | G25: =[17]人員・時間計画!$F10 -> 0 | H25: =SUM(C25:G25) -> 2 | I25: =[5]人員・時間計画!$F10 -> 1 | J25: =[18]人員・時間計画!$F10 -> 0 | K25: =[19]人員・時間計画!$F10 -> 0 | L25: =[20]人員・時間計画!$F10 -> 0 | M25: =SUM(I25:L25) -> 1 | N25: =[6]人員・時間計画!$F10 -> 1 | O25: ='[21]Kế hoạch số người - thời gian'!$F10 -> 2 | P25: =[22]人員・時間計画!$F10 -> 0 | Q25: =[23]人員・時間計画!$E10 -> 0 | R25: =SUM(N25:Q25) -> 3 | S25: ='[7]人員・時間計画 '!$F10 -> 2 | T25: =S25 -> 2 | U25: =[26]人員・時間計画!$F10 -> 1 | V25: =[27]人員・時間計画!$F10 -> 0 | W25: =[28]人員・時間計画!$F10 -> 0 | X25: =[29]人員・時間計画!D10 -> 0 | Y25: =SUM(U25:X25) -> 1 | Z25: =[30]人員・時間計画!$F10 -> 0 | AA25: =[60]人員・時間計画!$F10 -> 0 | AB25: =[31]人員・時間計画!$F10 -> 1 | AC25: =SUM(Z25:AB25) -> 1 | AD25: =[24]人員・時間計画!$F10 -> 2 | AE25: =[25]人員・時間計画!$F10 -> 0 | AF25: =SUM(AD25:AE25) -> 2 | AG25: =[37]人員・時間計画!$F10 -> 0 | AH25: =[38]人員・時間計画!$F10 -> 0 | AI25: =[39]人員・時間計画!$F10 -> 2 | AJ25: =SUM(AG25:AI25) -> 2 | AK25: =AJ25+AF25+AC25+Y25+T25+R25+M25+H25 -> 14 | AL25: =[32]人員・時間計画!$F10 -> 0 | AM25: =[33]人員・時間計画!F10 -> 2 | AN25: =[34]人員・時間計画!$F10 -> 0 | AO25: =[35]人員・時間計画!$F10 -> 0 | AP25: =[36]人員・時間計画!$F10 -> 1 | AQ25: =SUM(AL25:AP25) -> 3 | AR25: =[41]人員・時間計画!$F10 -> 1 | AS25: =[42]人員・時間計画!$F10 -> 1 | AT25: =[43]人員・時間計画!$F10 -> 0 | AU25: =SUM(AR25:AT25) -> 2 | AV25: =[40]人員・時間計画!$F10 -> 2 | AW25: =AV25 -> 2 | AX25: =AQ25+AU25+AW25 -> 7 | AY25: =[8]人員・時間計画!$F10 -> 0 | AZ25: =[9]人員・時間計画!$F10 -> 9 | BA25: =[10]人員・時間計画!$F10 -> 1 | BB25: =[11]人員・時間計画!$F10 -> 1 | BC25: =[12]人員・時間計画!$F10 -> 1 | BD25: =[13]人員・時間計画!$F10 -> 0 | BE25: =[14]人員・時間計画!$F10 -> 1 | BF25: =[15]人員・時間計画!$F10 -> 1 | BG25: =[16]人員・時間計画!$F10 -> 0 | BH25: =SUM(AY25:BG25) -> 14 | BI25: =BH25 -> 14 | BJ25: =[44]人員・時間計画!$F10 -> 2 | BK25: =[45]人員・時間計画!$F10 -> 0 | BL25: =SUM(BJ25:BK25) -> 2 | BM25: =[46]人員・時間計画!$F10 -> 1 | BN25: =[47]人員・時間計画!$F10 -> 1 | BO25: =[48]人員・時間計画!$F10 -> 1 | BP25: =[49]人員・時間計画!$F10 -> 0 | BQ25: =[50]人員・時間計画!$F10 -> 2 | BR25: =SUM(BM25:BQ25) -> 5 | BS25: =[51]人員・時間計画!$F10 -> 1 | BT25: =[52]人員・時間計画!$F10 -> 1 | BU25: =[53]人員・時間計画!$F10 -> 0 | BV25: =[54]人員・時間計画!$F10 -> 1 | BW25: =[55]人員・時間計画!$F10 -> 0 | BX25: =SUM(BS25:BW25) -> 3 | BY25: =[56]人員・時間計画!$F10 -> 0 | BZ25: =[57]人員・時間計画!$F10 -> 1 | CA25: =[59]人員・時間計画!$F10 -> 1 | CB25: =SUM(BY25:CA25) -> 2 | CC25: =[58]人員・時間計画!$F10 -> 1 | CD25: =CC25 -> 1 | CE25: =CD25+CB25+BX25+BR25+BL25+BI25+AX25+AK25 -> 48
A26: 7 | B26: G5以上 | C26: =[1]人員・時間計画!$F$11 -> 85 | D26: =[2]人員・時間計画!$F11 -> 116 | E26: =[3]人員・時間計画!$F11 -> 90 | F26: =[4]人員・時間計画!$F11 -> 0 | G26: =[17]人員・時間計画!$F11 -> 21 | H26: =SUM(C26:G26) -> 312 | I26: =[5]人員・時間計画!$F11 -> 22 | J26: =[18]人員・時間計画!$F11 -> 14 | K26: =[19]人員・時間計画!$F11 -> 6 | L26: =[20]人員・時間計画!$F11 -> 10 | M26: =SUM(I26:L26) -> 52 | N26: =[6]人員・時間計画!$F11 -> 16 | O26: ='[21]Kế hoạch số người - thời gian'!$F11 -> 23 | P26: =[22]人員・時間計画!$F11 -> 9 | Q26: =[23]人員・時間計画!$E11 -> 12 | R26: =SUM(N26:Q26) -> 60 | S26: ='[7]人員・時間計画 '!$F11 -> 15 | T26: =S26 -> 15 | U26: =[26]人員・時間計画!$F11 -> 10 | V26: =[27]人員・時間計画!$F11 -> 6 | W26: =[28]人員・時間計画!$F11 -> 16 | X26: =[29]人員・時間計画!D11 -> 3 | Y26: =SUM(U26:X26) -> 35 | Z26: =[30]人員・時間計画!$F11 -> 38 | AA26: =[60]人員・時間計画!$F11 -> 11 | AB26: =[31]人員・時間計画!$F11 -> 12 | AC26: =SUM(Z26:AB26) -> 61 | AD26: =[24]人員・時間計画!$F11 -> 102 | AE26: =[25]人員・時間計画!$F11 -> 7 | AF26: =SUM(AD26:AE26) -> 109 | AG26: =[37]人員・時間計画!$F11 -> 25 | AH26: =[38]人員・時間計画!$F11 -> 23 | AI26: =[39]人員・時間計画!$F11 -> 30 | AJ26: =SUM(AG26:AI26) -> 78 | AK26: =AJ26+AF26+AC26+Y26+T26+R26+M26+H26 -> 722 | AL26: =[32]人員・時間計画!$F11 -> 14 | AM26: =[33]人員・時間計画!F11 -> 21 | AN26: =[34]人員・時間計画!$F11 -> 13 | AO26: =[35]人員・時間計画!$F11 -> 9 | AP26: =[36]人員・時間計画!$F11 -> 18 | AQ26: =SUM(AL26:AP26) -> 75 | AR26: =[41]人員・時間計画!$F11 -> 17 | AS26: =[42]人員・時間計画!$F11 -> 13 | AT26: =[43]人員・時間計画!$F11 -> 23 | AU26: =SUM(AR26:AT26) -> 53 | AV26: =[40]人員・時間計画!$F11 -> 21 | AW26: =AV26 -> 21 | AX26: =AQ26+AU26+AW26 -> 149 | AY26: =[8]人員・時間計画!$F11 -> 8 | AZ26: =[9]人員・時間計画!$F11 -> 9 | BA26: =[10]人員・時間計画!$F11 -> 11 | BB26: =[11]人員・時間計画!$F11 -> 15 | BC26: =[12]人員・時間計画!$F11 -> 7 | BD26: =[13]人員・時間計画!$F11 -> 9 | BE26: =[14]人員・時間計画!$F11 -> 7 | BF26: =[15]人員・時間計画!$F11 -> 11 | BG26: =[16]人員・時間計画!$F11 -> 10 | BH26: =SUM(AY26:BG26) -> 87 | BI26: =BH26 -> 87 | BJ26: =[44]人員・時間計画!$F11 -> 11 | BK26: =[45]人員・時間計画!$F11 -> 13 | BL26: =SUM(BJ26:BK26) -> 24 | BM26: =[46]人員・時間計画!$F11 -> 17 | BN26: =[47]人員・時間計画!$F11 -> 4 | BO26: =[48]人員・時間計画!$F11 -> 6 | BP26: =[49]人員・時間計画!$F11 -> 8 | BQ26: =[50]人員・時間計画!$F11 -> 4 | BR26: =SUM(BM26:BQ26) -> 39 | BS26: =[51]人員・時間計画!$F11 -> 11 | BT26: =[52]人員・時間計画!$F11 -> 16 | BU26: =[53]人員・時間計画!$F11 -> 11 | BV26: =[54]人員・時間計画!$F11 -> 6 | BW26: =[55]人員・時間計画!$F11 -> 3 | BX26: =SUM(BS26:BW26) -> 47 | BY26: =[56]人員・時間計画!$F11 -> 12 | BZ26: =[57]人員・時間計画!$F11 -> 8 | CA26: =[59]人員・時間計画!$F11 -> 17 | CB26: =SUM(BY26:CA26) -> 37 | CC26: =[58]人員・時間計画!$F11 -> 13 | CD26: =CC26 -> 13 | CE26: =CD26+CB26+BX26+BR26+BL26+BI26+AX26+AK26 -> 1118
A27: 7 | B27: G7, G6 | C27: =[1]人員・時間計画!$F$12 -> 1105 | D27: =[2]人員・時間計画!$F12 -> 1637 | E27: =[3]人員・時間計画!$F12 -> 1014 | F27: =[4]人員・時間計画!$F12 -> 0 | G27: =[17]人員・時間計画!$F12 -> 7 | H27: =SUM(C27:G27) -> 3763 | I27: =[5]人員・時間計画!$F12 -> 298 | J27: =[18]人員・時間計画!$F12 -> 11 | K27: =[19]人員・時間計画!$F12 -> 3 | L27: =[20]人員・時間計画!$F12 -> 14 | M27: =SUM(I27:L27) -> 326 | N27: =[6]人員・時間計画!$F12 -> 125 | O27: ='[21]Kế hoạch số người - thời gian'!$F12 -> 9 | P27: =[22]人員・時間計画!$F12 -> 0 | Q27: =[23]人員・時間計画!$E12 -> 13 | R27: =SUM(N27:Q27) -> 147 | S27: ='[7]人員・時間計画 '!$F12 -> 29 | T27: =S27 -> 29 | U27: =[26]人員・時間計画!$F12 -> 0 | V27: =[27]人員・時間計画!$F12 -> 0 | W27: =[28]人員・時間計画!$F12 -> 1 | X27: =[29]人員・時間計画!D12 -> 0 | Y27: =SUM(U27:X27) -> 1 | Z27: =[30]人員・時間計画!$F12 -> 337 | AA27: =[60]人員・時間計画!$F12 -> 52 | AB27: =[31]人員・時間計画!$F12 -> 5 | AC27: =SUM(Z27:AB27) -> 394 | AD27: =[24]人員・時間計画!$F12 -> 94 | AE27: =[25]人員・時間計画!$F12 -> 1 | AF27: =SUM(AD27:AE27) -> 95 | AG27: =[37]人員・時間計画!$F12 -> 79 | AH27: =[38]人員・時間計画!$F12 -> 24 | AI27: =[39]人員・時間計画!$F12 -> 4 | AJ27: =SUM(AG27:AI27) -> 107 | AK27: =AJ27+AF27+AC27+Y27+T27+R27+M27+H27 -> 4862 | AL27: =[32]人員・時間計画!$F12 -> 0 | AM27: =[33]人員・時間計画!F12 -> 0 | AN27: =[34]人員・時間計画!$F12 -> 0 | AO27: =[35]人員・時間計画!$F12 -> 0 | AP27: =[36]人員・時間計画!$F12 -> 0 | AQ27: =SUM(AL27:AP27) -> 0 | AR27: =[41]人員・時間計画!$F12 -> 0 | AS27: =[42]人員・時間計画!$F12 -> 0 | AT27: =[43]人員・時間計画!$F12 -> 0 | AU27: =SUM(AR27:AT27) -> 0 | AV27: =[40]人員・時間計画!$F12 -> 0 | AW27: =AV27 -> 0 | AX27: =AQ27+AU27+AW27 -> 0 | AY27: =[8]人員・時間計画!$F12 -> 0 | AZ27: =[9]人員・時間計画!$F12 -> 0 | BA27: =[10]人員・時間計画!$F12 -> 0 | BB27: =[11]人員・時間計画!$F12 -> 0 | BC27: =[12]人員・時間計画!$F12 -> 0 | BD27: =[13]人員・時間計画!$F12 -> 0 | BE27: =[14]人員・時間計画!$F12 -> 0 | BF27: =[15]人員・時間計画!$F12 -> 0 | BG27: =[16]人員・時間計画!$F12 -> 0 | BH27: =SUM(AY27:BG27) -> 0 | BI27: =BH27 -> 0 | BJ27: =[44]人員・時間計画!$F12 -> 1 | BK27: =[45]人員・時間計画!$F12 -> 32 | BL27: =SUM(BJ27:BK27) -> 33 | BM27: =[46]人員・時間計画!$F12 -> 0 | BN27: =[47]人員・時間計画!$F12 -> 0 | BO27: =[48]人員・時間計画!$F12 -> 0 | BP27: =[49]人員・時間計画!$F12 -> 0 | BQ27: =[50]人員・時間計画!$F12 -> 0 | BR27: =SUM(BM27:BQ27) -> 0 | BS27: =[51]人員・時間計画!$F12 -> 6 | BT27: =[52]人員・時間計画!$F12 -> 0 | BU27: =[53]人員・時間計画!$F12 -> 3 | BV27: =[54]人員・時間計画!$F12 -> 0 | BW27: =[55]人員・時間計画!$F12 -> 67 | BX27: =SUM(BS27:BW27) -> 76 | BY27: =[56]人員・時間計画!$F12 -> 0 | BZ27: =[57]人員・時間計画!$F12 -> 0 | CA27: =[59]人員・時間計画!$F12 -> 0 | CB27: =SUM(BY27:CA27) -> 0 | CC27: =[58]人員・時間計画!$F12 -> 0 | CD27: =CC27 -> 0 | CE27: =CD27+CB27+BX27+BR27+BL27+BI27+AX27+AK27 -> 4971
A28: 7 | B28: ローカル社員 | C28: =[1]人員・時間計画!$F$13 -> 1190 | D28: =[2]人員・時間計画!$F13 -> 1753 | E28: =[3]人員・時間計画!$F13 -> 1104 | F28: =[4]人員・時間計画!$F13 -> 0 | G28: =[17]人員・時間計画!$F13 -> 28 | H28: =SUM(H26:H27) -> 4075 | I28: =[5]人員・時間計画!$F13 -> 320 | J28: =[18]人員・時間計画!$F13 -> 25 | K28: =[19]人員・時間計画!$F13 -> 9 | L28: =[20]人員・時間計画!$F13 -> 24 | M28: =SUM(M26:M27) -> 378 | N28: =[6]人員・時間計画!$F13 -> 141 | O28: ='[21]Kế hoạch số người - thời gian'!$F13 -> 32 | P28: =[22]人員・時間計画!$F13 -> 9 | Q28: =[23]人員・時間計画!$E13 -> 25 | R28: =SUM(R26:R27) -> 207 | S28: ='[7]人員・時間計画 '!$F13 -> 44 | T28: =SUM(T26:T27) -> 44 | U28: =[26]人員・時間計画!$F13 -> 10 | V28: =[27]人員・時間計画!$F13 -> 6 | W28: =[28]人員・時間計画!$F13 -> 17 | X28: =[29]人員・時間計画!D13 -> 3 | Y28: =SUM(Y26:Y27) -> 36 | Z28: =[30]人員・時間計画!$F13 -> 375 | AA28: =[60]人員・時間計画!$F13 -> 63 | AB28: =[31]人員・時間計画!$F13 -> 17 | AC28: =SUM(AC26:AC27) -> 455 | AD28: =[24]人員・時間計画!$F13 -> 196 | AE28: =[25]人員・時間計画!$F13 -> 8 | AF28: =SUM(AF26:AF27) -> 204 | AG28: =[37]人員・時間計画!$F13 -> 104 | AH28: =[38]人員・時間計画!$F13 -> 47 | AI28: =[39]人員・時間計画!$F13 -> 34 | AJ28: =SUM(AJ26:AJ27) -> 185 | AK28: =AJ28+AF28+AC28+Y28+T28+R28+M28+H28 -> 5584 | AL28: =[32]人員・時間計画!$F13 -> 14 | AM28: =[33]人員・時間計画!F13 -> 21 | AN28: =[34]人員・時間計画!$F13 -> 13 | AO28: =[35]人員・時間計画!$F13 -> 9 | AP28: =[36]人員・時間計画!$F13 -> 18 | AQ28: =SUM(AQ26:AQ27) -> 75 | AR28: =[41]人員・時間計画!$F13 -> 17 | AS28: =[42]人員・時間計画!$F13 -> 13 | AT28: =[43]人員・時間計画!$F13 -> 23 | AU28: =SUM(AU26:AU27) -> 53 | AV28: =[40]人員・時間計画!$F13 -> 21 | AW28: =SUM(AW26:AW27) -> 21 | AX28: =AQ28+AU28+AW28 -> 149 | AY28: =[8]人員・時間計画!$F13 -> 8 | AZ28: =[9]人員・時間計画!$F13 -> 9 | BA28: =[10]人員・時間計画!$F13 -> 11 | BB28: =[11]人員・時間計画!$F13 -> 15 | BC28: =[12]人員・時間計画!$F13 -> 7 | BD28: =[13]人員・時間計画!$F13 -> 9 | BE28: =[14]人員・時間計画!$F13 -> 7 | BF28: =[15]人員・時間計画!$F13 -> 11 | BG28: =[16]人員・時間計画!$F13 -> 10 | BH28: =SUM(AY28:BG28) -> 87 | BI28: =SUM(BI26:BI27) -> 87 | BJ28: =[44]人員・時間計画!$F13 -> 12 | BK28: =[45]人員・時間計画!$F13 -> 45 | BL28: =SUM(BL26:BL27) -> 57 | BM28: =[46]人員・時間計画!$F13 -> 17 | BN28: =[47]人員・時間計画!$F13 -> 4 | BO28: =[48]人員・時間計画!$F13 -> 6 | BP28: =[49]人員・時間計画!$F13 -> 8 | BQ28: =[50]人員・時間計画!$F13 -> 4 | BR28: =SUM(BM28:BQ28) -> 39 | BS28: =[51]人員・時間計画!$F13 -> 17 | BT28: =[52]人員・時間計画!$F13 -> 16 | BU28: =[53]人員・時間計画!$F13 -> 14 | BV28: =[54]人員・時間計画!$F13 -> 6 | BW28: =[55]人員・時間計画!$F13 -> 70 | BX28: =SUM(BS28:BW28) -> 123 | BY28: =[56]人員・時間計画!$F13 -> 12 | BZ28: =[57]人員・時間計画!$F13 -> 8 | CA28: =[59]人員・時間計画!$F13 -> 17 | CB28: =SUM(CB26:CB27) -> 37 | CC28: =[58]人員・時間計画!$F13 -> 13 | CD28: =SUM(CD26:CD27) -> 13 | CE28: =CD28+CB28+BX28+BR28+BL28+BI28+AX28+AK28 -> 6089
A29: 7 | B29: 人員合計 | C29: =[1]人員・時間計画!$F$14 -> 1192 | D29: =[2]人員・時間計画!$F14 -> 1753 | E29: =[3]人員・時間計画!$F14 -> 1104 | F29: =[4]人員・時間計画!$F14 -> 0 | G29: =[17]人員・時間計画!$F14 -> 28 | H29: =H28+H25 -> 4077 | I29: =[5]人員・時間計画!$F14 -> 321 | J29: =[18]人員・時間計画!$F14 -> 25 | K29: =[19]人員・時間計画!$F14 -> 9 | L29: =[20]人員・時間計画!$F14 -> 24 | M29: =M28+M25 -> 379 | N29: =[6]人員・時間計画!$F14 -> 142 | O29: ='[21]Kế hoạch số người - thời gian'!$F14 -> 34 | P29: =[22]人員・時間計画!$F14 -> 9 | Q29: =[23]人員・時間計画!$E14 -> 25 | R29: =R28+R25 -> 210 | S29: ='[7]人員・時間計画 '!$F14 -> 46 | T29: =T28+T25 -> 46 | U29: =[26]人員・時間計画!$F14 -> 11 | V29: =[27]人員・時間計画!$F14 -> 6 | W29: =[28]人員・時間計画!$F14 -> 17 | X29: =[29]人員・時間計画!D14 -> 3 | Y29: =Y28+Y25 -> 37 | Z29: =[30]人員・時間計画!$F14 -> 375 | AA29: =[60]人員・時間計画!$F14 -> 63 | AB29: =[31]人員・時間計画!$F14 -> 18 | AC29: =AC28+AC25 -> 456 | AD29: =[24]人員・時間計画!$F14 -> 198 | AE29: =[25]人員・時間計画!$F14 -> 8 | AF29: =AF28+AF25 -> 206 | AG29: =[37]人員・時間計画!$F14 -> 104 | AH29: =[38]人員・時間計画!$F14 -> 47 | AI29: =[39]人員・時間計画!$F14 -> 36 | AJ29: =AJ28+AJ25 -> 187 | AK29: =AJ29+AF29+AC29+Y29+T29+R29+M29+H29 -> 5598 | AL29: =[32]人員・時間計画!$F14 -> 14 | AM29: =[33]人員・時間計画!F14 -> 23 | AN29: =[34]人員・時間計画!$F14 -> 13 | AO29: =[35]人員・時間計画!$F14 -> 9 | AP29: =[36]人員・時間計画!$F14 -> 19 | AQ29: =AQ28+AQ25 -> 78 | AR29: =[41]人員・時間計画!$F14 -> 18 | AS29: =[42]人員・時間計画!$F14 -> 14 | AT29: =[43]人員・時間計画!$F14 -> 23 | AU29: =AU28+AU25 -> 55 | AV29: =[40]人員・時間計画!$F14 -> 23 | AW29: =AW28+AW25 -> 23 | AX29: =AQ29+AU29+AW29 -> 156 | AY29: =[8]人員・時間計画!$F14 -> 8 | AZ29: =[9]人員・時間計画!$F14 -> 18 | BA29: =[10]人員・時間計画!$F14 -> 12 | BB29: =[11]人員・時間計画!$F14 -> 16 | BC29: =[12]人員・時間計画!$F14 -> 8 | BD29: =[13]人員・時間計画!$F14 -> 9 | BE29: =[14]人員・時間計画!$F14 -> 8 | BF29: =[15]人員・時間計画!$F14 -> 12 | BG29: =[16]人員・時間計画!$F14 -> 10 | BH29: =SUM(AY29:BG29) -> 101 | BI29: =BI28+BI25 -> 101 | BJ29: =[44]人員・時間計画!$F14 -> 14 | BK29: =[45]人員・時間計画!$F14 -> 45 | BL29: =BL28+BL25 -> 59 | BM29: =[46]人員・時間計画!$F14 -> 18 | BN29: =[47]人員・時間計画!$F14 -> 5 | BO29: =[48]人員・時間計画!$F14 -> 7 | BP29: =[49]人員・時間計画!$F14 -> 8 | BQ29: =[50]人員・時間計画!$F14 -> 6 | BR29: =SUM(BM29:BQ29) -> 44 | BS29: =[51]人員・時間計画!$F14 -> 18 | BT29: =[52]人員・時間計画!$F14 -> 17 | BU29: =[53]人員・時間計画!$F14 -> 14 | BV29: =[54]人員・時間計画!$F14 -> 7 | BW29: =[55]人員・時間計画!$F14 -> 70 | BX29: =SUM(BS29:BW29) -> 126 | BY29: =[56]人員・時間計画!$F14 -> 12 | BZ29: =[57]人員・時間計画!$F14 -> 9 | CA29: =[59]人員・時間計画!$F14 -> 18 | CB29: =CB28+CB25 -> 39 | CC29: =[58]人員・時間計画!$F14 -> 14 | CD29: =CD28+CD25 -> 14 | CE29: =CD29+CB29+BX29+BR29+BL29+BI29+AX29+AK29 -> 6137
A31: 8 | B31: 人員
A32: 8 | B32: 出向社員 | C32: =[1]人員・時間計画!$G$10 -> 2 | D32: =[2]人員・時間計画!$G10 -> 0 | E32: =[3]人員・時間計画!$G10 -> 0 | F32: =[4]人員・時間計画!$G10 -> 0 | G32: =[17]人員・時間計画!$G10 -> 0 | H32: =SUM(C32:G32) -> 2 | I32: =[5]人員・時間計画!$G10 -> 1 | J32: =[18]人員・時間計画!$G10 -> 0 | K32: =[19]人員・時間計画!$G10 -> 0 | L32: =[20]人員・時間計画!$G10 -> 0 | M32: =SUM(I32:L32) -> 1 | N32: =[6]人員・時間計画!$G10 -> 1 | O32: ='[21]Kế hoạch số người - thời gian'!$G10 -> 2 | P32: =[22]人員・時間計画!$G10 -> 0 | Q32: =[23]人員・時間計画!$G10 -> 0 | R32: =SUM(N32:Q32) -> 3 | S32: ='[7]人員・時間計画 '!$G10 -> 2 | T32: =S32 -> 2 | U32: =[26]人員・時間計画!$G10 -> 1 | V32: =[27]人員・時間計画!$G10 -> 0 | W32: =[28]人員・時間計画!$G10 -> 0 | X32: =[29]人員・時間計画!$G10 -> 0 | Y32: =SUM(U32:X32) -> 1 | Z32: =[30]人員・時間計画!$G10 -> 0 | AA32: =[60]人員・時間計画!$G10 -> 0 | AB32: =[31]人員・時間計画!$G10 -> 1 | AC32: =SUM(Z32:AB32) -> 1 | AD32: =[24]人員・時間計画!$G10 -> 2 | AE32: =[25]人員・時間計画!$G10 -> 0 | AF32: =SUM(AD32:AE32) -> 2 | AG32: =[37]人員・時間計画!$G10 -> 0 | AH32: =[38]人員・時間計画!$G10 -> 0 | AI32: =[39]人員・時間計画!$G10 -> 2 | AJ32: =SUM(AG32:AI32) -> 2 | AK32: =AJ32+AF32+AC32+Y32+T32+R32+M32+H32 -> 14 | AL32: =[32]人員・時間計画!$G10 -> 0 | AM32: =[33]人員・時間計画!G10 -> 2 | AN32: =[34]人員・時間計画!$G10 -> 0 | AO32: =[35]人員・時間計画!$G10 -> 0 | AP32: =[36]人員・時間計画!$G10 -> 1 | AQ32: =SUM(AL32:AP32) -> 3 | AR32: =[41]人員・時間計画!$G10 -> 1 | AS32: =[42]人員・時間計画!$G10 -> 1 | AT32: =[43]人員・時間計画!$G10 -> 0 | AU32: =SUM(AR32:AT32) -> 2 | AV32: =[40]人員・時間計画!$G10 -> 2 | AW32: =AV32 -> 2 | AX32: =AQ32+AU32+AW32 -> 7 | AY32: =[8]人員・時間計画!$G10 -> 0 | AZ32: =[9]人員・時間計画!$G10 -> 9 | BA32: =[10]人員・時間計画!$G10 -> 1 | BB32: =[11]人員・時間計画!$G10 -> 1 | BC32: =[12]人員・時間計画!$G10 -> 1 | BD32: =[13]人員・時間計画!$G10 -> 0 | BE32: =[14]人員・時間計画!$G10 -> 1 | BF32: =[15]人員・時間計画!$G10 -> 1 | BG32: =[16]人員・時間計画!$G10 -> 0 | BH32: =SUM(AY32:BG32) -> 14 | BI32: =BH32 -> 14 | BJ32: =[44]人員・時間計画!$G10 -> 2 | BK32: =[45]人員・時間計画!$G10 -> 0 | BL32: =SUM(BJ32:BK32) -> 2 | BM32: =[46]人員・時間計画!$G10 -> 1 | BN32: =[47]人員・時間計画!$G10 -> 1 | BO32: =[48]人員・時間計画!$G10 -> 1 | BP32: =[49]人員・時間計画!$G10 -> 0 | BQ32: =[50]人員・時間計画!$G10 -> 2 | BR32: =SUM(BM32:BQ32) -> 5 | BS32: =[51]人員・時間計画!$G10 -> 1 | BT32: =[52]人員・時間計画!$G10 -> 1 | BU32: =[53]人員・時間計画!$G10 -> 0 | BV32: =[54]人員・時間計画!$G10 -> 1 | BW32: =[55]人員・時間計画!$G10 -> 0 | BX32: =SUM(BS32:BW32) -> 3 | BY32: =[56]人員・時間計画!$G10 -> 0 | BZ32: =[57]人員・時間計画!$G10 -> 1 | CA32: =[59]人員・時間計画!$G10 -> 1 | CB32: =SUM(BY32:CA32) -> 2 | CC32: =[58]人員・時間計画!$G10 -> 1 | CD32: =CC32 -> 1 | CE32: =CD32+CB32+BX32+BR32+BL32+BI32+AX32+AK32 -> 48
A33: 8 | B33: G5以上 | C33: =[1]人員・時間計画!$G$11 -> 85 | D33: =[2]人員・時間計画!$G11 -> 116 | E33: =[3]人員・時間計画!$G11 -> 90 | F33: =[4]人員・時間計画!$G11 -> 0 | G33: =[17]人員・時間計画!$G11 -> 21 | H33: =SUM(C33:G33) -> 312 | I33: =[5]人員・時間計画!$G11 -> 22 | J33: =[18]人員・時間計画!$G11 -> 14 | K33: =[19]人員・時間計画!$G11 -> 6 | L33: =[20]人員・時間計画!$G11 -> 10 | M33: =SUM(I33:L33) -> 52 | N33: =[6]人員・時間計画!$G11 -> 16 | O33: ='[21]Kế hoạch số người - thời gian'!$G11 -> 23 | P33: =[22]人員・時間計画!$G11 -> 9 | Q33: =[23]人員・時間計画!$G11 -> 12 | R33: =SUM(N33:Q33) -> 60 | S33: ='[7]人員・時間計画 '!$G11 -> 15 | T33: =S33 -> 15 | U33: =[26]人員・時間計画!$G11 -> 10 | V33: =[27]人員・時間計画!$G11 -> 6 | W33: =[28]人員・時間計画!$G11 -> 16 | X33: =[29]人員・時間計画!$G11 -> 3 | Y33: =SUM(U33:X33) -> 35 | Z33: =[30]人員・時間計画!$G11 -> 38 | AA33: =[60]人員・時間計画!$G11 -> 11 | AB33: =[31]人員・時間計画!$G11 -> 12 | AC33: =SUM(Z33:AB33) -> 61 | AD33: =[24]人員・時間計画!$G11 -> 102 | AE33: =[25]人員・時間計画!$G11 -> 7 | AF33: =SUM(AD33:AE33) -> 109 | AG33: =[37]人員・時間計画!$G11 -> 25 | AH33: =[38]人員・時間計画!$G11 -> 23 | AI33: =[39]人員・時間計画!$G11 -> 30 | AJ33: =SUM(AG33:AI33) -> 78 | AK33: =AJ33+AF33+AC33+Y33+T33+R33+M33+H33 -> 722 | AL33: =[32]人員・時間計画!$G11 -> 15 | AM33: =[33]人員・時間計画!G11 -> 21 | AN33: =[34]人員・時間計画!$G11 -> 13 | AO33: =[35]人員・時間計画!$G11 -> 9 | AP33: =[36]人員・時間計画!$G11 -> 18 | AQ33: =SUM(AL33:AP33) -> 76 | AR33: =[41]人員・時間計画!$G11 -> 17 | AS33: =[42]人員・時間計画!$G11 -> 13 | AT33: =[43]人員・時間計画!$G11 -> 23 | AU33: =SUM(AR33:AT33) -> 53 | AV33: =[40]人員・時間計画!$G11 -> 23 | AW33: =AV33 -> 23 | AX33: =AQ33+AU33+AW33 -> 152 | AY33: =[8]人員・時間計画!$G11 -> 8 | AZ33: =[9]人員・時間計画!$G11 -> 9 | BA33: =[10]人員・時間計画!$G11 -> 11 | BB33: =[11]人員・時間計画!$G11 -> 15 | BC33: =[12]人員・時間計画!$G11 -> 7 | BD33: =[13]人員・時間計画!$G11 -> 9 | BE33: =[14]人員・時間計画!$G11 -> 7 | BF33: =[15]人員・時間計画!$G11 -> 11 | BG33: =[16]人員・時間計画!$G11 -> 10 | BH33: =SUM(AY33:BG33) -> 87 | BI33: =BH33 -> 87 | BJ33: =[44]人員・時間計画!$G11 -> 11 | BK33: =[45]人員・時間計画!$G11 -> 14 | BL33: =SUM(BJ33:BK33) -> 25 | BM33: =[46]人員・時間計画!$G11 -> 17 | BN33: =[47]人員・時間計画!$G11 -> 4 | BO33: =[48]人員・時間計画!$G11 -> 6 | BP33: =[49]人員・時間計画!$G11 -> 8 | BQ33: =[50]人員・時間計画!$G11 -> 4 | BR33: =SUM(BM33:BQ33) -> 39 | BS33: =[51]人員・時間計画!$G11 -> 11 | BT33: =[52]人員・時間計画!$G11 -> 16 | BU33: =[53]人員・時間計画!$G11 -> 11 | BV33: =[54]人員・時間計画!$G11 -> 6 | BW33: =[55]人員・時間計画!$G11 -> 3 | BX33: =SUM(BS33:BW33) -> 47 | BY33: =[56]人員・時間計画!$G11 -> 12 | BZ33: =[57]人員・時間計画!$G11 -> 8 | CA33: =[59]人員・時間計画!$G11 -> 17 | CB33: =SUM(BY33:CA33) -> 37 | CC33: =[58]人員・時間計画!$G11 -> 13 | CD33: =CC33 -> 13 | CE33: =CD33+CB33+BX33+BR33+BL33+BI33+AX33+AK33 -> 1122
A34: 8 | B34: G7, G6 | C34: =[1]人員・時間計画!$G$12 -> 1185 | D34: =[2]人員・時間計画!$G12 -> 1688 | E34: =[3]人員・時間計画!$G12 -> 1058 | F34: =[4]人員・時間計画!$G12 -> 0 | G34: =[17]人員・時間計画!$G12 -> 7 | H34: =SUM(C34:G34) -> 3938 | I34: =[5]人員・時間計画!$G12 -> 306 | J34: =[18]人員・時間計画!$G12 -> 11 | K34: =[19]人員・時間計画!$G12 -> 3 | L34: =[20]人員・時間計画!$G12 -> 15 | M34: =SUM(I34:L34) -> 335 | N34: =[6]人員・時間計画!$G12 -> 125 | O34: ='[21]Kế hoạch số người - thời gian'!$G12 -> 9 | P34: =[22]人員・時間計画!$G12 -> 0 | Q34: =[23]人員・時間計画!$G12 -> 13 | R34: =SUM(N34:Q34) -> 147 | S34: ='[7]人員・時間計画 '!$G12 -> 29 | T34: =S34 -> 29 | U34: =[26]人員・時間計画!$G12 -> 0 | V34: =[27]人員・時間計画!$G12 -> 0 | W34: =[28]人員・時間計画!$G12 -> 1 | X34: =[29]人員・時間計画!$G12 -> 0 | Y34: =SUM(U34:X34) -> 1 | Z34: =[30]人員・時間計画!$G12 -> 337 | AA34: =[60]人員・時間計画!$G12 -> 51 | AB34: =[31]人員・時間計画!$G12 -> 5 | AC34: =SUM(Z34:AB34) -> 393 | AD34: =[24]人員・時間計画!$G12 -> 94 | AE34: =[25]人員・時間計画!$G12 -> 1 | AF34: =SUM(AD34:AE34) -> 95 | AG34: =[37]人員・時間計画!$G12 -> 79 | AH34: =[38]人員・時間計画!$G12 -> 24 | AI34: =[39]人員・時間計画!$G12 -> 4 | AJ34: =SUM(AG34:AI34) -> 107 | AK34: =AJ34+AF34+AC34+Y34+T34+R34+M34+H34 -> 5045 | AL34: =[32]人員・時間計画!$G12 -> 0 | AM34: =[33]人員・時間計画!G12 -> 0 | AN34: =[34]人員・時間計画!$G12 -> 0 | AO34: =[35]人員・時間計画!$G12 -> 0 | AP34: =[36]人員・時間計画!$G12 -> 0 | AQ34: =SUM(AL34:AP34) -> 0 | AR34: =[41]人員・時間計画!$G12 -> 0 | AS34: =[42]人員・時間計画!$G12 -> 0 | AT34: =[43]人員・時間計画!$G12 -> 0 | AU34: =SUM(AR34:AT34) -> 0 | AV34: =[40]人員・時間計画!$G12 -> 0 | AW34: =AV34 -> 0 | AX34: =AQ34+AU34+AW34 -> 0 | AY34: =[8]人員・時間計画!$G12 -> 0 | AZ34: =[9]人員・時間計画!$G12 -> 0 | BA34: =[10]人員・時間計画!$G12 -> 0 | BB34: =[11]人員・時間計画!$G12 -> 0 | BC34: =[12]人員・時間計画!$G12 -> 0 | BD34: =[13]人員・時間計画!$G12 -> 0 | BE34: =[14]人員・時間計画!$G12 -> 0 | BF34: =[15]人員・時間計画!$G12 -> 0 | BG34: =[16]人員・時間計画!$G12 -> 0 | BH34: =SUM(AY34:BG34) -> 0 | BI34: =BH34 -> 0 | BJ34: =[44]人員・時間計画!$G12 -> 1 | BK34: =[45]人員・時間計画!$G12 -> 33 | BL34: =SUM(BJ34:BK34) -> 34 | BM34: =[46]人員・時間計画!$G12 -> 0 | BN34: =[47]人員・時間計画!$G12 -> 0 | BO34: =[48]人員・時間計画!$G12 -> 0 | BP34: =[49]人員・時間計画!$G12 -> 0 | BQ34: =[50]人員・時間計画!$G12 -> 0 | BR34: =SUM(BM34:BQ34) -> 0 | BS34: =[51]人員・時間計画!$G12 -> 6 | BT34: =[52]人員・時間計画!$G12 -> 0 | BU34: =[53]人員・時間計画!$G12 -> 3 | BV34: =[54]人員・時間計画!$G12 -> 0 | BW34: =[55]人員・時間計画!$G12 -> 67 | BX34: =SUM(BS34:BW34) -> 76 | BY34: =[56]人員・時間計画!$G12 -> 0 | BZ34: =[57]人員・時間計画!$G12 -> 0 | CA34: =[59]人員・時間計画!$G12 -> 0 | CB34: =SUM(BY34:CA34) -> 0 | CC34: =[58]人員・時間計画!$G12 -> 0 | CD34: =CC34 -> 0 | CE34: =CD34+CB34+BX34+BR34+BL34+BI34+AX34+AK34 -> 5155
A35: 8 | B35: ローカル社員 | C35: =[1]人員・時間計画!$G$13 -> 1270 | D35: =[2]人員・時間計画!$G13 -> 1804 | E35: =[3]人員・時間計画!$G13 -> 1148 | F35: =[4]人員・時間計画!$G13 -> 0 | G35: =[17]人員・時間計画!$G13 -> 28 | H35: =SUM(H33:H34) -> 4250 | I35: =[5]人員・時間計画!$G13 -> 328 | J35: =[18]人員・時間計画!$G13 -> 25 | K35: =[19]人員・時間計画!$G13 -> 9 | L35: =[20]人員・時間計画!$G13 -> 25 | M35: =SUM(M33:M34) -> 387 | N35: =[6]人員・時間計画!$G13 -> 141 | O35: ='[21]Kế hoạch số người - thời gian'!$G13 -> 32 | P35: =[22]人員・時間計画!$G13 -> 9 | Q35: =[23]人員・時間計画!$G13 -> 25 | R35: =SUM(R33:R34) -> 207 | S35: ='[7]人員・時間計画 '!$G13 -> 44 | T35: =SUM(T33:T34) -> 44 | U35: =[26]人員・時間計画!$G13 -> 10 | V35: =[27]人員・時間計画!$G13 -> 6 | W35: =[28]人員・時間計画!$G13 -> 17 | X35: =[29]人員・時間計画!$G13 -> 3 | Y35: =SUM(Y33:Y34) -> 36 | Z35: =[30]人員・時間計画!$G13 -> 375 | AA35: =[60]人員・時間計画!$G13 -> 62 | AB35: =[31]人員・時間計画!$G13 -> 17 | AC35: =SUM(AC33:AC34) -> 454 | AD35: =[24]人員・時間計画!$G13 -> 196 | AE35: =[25]人員・時間計画!$G13 -> 8 | AF35: =SUM(AF33:AF34) -> 204 | AG35: =[37]人員・時間計画!$G13 -> 104 | AH35: =[38]人員・時間計画!$G13 -> 47 | AI35: =[39]人員・時間計画!$G13 -> 34 | AJ35: =SUM(AJ33:AJ34) -> 185 | AK35: =AJ35+AF35+AC35+Y35+T35+R35+M35+H35 -> 5767 | AL35: =[32]人員・時間計画!$G13 -> 15 | AM35: =[33]人員・時間計画!G13 -> 21 | AN35: =[34]人員・時間計画!$G13 -> 13 | AO35: =[35]人員・時間計画!$G13 -> 9 | AP35: =[36]人員・時間計画!$G13 -> 18 | AQ35: =SUM(AQ33:AQ34) -> 76 | AR35: =[41]人員・時間計画!$G13 -> 17 | AS35: =[42]人員・時間計画!$G13 -> 13 | AT35: =[43]人員・時間計画!$G13 -> 23 | AU35: =SUM(AU33:AU34) -> 53 | AV35: =[40]人員・時間計画!$G13 -> 23 | AW35: =SUM(AW33:AW34) -> 23 | AX35: =AQ35+AU35+AW35 -> 152 | AY35: =[8]人員・時間計画!$G13 -> 8 | AZ35: =[9]人員・時間計画!$G13 -> 9 | BA35: =[10]人員・時間計画!$G13 -> 11 | BB35: =[11]人員・時間計画!$G13 -> 15 | BC35: =[12]人員・時間計画!$G13 -> 7 | BD35: =[13]人員・時間計画!$G13 -> 9 | BE35: =[14]人員・時間計画!$G13 -> 7 | BF35: =[15]人員・時間計画!$G13 -> 11 | BG35: =[16]人員・時間計画!$G13 -> 10 | BH35: =SUM(AY35:BG35) -> 87 | BI35: =SUM(BI33:BI34) -> 87 | BJ35: =[44]人員・時間計画!$G13 -> 12 | BK35: =[45]人員・時間計画!$G13 -> 47 | BL35: =SUM(BL33:BL34) -> 59 | BM35: =[46]人員・時間計画!$G13 -> 17 | BN35: =[47]人員・時間計画!$G13 -> 4 | BO35: =[48]人員・時間計画!$G13 -> 6 | BP35: =[49]人員・時間計画!$G13 -> 8 | BQ35: =[50]人員・時間計画!$G13 -> 4 | BR35: =SUM(BM35:BQ35) -> 39 | BS35: =[51]人員・時間計画!$G13 -> 17 | BT35: =[52]人員・時間計画!$G13 -> 16 | BU35: =[53]人員・時間計画!$G13 -> 14 | BV35: =[54]人員・時間計画!$G13 -> 6 | BW35: =[55]人員・時間計画!$G13 -> 70 | BX35: =SUM(BS35:BW35) -> 123 | BY35: =[56]人員・時間計画!$G13 -> 12 | BZ35: =[57]人員・時間計画!$G13 -> 8 | CA35: =[59]人員・時間計画!$G13 -> 17 | CB35: =SUM(CB33:CB34) -> 37 | CC35: =[58]人員・時間計画!$G13 -> 13 | CD35: =SUM(CD33:CD34) -> 13 | CE35: =CD35+CB35+BX35+BR35+BL35+BI35+AX35+AK35 -> 6277
A36: 8 | B36: 人員合計 | C36: =[1]人員・時間計画!$G$14 -> 1272 | D36: =[2]人員・時間計画!$G14 -> 1804 | E36: =[3]人員・時間計画!$G14 -> 1148 | F36: =[4]人員・時間計画!$G14 -> 0 | G36: =[17]人員・時間計画!$G14 -> 28 | H36: =H35+H32 -> 4252 | I36: =[5]人員・時間計画!$G14 -> 329 | J36: =[18]人員・時間計画!$G14 -> 25 | K36: =[19]人員・時間計画!$G14 -> 9 | L36: =[20]人員・時間計画!$G14 -> 25 | M36: =M35+M32 -> 388 | N36: =[6]人員・時間計画!$G14 -> 142 | O36: ='[21]Kế hoạch số người - thời gian'!$G14 -> 34 | P36: =[22]人員・時間計画!$G14 -> 9 | Q36: =[23]人員・時間計画!$G14 -> 25 | R36: =R35+R32 -> 210 | S36: ='[7]人員・時間計画 '!$G14 -> 46 | T36: =T35+T32 -> 46 | U36: =[26]人員・時間計画!$G14 -> 11 | V36: =[27]人員・時間計画!$G14 -> 6 | W36: =[28]人員・時間計画!$G14 -> 17 | X36: =[29]人員・時間計画!$G14 -> 3 | Y36: =Y35+Y32 -> 37 | Z36: =[30]人員・時間計画!$G14 -> 375 | AA36: =[60]人員・時間計画!$G14 -> 62 | AB36: =[31]人員・時間計画!$G14 -> 18 | AC36: =AC35+AC32 -> 455 | AD36: =[24]人員・時間計画!$G14 -> 198 | AE36: =[25]人員・時間計画!$G14 -> 8 | AF36: =AF35+AF32 -> 206 | AG36: =[37]人員・時間計画!$G14 -> 104 | AH36: =[38]人員・時間計画!$G14 -> 47 | AI36: =[39]人員・時間計画!$G14 -> 36 | AJ36: =AJ35+AJ32 -> 187 | AK36: =AJ36+AF36+AC36+Y36+T36+R36+M36+H36 -> 5781 | AL36: =[32]人員・時間計画!$G14 -> 15 | AM36: =[33]人員・時間計画!G14 -> 23 | AN36: =[34]人員・時間計画!$G14 -> 13 | AO36: =[35]人員・時間計画!$G14 -> 9 | AP36: =[36]人員・時間計画!$G14 -> 19 | AQ36: =AQ35+AQ32 -> 79 | AR36: =[41]人員・時間計画!$G14 -> 18 | AS36: =[42]人員・時間計画!$G14 -> 14 | AT36: =[43]人員・時間計画!$G14 -> 23 | AU36: =AU35+AU32 -> 55 | AV36: =[40]人員・時間計画!$G14 -> 25 | AW36: =AW35+AW32 -> 25 | AX36: =AQ36+AU36+AW36 -> 159 | AY36: =[8]人員・時間計画!$G14 -> 8 | AZ36: =[9]人員・時間計画!$G14 -> 18 | BA36: =[10]人員・時間計画!$G14 -> 12 | BB36: =[11]人員・時間計画!$G14 -> 16 | BC36: =[12]人員・時間計画!$G14 -> 8 | BD36: =[13]人員・時間計画!$G14 -> 9 | BE36: =[14]人員・時間計画!$G14 -> 8 | BF36: =[15]人員・時間計画!$G14 -> 12 | BG36: =[16]人員・時間計画!$G14 -> 10 | BH36: =SUM(AY36:BG36) -> 101 | BI36: =BI35+BI32 -> 101 | BJ36: =[44]人員・時間計画!$G14 -> 14 | BK36: =[45]人員・時間計画!$G14 -> 47 | BL36: =BL35+BL32 -> 61 | BM36: =[46]人員・時間計画!$G14 -> 18 | BN36: =[47]人員・時間計画!$G14 -> 5 | BO36: =[48]人員・時間計画!$G14 -> 7 | BP36: =[49]人員・時間計画!$G14 -> 8 | BQ36: =[50]人員・時間計画!$G14 -> 6 | BR36: =SUM(BM36:BQ36) -> 44 | BS36: =[51]人員・時間計画!$G14 -> 18 | BT36: =[52]人員・時間計画!$G14 -> 17 | BU36: =[53]人員・時間計画!$G14 -> 14 | BV36: =[54]人員・時間計画!$G14 -> 7 | BW36: =[55]人員・時間計画!$G14 -> 70 | BX36: =SUM(BS36:BW36) -> 126 | BY36: =[56]人員・時間計画!$G14 -> 12 | BZ36: =[57]人員・時間計画!$G14 -> 9 | CA36: =[59]人員・時間計画!$G14 -> 18 | CB36: =CB35+CB32 -> 39 | CC36: =[58]人員・時間計画!$G14 -> 14 | CD36: =CD35+CD32 -> 14 | CE36: =CD36+CB36+BX36+BR36+BL36+BI36+AX36+AK36 -> 6325
A38: 9 | B38: 人員
A39: 9 | B39: 出向社員 | C39: =[1]人員・時間計画!$H$10 -> 2 | D39: =[2]人員・時間計画!$H10 -> 0 | E39: =[3]人員・時間計画!$H10 -> 0 | F39: =[4]人員・時間計画!$H10 -> 0 | G39: =[17]人員・時間計画!$H10 -> 0 | H39: =SUM(C39:G39) -> 2 | I39: =[5]人員・時間計画!$H10 -> 1 | J39: =[18]人員・時間計画!$H10 -> 0 | K39: =[19]人員・時間計画!$H10 -> 0 | L39: =[20]人員・時間計画!$H10 -> 0 | M39: =SUM(I39:L39) -> 1 | N39: =[6]人員・時間計画!$H10 -> 1 | O39: ='[21]Kế hoạch số người - thời gian'!$H10 -> 2 | P39: =[22]人員・時間計画!$H10 -> 0 | Q39: =[23]人員・時間計画!$H10 -> 0 | R39: =SUM(N39:Q39) -> 3 | S39: ='[7]人員・時間計画 '!H10 -> 2 | T39: =S39 -> 2 | U39: =[26]人員・時間計画!$H10 -> 1 | V39: =[27]人員・時間計画!$H10 -> 0 | W39: =[28]人員・時間計画!$H10 -> 0 | X39: =[29]人員・時間計画!$H10 -> 0 | Y39: =SUM(U39:X39) -> 1 | Z39: =[30]人員・時間計画!$H10 -> 0 | AA39: =[60]人員・時間計画!$H10 -> 0 | AB39: =[31]人員・時間計画!$H10 -> 1 | AC39: =SUM(Z39:AB39) -> 1 | AD39: =[24]人員・時間計画!$H10 -> 2 | AE39: =[25]人員・時間計画!$H10 -> 0 | AF39: =SUM(AD39:AE39) -> 2 | AG39: =[37]人員・時間計画!$H10 -> 0 | AH39: =[38]人員・時間計画!$H10 -> 0 | AI39: =[39]人員・時間計画!$H10 -> 2 | AJ39: =SUM(AG39:AI39) -> 2 | AK39: =AJ39+AF39+AC39+Y39+T39+R39+M39+H39 -> 14 | AL39: =[32]人員・時間計画!$H10 -> 0 | AM39: =[33]人員・時間計画!H10 -> 2 | AN39: =[34]人員・時間計画!$H10 -> 0 | AO39: =[35]人員・時間計画!$H10 -> 0 | AP39: =[36]人員・時間計画!$H10 -> 1 | AQ39: =SUM(AL39:AP39) -> 3 | AR39: =[41]人員・時間計画!$H10 -> 1 | AS39: =[42]人員・時間計画!$H10 -> 1 | AT39: =[43]人員・時間計画!$H10 -> 0 | AU39: =SUM(AR39:AT39) -> 2 | AV39: =[40]人員・時間計画!$H10 -> 2 | AW39: =AV39 -> 2 | AX39: =AQ39+AU39+AW39 -> 7 | AY39: =[8]人員・時間計画!$H10 -> 0 | AZ39: =[9]人員・時間計画!$H10 -> 9 | BA39: =[10]人員・時間計画!$H10 -> 1 | BB39: =[11]人員・時間計画!$H10 -> 1 | BC39: =[12]人員・時間計画!$H10 -> 1 | BD39: =[13]人員・時間計画!$H10 -> 0 | BE39: =[14]人員・時間計画!$H10 -> 1 | BF39: =[15]人員・時間計画!$H10 -> 1 | BG39: =[16]人員・時間計画!$H10 -> 0 | BH39: =SUM(AY39:BG39) -> 14 | BI39: =BH39 -> 14 | BJ39: =[44]人員・時間計画!$H10 -> 2 | BK39: =[45]人員・時間計画!$H10 -> 0 | BL39: =SUM(BJ39:BK39) -> 2 | BM39: =[46]人員・時間計画!$H10 -> 1 | BN39: =[47]人員・時間計画!$H10 -> 1 | BO39: =[48]人員・時間計画!$H10 -> 1 | BP39: =[49]人員・時間計画!$H10 -> 0 | BQ39: =[50]人員・時間計画!$H10 -> 2 | BR39: =SUM(BM39:BQ39) -> 5 | BS39: =[51]人員・時間計画!$H10 -> 1 | BT39: =[52]人員・時間計画!$H10 -> 1 | BU39: =[53]人員・時間計画!$H10 -> 0 | BV39: =[54]人員・時間計画!$H10 -> 1 | BW39: =[55]人員・時間計画!$H10 -> 0 | BX39: =SUM(BS39:BW39) -> 3 | BY39: =[56]人員・時間計画!$H10 -> 0 | BZ39: =[57]人員・時間計画!$H10 -> 1 | CA39: =[59]人員・時間計画!$H10 -> 1 | CB39: =SUM(BY39:CA39) -> 2 | CC39: =[58]人員・時間計画!$H10 -> 1 | CD39: =CC39 -> 1 | CE39: =CD39+CB39+BX39+BR39+BL39+BI39+AX39+AK39 -> 48
A40: 9 | B40: G5以上 | C40: =[1]人員・時間計画!$H$11 -> 85 | D40: =[2]人員・時間計画!$H11 -> 116 | E40: =[3]人員・時間計画!$H11 -> 90 | F40: =[4]人員・時間計画!$H11 -> 0 | G40: =[17]人員・時間計画!$H11 -> 21 | H40: =SUM(C40:G40) -> 312 | I40: =[5]人員・時間計画!$H11 -> 22 | J40: =[18]人員・時間計画!$H11 -> 14 | K40: =[19]人員・時間計画!$H11 -> 6 | L40: =[20]人員・時間計画!$H11 -> 10 | M40: =SUM(I40:L40) -> 52 | N40: =[6]人員・時間計画!$H11 -> 16 | O40: ='[21]Kế hoạch số người - thời gian'!$H11 -> 23 | P40: =[22]人員・時間計画!$H11 -> 9 | Q40: =[23]人員・時間計画!$H11 -> 12 | R40: =SUM(N40:Q40) -> 60 | S40: ='[7]人員・時間計画 '!H11 -> 15 | T40: =S40 -> 15 | U40: =[26]人員・時間計画!$H11 -> 10 | V40: =[27]人員・時間計画!$H11 -> 6 | W40: =[28]人員・時間計画!$H11 -> 16 | X40: =[29]人員・時間計画!$H11 -> 3 | Y40: =SUM(U40:X40) -> 35 | Z40: =[30]人員・時間計画!$H11 -> 38 | AA40: =[60]人員・時間計画!$H11 -> 11 | AB40: =[31]人員・時間計画!$H11 -> 12 | AC40: =SUM(Z40:AB40) -> 61 | AD40: =[24]人員・時間計画!$H11 -> 102 | AE40: =[25]人員・時間計画!$H11 -> 7 | AF40: =SUM(AD40:AE40) -> 109 | AG40: =[37]人員・時間計画!$H11 -> 25 | AH40: =[38]人員・時間計画!$H11 -> 23 | AI40: =[39]人員・時間計画!$H11 -> 31 | AJ40: =SUM(AG40:AI40) -> 79 | AK40: =AJ40+AF40+AC40+Y40+T40+R40+M40+H40 -> 723 | AL40: =[32]人員・時間計画!$H11 -> 15 | AM40: =[33]人員・時間計画!H11 -> 21 | AN40: =[34]人員・時間計画!$H11 -> 13 | AO40: =[35]人員・時間計画!$H11 -> 9 | AP40: =[36]人員・時間計画!$H11 -> 18 | AQ40: =SUM(AL40:AP40) -> 76 | AR40: =[41]人員・時間計画!$H11 -> 17 | AS40: =[42]人員・時間計画!$H11 -> 13 | AT40: =[43]人員・時間計画!$H11 -> 23 | AU40: =SUM(AR40:AT40) -> 53 | AV40: =[40]人員・時間計画!$H11 -> 23 | AW40: =AV40 -> 23 | AX40: =AQ40+AU40+AW40 -> 152 | AY40: =[8]人員・時間計画!$H11 -> 9 | AZ40: =[9]人員・時間計画!$H11 -> 9 | BA40: =[10]人員・時間計画!$H11 -> 11 | BB40: =[11]人員・時間計画!$H11 -> 15 | BC40: =[12]人員・時間計画!$H11 -> 7 | BD40: =[13]人員・時間計画!$H11 -> 10 | BE40: =[14]人員・時間計画!$H11 -> 8 | BF40: =[15]人員・時間計画!$H11 -> 13 | BG40: =[16]人員・時間計画!$H11 -> 12 | BH40: =SUM(AY40:BG40) -> 94 | BI40: =BH40 -> 94 | BJ40: =[44]人員・時間計画!$H11 -> 11 | BK40: =[45]人員・時間計画!$H11 -> 14 | BL40: =SUM(BJ40:BK40) -> 25 | BM40: =[46]人員・時間計画!$H11 -> 17 | BN40: =[47]人員・時間計画!$H11 -> 4 | BO40: =[48]人員・時間計画!$H11 -> 6 | BP40: =[49]人員・時間計画!$H11 -> 8 | BQ40: =[50]人員・時間計画!$H11 -> 4 | BR40: =SUM(BM40:BQ40) -> 39 | BS40: =[51]人員・時間計画!$H11 -> 11 | BT40: =[52]人員・時間計画!$H11 -> 16 | BU40: =[53]人員・時間計画!$H11 -> 11 | BV40: =[54]人員・時間計画!$H11 -> 6 | BW40: =[55]人員・時間計画!$H11 -> 3 | BX40: =SUM(BS40:BW40) -> 47 | BY40: =[56]人員・時間計画!$H11 -> 12 | BZ40: =[57]人員・時間計画!$H11 -> 8 | CA40: =[59]人員・時間計画!$H11 -> 17 | CB40: =SUM(BY40:CA40) -> 37 | CC40: =[58]人員・時間計画!$H11 -> 14 | CD40: =CC40 -> 14 | CE40: =CD40+CB40+BX40+BR40+BL40+BI40+AX40+AK40 -> 1131
A41: 9 | B41: G7, G6 | C41: =[1]人員・時間計画!$H$12 -> 1450 | D41: =[2]人員・時間計画!$H12 -> 1616 | E41: =[3]人員・時間計画!$H12 -> 1070 | F41: =[4]人員・時間計画!$H12 -> 0 | G41: =[17]人員・時間計画!$H12 -> 7 | H41: =SUM(C41:G41) -> 4143 | I41: =[5]人員・時間計画!$H12 -> 314 | J41: =[18]人員・時間計画!$H12 -> 11 | K41: =[19]人員・時間計画!$H12 -> 3 | L41: =[20]人員・時間計画!$H12 -> 17 | M41: =SUM(I41:L41) -> 345 | N41: =[6]人員・時間計画!$H12 -> 125 | O41: ='[21]Kế hoạch số người - thời gian'!$H12 -> 9 | P41: =[22]人員・時間計画!$H12 -> 0 | Q41: =[23]人員・時間計画!$H12 -> 13 | R41: =SUM(N41:Q41) -> 147 | S41: ='[7]人員・時間計画 '!H12 -> 29 | T41: =S41 -> 29 | U41: =[26]人員・時間計画!$H12 -> 0 | V41: =[27]人員・時間計画!$H12 -> 0 | W41: =[28]人員・時間計画!$H12 -> 1 | X41: =[29]人員・時間計画!$H12 -> 0 | Y41: =SUM(U41:X41) -> 1 | Z41: =[30]人員・時間計画!$H12 -> 336 | AA41: =[60]人員・時間計画!$H12 -> 50 | AB41: =[31]人員・時間計画!$H12 -> 5 | AC41: =SUM(Z41:AB41) -> 391 | AD41: =[24]人員・時間計画!$H12 -> 94 | AE41: =[25]人員・時間計画!$H12 -> 1 | AF41: =SUM(AD41:AE41) -> 95 | AG41: =[37]人員・時間計画!$H12 -> 79 | AH41: =[38]人員・時間計画!$H12 -> 24 | AI41: =[39]人員・時間計画!$H12 -> 4 | AJ41: =SUM(AG41:AI41) -> 107 | AK41: =AJ41+AF41+AC41+Y41+T41+R41+M41+H41 -> 5258 | AL41: =[32]人員・時間計画!$H12 -> 0 | AM41: =[33]人員・時間計画!H12 -> 0 | AN41: =[34]人員・時間計画!$H12 -> 0 | AO41: =[35]人員・時間計画!$H12 -> 0 | AP41: =[36]人員・時間計画!$H12 -> 0 | AQ41: =SUM(AL41:AP41) -> 0 | AR41: =[41]人員・時間計画!$H12 -> 0 | AS41: =[42]人員・時間計画!$H12 -> 0 | AT41: =[43]人員・時間計画!$H12 -> 0 | AU41: =SUM(AR41:AT41) -> 0 | AV41: =[40]人員・時間計画!$H12 -> 0 | AW41: =AV41 -> 0 | AX41: =AQ41+AU41+AW41 -> 0 | AY41: =[8]人員・時間計画!$H12 -> 0 | AZ41: =[9]人員・時間計画!$H12 -> 0 | BA41: =[10]人員・時間計画!$H12 -> 0 | BB41: =[11]人員・時間計画!$H12 -> 0 | BC41: =[12]人員・時間計画!$H12 -> 0 | BD41: =[13]人員・時間計画!$H12 -> 0 | BE41: =[14]人員・時間計画!$H12 -> 0 | BF41: =[15]人員・時間計画!$H12 -> 0 | BG41: =[16]人員・時間計画!$H12 -> 0 | BH41: =SUM(AY41:BG41) -> 0 | BI41: =BH41 -> 0 | BJ41: =[44]人員・時間計画!$H12 -> 1 | BK41: =[45]人員・時間計画!$H12 -> 33 | BL41: =SUM(BJ41:BK41) -> 34 | BM41: =[46]人員・時間計画!$H12 -> 0 | BN41: =[47]人員・時間計画!$H12 -> 0 | BO41: =[48]人員・時間計画!$H12 -> 0 | BP41: =[49]人員・時間計画!$H12 -> 0 | BQ41: =[50]人員・時間計画!$H12 -> 0 | BR41: =SUM(BM41:BQ41) -> 0 | BS41: =[51]人員・時間計画!$H12 -> 6 | BT41: =[52]人員・時間計画!$H12 -> 0 | BU41: =[53]人員・時間計画!$H12 -> 3 | BV41: =[54]人員・時間計画!$H12 -> 0 | BW41: =[55]人員・時間計画!$H12 -> 67 | BX41: =SUM(BS41:BW41) -> 76 | BY41: =[56]人員・時間計画!$H12 -> 0 | BZ41: =[57]人員・時間計画!$H12 -> 0 | CA41: =[59]人員・時間計画!$H12 -> 0 | CB41: =SUM(BY41:CA41) -> 0 | CC41: =[58]人員・時間計画!$H12 -> 0 | CD41: =CC41 -> 0 | CE41: =CD41+CB41+BX41+BR41+BL41+BI41+AX41+AK41 -> 5368
