Workbook

Sheet 集計
A1: 原価センター | B1: 組織名 | C1: TYPE | D1: KEY | F1: 4 | G1: 5 | H1: 6 | I1: 7 | J1: 8 | K1: 9 | L1: 10 | M1: 11 | N1: 12 | O1: 1 | P1: 2 | Q1: 3
A2: 1412000004 | B2: 機器製造1課 | E2: 人員
A3: 1412000004 | B3: 機器製造1課 | E3: 出向社員 | F3: 2 | G3: 2 | H3: 2 | I3: 2 | J3: 2 | K3: 2 | L3: 2 | M3: 2 | N3: 2 | O3: 2 | P3: 2 | Q3: 2
A4: 1412000004 | B4: 機器製造1課 | E4: G5以上 | F4: 77 | G4: 77 | H4: 77 | I4: 85 | J4: 85 | K4: 85 | L4: 85 | M4: 85 | N4: 85 | O4: 93 | P4: 93 | Q4: 93
A5: 1412000004 | B5: 機器製造1課 | E5: G7,G6 | F5: 928 | G5: 965 | H5: 961 | I5: 1105 | J5: 1185 | K5: 1450 | L5: 1751 | M5: 1757 | N5: 1752 | O5: 1772 | P5: 1962 | Q5: 1789
A6: 1412000004 | B6: 機器製造1課 | E6: ローカル社員 | F6: 1005 | G6: 1042 | H6: 1038 | I6: 1190 | J6: 1270 | K6: 1535 | L6: 1836 | M6: 1842 | N6: 1837 | O6: 1865 | P6: 2055 | Q6: 1882
A7: 1412000004 | B7: 機器製造1課 | E7: 人員合計 | F7: 1007 | G7: 1044 | H7: 1040 | I7: 1192 | J7: 1272 | K7: 1537 | L7: 1838 | M7: 1844 | N7: 1839 | O7: 1867 | P7: 2057 | Q7: 1884
A8: 1412000004 | B8: 機器製造1課
A9: 1412000004 | B9: 機器製造1課 | E9: 定時間
A10: 1412000004 | B10: 機器製造1課 | E10: 出向社員 | F10: 340 | G10: 323 | H10: 357 | I10: 391 | J10: 340 | K10: 323 | L10: 391 | M10: 340 | N10: 374 | O10: 340 | P10: 255 | Q10: 340
A11: 1412000004 | B11: 機器製造1課 | E11: G5以上 | F11: 13430 | G11: 12759 | H11: 14102 | I11: 17009 | J11: 14790 | K11: 14051 | L11: 17009 | M11: 14790 | N11: 16269 | O11: 16150 | P11: 12113 | Q11: 16150
A12: 1412000004 | B12: 機器製造1課 | E12: G7,G6 | F12: 77074 | G12: 76933 | H12: 89856 | I12: 118502 | J12: 112189 | K12: 145429 | L12: 249945 | M12: 161958 | N12: 177584 | O12: 173898 | P12: 141193 | Q12: 168487
A13: 1412000004 | B13: 機器製造1課 | E13: ローカル社員 | F13: 90504 | G13: 89692 | H13: 103958 | I13: 135511 | J13: 126979 | K13: 159480 | L13: 266954 | M13: 176748 | N13: 193853 | O13: 190048 | P13: 153306 | Q13: 184637
A14: 1412000004 | B14: 機器製造1課 | E14: 定時間合計 | F14: 90844 | G14: 90015 | H14: 104315 | I14: 135902 | J14: 127319 | K14: 159803 | L14: 267345 | M14: 177088 | N14: 194227 | O14: 190388 | P14: 153561 | Q14: 184977
A15: 1412000004 | B15: 機器製造1課
A16: 1412000004 | B16: 機器製造1課 | E16: 残業時間
A17: 1412000004 | B17: 機器製造1課 | E17: 出向社員 | F17: 80 | G17: 76 | H17: 84 | I17: 92 | J17: 80 | K17: 76 | L17: 92 | M17: 80 | N17: 88 | O17: 80 | P17: 60 | Q17: 80
A18: 1412000004 | B18: 機器製造1課 | E18: G5以上 | F18: 189 | G18: 221 | H18: 189 | I18: 216 | J18: 300 | K18: 570 | L18: 271 | M18: 281 | N18: 345 | O18: 503 | P18: 1053 | Q18: 423
A19: 1412000004 | B19: 機器製造1課 | E19: G7,G6 | F19: 721 | G19: 732 | H19: 709 | I19: 667 | J19: 1081 | K19: 647 | L19: 615 | M19: 665 | N19: 555 | O19: 449 | P19: 3057 | Q19: 769
A20: 1412000004 | B20: 機器製造1課 | E20: ローカル社員 | F20: 910 | G20: 953 | H20: 898 | I20: 883 | J20: 1381 | K20: 1217 | L20: 886 | M20: 946 | N20: 900 | O20: 952 | P20: 4110 | Q20: 1192
A21: 1412000004 | B21: 機器製造1課 | E21: 残業時間合計 | F21: 990 | G21: 1029 | H21: 982 | I21: 975 | J21: 1461 | K21: 1293 | L21: 978 | M21: 1026 | N21: 988 | O21: 1032 | P21: 4170 | Q21: 1272
A22: 1412000005 | B22: 機器製造2課 | E22: 人員
A23: 1412000005 | B23: 機器製造2課 | E23: 出向社員 | F23: 0 | G23: 0 | H23: 0 | I23: 0 | J23: 0 | K23: 0 | L23: 0 | M23: 0 | N23: 0 | O23: 0 | P23: 0 | Q23: 0
A24: 1412000005 | B24: 機器製造2課 | E24: G5以上 | F24: 100 | G24: 100 | H24: 100 | I24: 116 | J24: 116 | K24: 116 | L24: 116 | M24: 116 | N24: 116 | O24: 132 | P24: 132 | Q24: 132
A25: 1412000005 | B25: 機器製造2課 | E25: G7,G6 | F25: 1514 | G25: 1454 | H25: 1418 | I25: 1637 | J25: 1688 | K25: 1616 | L25: 1660 | M25: 1761 | N25: 1714 | O25: 1862 | P25: 2010 | Q25: 1761
A26: 1412000005 | B26: 機器製造2課 | E26: ローカル社員 | F26: 1614 | G26: 1554 | H26: 1518 | I26: 1753 | J26: 1804 | K26: 1732 | L26: 1776 | M26: 1877 | N26: 1830 | O26: 1994 | P26: 2142 | Q26: 1893
A27: 1412000005 | B27: 機器製造2課 | E27: 人員合計 | F27: 1614 | G27: 1554 | H27: 1518 | I27: 1753 | J27: 1804 | K27: 1732 | L27: 1776 | M27: 1877 | N27: 1830 | O27: 1994 | P27: 2142 | Q27: 1893
A28: 1412000005 | B28: 機器製造2課
A29: 1412000005 | B29: 機器製造2課 | E29: 定時間
A30: 1412000005 | B30: 機器製造2課 | E30: 出向社員 | F30: 0 | G30: 0 | H30: 0 | I30: 0 | J30: 0 | K30: 0 | L30: 0 | M30: 0 | N30: 0 | O30: 0 | P30: 0 | Q30: 0
A31: 1412000005 | B31: 機器製造2課 | E31: G5以上 | F31: 17680 | G31: 16796 | H31: 18564 | I31: 23460 | J31: 20400 | K31: 19380 | L31: 23460 | M31: 20400 | N31: 22440 | O31: 23120 | P31: 17340 | Q31: 23120
A32: 1412000005 | B32: 機器製造2課 | E32: G7,G6 | F32: 298714 | G32: 275654 | H32: 293133 | I32: 380903 | J32: 332664 | K32: 304855 | L32: 371226 | M32: 345745 | N32: 367426 | O32: 361894 | P32: 293047 | Q32: 342991
A33: 1412000005 | B33: 機器製造2課 | E33: ローカル社員 | F33: 316394 | G33: 292450 | H33: 311697 | I33: 404363 | J33: 353064 | K33: 324235 | L33: 394686 | M33: 366145 | N33: 389866 | O33: 385014 | P33: 310387 | Q33: 366111
A34: 1412000005 | B34: 機器製造2課 | E34: 定時間合計 | F34: 316394 | G34: 292450 | H34: 311697 | I34: 404363 | J34: 353064 | K34: 324235 | L34: 394686 | M34: 366145 | N34: 389866 | O34: 385014 | P34: 310387 | Q34: 366111
A35: 1412000005 | B35: 機器製造2課
A36: 1412000005 | B36: 機器製造2課 | E36: 残業時間
A37: 1412000005 | B37: 機器製造2課 | E37: 出向社員 | F37: 0 | G37: 0 | H37: 0 | I37: 0 | J37: 0 | K37: 0 | L37: 0 | M37: 0 | N37: 0 | O37: 0 | P37: 0 | Q37: 0
A38: 1412000005 | B38: 機器製造2課 | E38: G5以上 | F38: 263 | G38: 259 | H38: 267 | I38: 283 | J38: 356 | K38: 939 | L38: 328 | M38: 628 | N38: 288 | O38: 372 | P38: 1323 | Q38: 360
A39: 1412000005 | B39: 機器製造2課 | E39: G7,G6 | F39: 2323 | G39: 2947 | H39: 2207 | I39: 2210 | J39: 4741 | K39: 17785 | L39: 3215 | M39: 8836 | N39: 3250 | O39: 7764 | P39: 28373 | Q39: 5748
A40: 1412000005 | B40: 機器製造2課 | E40: ローカル社員 | F40: 2586 | G40: 3206 | H40: 2474 | I40: 2493 | J40: 5097 | K40: 18724 | L40: 3543 | M40: 9464 | N40: 3538 | O40: 8136 | P40: 29696 | Q40: 6108
A41: 1412000005 | B41: 機器製造2課 | E41: 残業時間合計 | F41: 2586 | G41: 3206 | H41: 2474 | I41: 2493 | J41: 5097 | K41: 18724 | L41: 3543 | M41: 9464 | N41: 3538 | O41: 8136 | P41: 29696 | Q41: 6108
A42: 1412000062 | B42: 機器製造管理課 | E42: 人員
A43: 1412000062 | B43: 機器製造管理課 | E43: 出向社員 | F43: 0 | G43: 0 | H43: 0 | I43: 0 | J43: 0 | K43: 0 | L43: 0 | M43: 0 | N43: 0 | O43: 0 | P43: 0 | Q43: 0
A44: 1412000062 | B44: 機器製造管理課 | E44: G5以上 | F44: 21 | G44: 21 | H44: 21 | I44: 21 | J44: 21 | K44: 21 | L44: 21 | M44: 21 | N44: 21 | O44: 21 | P44: 21 | Q44: 21
A45: 1412000062 | B45: 機器製造管理課 | E45: G7,G6 | F45: 7 | G45: 7 | H45: 7 | I45: 7 | J45: 7 | K45: 7 | L45: 7 | M45: 7 | N45: 7 | O45: 7 | P45: 7 | Q45: 7
A46: 1412000062 | B46: 機器製造管理課 | E46: ローカル社員 | F46: 28 | G46: 28 | H46: 28 | I46: 28 | J46: 28 | K46: 28 | L46: 28 | M46: 28 | N46: 28 | O46: 28 | P46: 28 | Q46: 28
A47: 1412000062 | B47: 機器製造管理課 | E47: 人員合計 | F47: 28 | G47: 28 | H47: 28 | I47: 28 | J47: 28 | K47: 28 | L47: 28 | M47: 28 | N47: 28 | O47: 28 | P47: 28 | Q47: 28
A48: 1412000062 | B48: 機器製造管理課
A49: 1412000062 | B49: 機器製造管理課 | E49: 定時間
A50: 1412000062 | B50: 機器製造管理課 | E50: 出向社員 | F50: 0 | G50: 0 | H50: 0 | I50: 0 | J50: 0 | K50: 0 | L50: 0 | M50: 0 | N50: 0 | O50: 0 | P50: 0 | Q50: 0
A51: 1412000062 | B51: 機器製造管理課 | E51: G5以上 | F51: 3499 | G51: 3001 | H51: 3317 | I51: 3632 | J51: 3159 | K51: 3001 | L51: 3632 | M51: 3459 | N51: 3804 | O51: 3459 | P51: 2594 | Q51: 3459
A52: 1412000062 | B52: 機器製造管理課 | E52: G7,G6 | F52: 1146 | G52: 927.5 | H52: 1025.5 | I52: 1122.5 | J52: 976 | K52: 927.5 | L52: 1145.5 | M52: 996 | N52: 1261 | O52: 1146 | P52: 860 | Q52: 1146
A53: 1412000062 | B53: 機器製造管理課 | E53: ローカル社員 | F53: 4645 | G53: 3928.5 | H53: 4342.5 | I53: 4754.5 | J53: 4135 | K53: 3928.5 | L53: 4777.5 | M53: 4455 | N53: 5065 | O53: 4605 | P53: 3454 | Q53: 4605
A54: 1412000062 | B54: 機器製造管理課 | E54: 定時間合計 | F54: 4645 | G54: 3928.5 | H54: 4342.5 | I54: 4754.5 | J54: 4135 | K54: 3928.5 | L54: 4777.5 | M54: 4455 | N54: 5065 | O54: 4605 | P54: 3454 | Q54: 4605
A55: 1412000062 | B55: 機器製造管理課
A56: 1412000062 | B56: 機器製造管理課 | E56: 残業時間
A57: 1412000062 | B57: 機器製造管理課 | E57: 出向社員 | F57: 0 | G57: 0 | H57: 0 | I57: 0 | J57: 0 | K57: 0 | L57: 0 | M57: 0 | N57: 0 | O57: 0 | P57: 0 | Q57: 0
A58: 1412000062 | B58: 機器製造管理課 | E58: G5以上 | F58: 200 | G58: 200 | H58: 200 | I58: 200 | J58: 200 | K58: 200 | L58: 200 | M58: 200 | N58: 200 | O58: 200 | P58: 100 | Q58: 200
A59: 1412000062 | B59: 機器製造管理課 | E59: G7,G6 | F59: 100 | G59: 100 | H59: 100 | I59: 100 | J59: 100 | K59: 100 | L59: 100 | M59: 100 | N59: 100 | O59: 100 | P59: 80 | Q59: 100
A60: 1412000062 | B60: 機器製造管理課 | E60: ローカル社員 | F60: 300 | G60: 300 | H60: 300 | I60: 300 | J60: 300 | K60: 300 | L60: 300 | M60: 300 | N60: 300 | O60: 300 | P60: 180 | Q60: 300
A61: 1412000062 | B61: 機器製造管理課 | E61: 残業時間合計 | F61: 300 | G61: 300 | H61: 300 | I61: 300 | J61: 300 | K61: 300 | L61: 300 | M61: 300 | N61: 300 | O61: 300 | P61: 180 | Q61: 300
A62: 1412000034 | B62: トナー製造課 | E62: 人員
A63: 1412000034 | B63: トナー製造課 | E63: 出向社員 | F63: 1 | G63: 1 | H63: 1 | I63: 1 | J63: 1 | K63: 1 | L63: 1 | M63: 1 | N63: 1 | O63: 1 | P63: 1 | Q63: 1
A64: 1412000034 | B64: トナー製造課 | E64: G5以上 | F64: 22 | G64: 22 | H64: 22 | I64: 22 | J64: 22 | K64: 22 | L64: 22 | M64: 22 | N64: 22 | O64: 22 | P64: 22 | Q64: 22
A65: 1412000034 | B65: トナー製造課 | E65: G7,G6 | F65: 297 | G65: 297 | H65: 298 | I65: 298 | J65: 306 | K65: 314 | L65: 314 | M65: 314 | N65: 314 | O65: 314 | P65: 324 | Q65: 324
A66: 1412000034 | B66: トナー製造課 | E66: ローカル社員 | F66: 319 | G66: 319 | H66: 320 | I66: 320 | J66: 328 | K66: 336 | L66: 336 | M66: 336 | N66: 336 | O66: 336 | P66: 346 | Q66: 346
A67: 1412000034 | B67: トナー製造課 | E67: 人員合計 | F67: 320 | G67: 320 | H67: 321 | I67: 321 | J67: 329 | K67: 337 | L67: 337 | M67: 337 | N67: 337 | O67: 337 | P67: 347 | Q67: 347
A68: 1412000034 | B68: トナー製造課
A69: 1412000034 | B69: トナー製造課 | E69: 定時間
A70: 1412000034 | B70: トナー製造課 | E70: 出向社員 | F70: 170 | G70: 161.5 | H70: 178.5 | I70: 195.5 | J70: 170 | K70: 161.5 | L70: 195.5 | M70: 170 | N70: 187 | O70: 170 | P70: 127.5 | Q70: 170
A71: 1412000034 | B71: トナー製造課 | E71: G5以上 | F71: 3456 | G71: 3200 | H71: 3528 | I71: 3854 | J71: 3456 | K71: 3200 | L71: 3854 | M71: 3456 | N71: 3691 | O71: 3456 | P71: 2546 | Q71: 3364
A72: 1412000034 | B72: トナー製造課 | E72: G7,G6 | F72: 46065 | G72: 41877 | H72: 46220 | I72: 50421 | J72: 47461 | K72: 40608 | L72: 53129 | M72: 48701 | N72: 50915 | O72: 48701 | P72: 36547 | Q72: 47969
A73: 1412000034 | B73: トナー製造課 | E73: ローカル社員 | F73: 49521 | G73: 45077 | H73: 49748 | I73: 54275 | J73: 50917 | K73: 43808 | L73: 56983 | M73: 52157 | N73: 54606 | O73: 52157 | P73: 39093 | Q73: 51333
A74: 1412000034 | B74: トナー製造課 | E74: 定時間合計 | F74: 49691 | G74: 45238.5 | H74: 49926.5 | I74: 54470.5 | J74: 51087 | K74: 43969.5 | L74: 57178.5 | M74: 52327 | N74: 54793 | O74: 52327 | P74: 39220.5 | Q74: 51503
A75: 1412000034 | B75: トナー製造課
A76: 1412000034 | B76: トナー製造課 | E76: 残業時間
A77: 1412000034 | B77: トナー製造課 | E77: 出向社員 | F77: 40 | G77: 38 | H77: 42 | I77: 46 | J77: 40 | K77: 38 | L77: 46 | M77: 40 | N77: 44 | O77: 40 | P77: 30 | Q77: 40
A78: 1412000034 | B78: トナー製造課 | E78: G5以上 | F78: 76 | G78: 104 | H78: 112 | I78: 184 | J78: 132 | K78: 136 | L78: 160 | M78: 164 | N78: 132 | O78: 180 | P78: 136 | Q78: 124
A79: 1412000034 | B79: トナー製造課 | E79: G7,G6 | F79: 0 | G79: 720 | H79: 304 | I79: 2384 | J79: 1240 | K79: 2064 | L79: 1656 | M79: 1352 | N79: 1248 | O79: 2376 | P79: 1968 | Q79: 936
A80: 1412000034 | B80: トナー製造課 | E80: ローカル社員 | F80: 76 | G80: 824 | H80: 416 | I80: 2568 | J80: 1372 | K80: 2200 | L80: 1816 | M80: 1516 | N80: 1380 | O80: 2556 | P80: 2104 | Q80: 1060
A81: 1412000034 | B81: トナー製造課 | E81: 残業時間合計 | F81: 116 | G81: 862 | H81: 458 | I81: 2614 | J81: 1412 | K81: 2238 | L81: 1862 | M81: 1556 | N81: 1424 | O81: 2596 | P81: 2134 | Q81: 1100
A82: 1412000048 | B82: トナー生産技術課 | E82: 人員
A83: 1412000048 | B83: トナー生産技術課 | E83: 出向社員 | F83: 0 | G83: 0 | H83: 0 | I83: 0 | J83: 0 | K83: 0 | L83: 0 | M83: 0 | N83: 0 | O83: 0 | P83: 0 | Q83: 0
A84: 1412000048 | B84: トナー生産技術課 | E84: G5以上 | F84: 14 | G84: 14 | H84: 14 | I84: 14 | J84: 14 | K84: 14 | L84: 14 | M84: 14 | N84: 14 | O84: 14 | P84: 14 | Q84: 14
A85: 1412000048 | B85: トナー生産技術課 | E85: G7,G6 | F85: 10 | G85: 10 | H85: 11 | I85: 11 | J85: 11 | K85: 11 | L85: 11 | M85: 11 | N85: 11 | O85: 11 | P85: 11 | Q85: 11
A86: 1412000048 | B86: トナー生産技術課 | E86: ローカル社員 | F86: 24 | G86: 24 | H86: 25 | I86: 25 | J86: 25 | K86: 25 | L86: 25 | M86: 25 | N86: 25 | O86: 25 | P86: 25 | Q86: 25
A87: 1412000048 | B87: トナー生産技術課 | E87: 人員合計 | F87: 24 | G87: 24 | H87: 25 | I87: 25 | J87: 25 | K87: 25 | L87: 25 | M87: 25 | N87: 25 | O87: 25 | P87: 25 | Q87: 25
A88: 1412000048 | B88: トナー生産技術課
A89: 1412000048 | B89: トナー生産技術課 | E89: 定時間
A90: 1412000048 | B90: トナー生産技術課 | E90: 出向社員 | F90: 0 | G90: 0 | H90: 0 | I90: 0 | J90: 0 | K90: 0 | L90: 0 | M90: 0 | N90: 0 | O90: 0 | P90: 0 | Q90: 0
A91: 1412000048 | B91: トナー生産技術課 | E91: G5以上 | F91: 2275 | G91: 2148 | H91: 2373 | I91: 2598 | J91: 2275 | K91: 2148 | L91: 2598 | M91: 2275 | N91: 2485 | O91: 2275 | P91: 1699 | Q91: 2261
A92: 1412000048 | B92: トナー生産技術課 | E92: G7,G6 | F92: 1584 | G92: 1440 | H92: 1742 | I92: 1901 | J92: 1742 | K92: 1584 | L92: 1901 | M92: 1742 | N92: 1822 | O92: 1742 | P92: 1267 | Q92: 1663
A93: 1412000048 | B93: トナー生産技術課 | E93: ローカル社員 | F93: 3859 | G93: 3588 | H93: 4115 | I93: 4499 | J93: 4017 | K93: 3732 | L93: 4499 | M93: 4017 | N93: 4307 | O93: 4017 | P93: 2966 | Q93: 3924
A94: 1412000048 | B94: トナー生産技術課 | E94: 定時間合計 | F94: 3859 | G94: 3588 | H94: 4115 | I94: 4499 | J94: 4017 | K94: 3732 | L94: 4499 | M94: 4017 | N94: 4307 | O94: 4017 | P94: 2966 | Q94: 3924
A95: 1412000048 | B95: トナー生産技術課
A96: 1412000048 | B96: トナー生産技術課 | E96: 残業時間
A97: 1412000048 | B97: トナー生産技術課 | E97: 出向社員 | F97: 0 | G97: 0 | H97: 0 | I97: 0 | J97: 0 | K97: 0 | L97: 0 | M97: 0 | N97: 0 | O97: 0 | P97: 0 | Q97: 0
A98: 1412000048 | B98: トナー生産技術課 | E98: G5以上 | F98: 38 | G98: 52 | H98: 40 | I98: 60 | J98: 54 | K98: 60 | L98: 68 | M98: 54 | N98: 58 | O98: 54 | P98: 44 | Q98: 54
A99: 1412000048 | B99: トナー生産技術課 | E99: G7,G6 | F99: 0 | G99: 24 | H99: 0 | I99: 16 | J99: 16 | K99: 24 | L99: 24 | M99: 16 | N99: 16 | O99: 16 | P99: 16 | Q99: 16
A100: 1412000048 | B100: トナー生産技術課 | E100: ローカル社員 | F100: 38 | G100: 76 | H100: 40 | I100: 76 | J100: 70 | K100: 84 | L100: 92 | M100: 70 | N100: 74 | O100: 70 | P100: 60 | Q100: 70
...

Sheet DATA
A1: 原価センタ | B1: 名称 | C1: Tên phòng ban | E1: ◆FY2025マスタープラン人員・時間計画表
A2: 1412000004 | B2: 機器製造1課 | E2: → １＝日本語(tiếng nhật)、２＝ベトナム語(tiếng việt)
A3: 1412000005 | B3: 機器製造2課 | E3: 原価センター | F3: 組織名
A4: 1412000081 | B4: 機器製造3課 | E4: 14120000ZZ | F4: =VLOOKUP(E4,A:B,2,0) -> #N/A
A5: 1412000066 | B5: RPS製造課 | E5: 人員 | F5: Số người
A6: 1412000062 | B6: 機器製造管理課 | E6: 出向社員 | F6: Nhân viên công tác
E7: G5以上 | F7: G5 trở lên
A8: 1412000034 | B8: トナー製造課 | E8: G7,G6 | F8: G7,G6 | R8: 0
A9: 1412000048 | B9: トナー生産技術課 | E9: ローカル社員 | F9: Nhân viên địa phương
A10: 1412000063 | B10: トナー製造管理課 | E10: 人員合計 | F10: Tổng số người
A11: 1412000055 | B11: トナー品質管理課
E12: 定時間 | F12: Thời gian cố định | R12: 0
A13: 1412000056 | B13: 部品製造課 | E13: 出向社員 | F13: Nhân viên công tác
A14: 1412000044 | B14: 金型技術課 | E14: G5以上 | F14: G5 trở lên
A15: 1412000087 | B15: 部品製造管理課 | E15: G7,G6 | F15: G7,G6
A16: 1412000088 | B16: 品質管理課 | E16: ローカル社員 | F16: Nhân viên địa phương | R16: 0
E17: 定時間合計 | F17: Tổng thời gian cố định
A18: 1412000098 | B18: 電工製造課
E19: 残業時間 | F19: Thời gian thêm giờ
A20: 1412000008 | B20: 生産管理課 | E20: 出向社員 | F20: Nhân viên công tác
A21: 1412000010 | B21: 採算管理課 | E21: G5以上 | F21: G5 trở lên
A22: 1412000054 | B22: マスター管理課 | E22: G7,G6 | F22: G7,G6
A23: 1412000094 | B23: 部品在庫管理課 | E23: ローカル社員 | F23: Nhân viên địa phương
E24: 残業時間合計 | F24: Tổng thời gian thêm giờ
A25: 1412000036 | B25: 部品管理1課
A26: 1412000103 | B26: 部品管理2課
A27: 1412000072 | B27: 製品管理課
A28: 1412000073 | B28: 物流管理課
A30: 1412000053 | B30: 工程品質管理1課
A31: 1412000104 | B31: 工程品質管理2課
A32: 1412000105 | B32: 工程品質管理3課
A33: 1412000075 | B33: 工程品質管理4課
A35: 1412000013 | B35: 部品検査1課
A36: 1412000092 | B36: 部品検査2課
A37: 1412000035 | B37: 部品品質管理課
A39: 1412000006 | B39: メカ製造技術1課
... A101: 1412000001 | B101: 取締役共通
A102: 1412A00004 | B102: 調整
A103: 1412C00001 | B103: 労働組合

Sheet 人員計画
B1: FY2024_MP
D2: 機器製造1課 | E2: 機器製造2課 | F2: 機器製造3課 | G2: RPS製造課 | H2: 機器製造管理課 | I2: 機器製造部 | J2: トナー製造課 | K2: トナー生産技術課 | L2: トナー製造管理課 | M2: トナー品質管理課 | N2: トナー製造部計 | O2: 部品製造課 | P2: 金型技術課 | Q2: 部品製造管理課 | R2: 品質管理課 | S2: 部品技術課 | T2: 部品製造部 | U2: 生産管理課 | V2: 採算管理課 | W2: マスター管理課 | X2: 生産管理部 | Y2: 部品管理課 | Z2: 製品管理課 | AA2: 物流管理課 | AB2: 物流部 | AC2: 製造本 | AD2: メカ製造技術1課 | AE2: メカ製造技術2課 | AF2: メカ製造技術3課 | AG2: 電気製造技術課 | AH2: 製造技術部 | AI2: 生産技術1課 | AJ2: 生産技術2課 | AK2: 生産技術3課 | AL2: 生産技術部 | AM2: 工程品質管理1課 | AN2: 工程品質管理2課 | AO2: 工程品質管理部 | AP2: 部品検査1課 | AQ2: 部品検査2課 | AR2: 外製管理課 | AS2: 外製品質管理部 | AT2: 生産技術本部 | AU2: MD1課 | AV2: MD2課 | AW2: MD3課 | AX2: EI1課 | AY2: ESD1課 | AZ2: 製品開発部 | BA2: 製品開発本部 | BB2: 品質保証課 | BC2: 製品保証課 | BD2: 品質保証部 | BE2: 第1資材課 | BF2: 第2資材課 | BG2: 第3資材課 | BH2: 第4資材課 | BI2: 資材管理課 | BJ2: 資材管理部 | BK2: 総務課 | BL2: 人事課 | BM2: 人材開発課 | BN2: 施設課 | BO2: リスクマネジメント課 | BP2: 保安課 | BQ2: 総務人事部 | BR2: 会計課 | BS2: 経営管理課 | BT2: 貿易管理課 | BU2: 経営管理部 | BV2: 情報システム課 | BW2: ITソリューション推進部 | BX2: KDTVN合計
B3: 4 | C3: 人員
A4: 人員 | B4: 4 | C4: 出向社員 | D4: =VLOOKUP(D$2&$C4&$A4,集計!$D:$R,$B4,0) -> #N/A | E4: =VLOOKUP(E$2&$C4&$A4,集計!$D:$R,$B4,0) -> #N/A | F4: =VLOOKUP(F$2&$C4&$A4,集計!$D:$R,$B4,0) -> #N/A | G4: =VLOOKUP(G$2&$C4&$A4,集計!$D:$R,$B4,0) -> #N/A | H4: =VLOOKUP(H$2&$C4&$A4,集計!$D:$R,$B4,0) -> #N/A | I4: =D4+E4+F4+G4+H4 -> #N/A | J4: =VLOOKUP(J$2&$C4&$A4,集計!$D:$R,$B4,0) -> #N/A | K4: =VLOOKUP(K$2&$C4&$A4,集計!$D:$R,$B4,0) -> #N/A | L4: =VLOOKUP(L$2&$C4&$A4,集計!$D:$R,$B4,0) -> #N/A | M4: =VLOOKUP(M$2&$C4&$A4,集計!$D:$R,$B4,0) -> #N/A | N4: =J4+K4+L4+M4 -> #N/A | O4: =VLOOKUP(O$2&$C4&$A4,集計!$D:$R,$B4,0) -> #N/A | P4: =VLOOKUP(P$2&$C4&$A4,集計!$D:$R,$B4,0) -> #N/A | Q4: =VLOOKUP(Q$2&$C4&$A4,集計!$D:$R,$B4,0) -> #N/A | R4: =VLOOKUP(R$2&$C4&$A4,集計!$D:$R,$B4,0) -> #N/A | S4: =VLOOKUP(S$2&$C4&$A4,集計!$D:$R,$B4,0) -> #N/A | T4: =O4+P4+Q4+R4+S4 -> #N/A | U4: =VLOOKUP(U$2&$C4&$A4,集計!$D:$R,$B4,0) -> #N/A | V4: =VLOOKUP(V$2&$C4&$A4,集計!$D:$R,$B4,0) -> #N/A | W4: =VLOOKUP(W$2&$C4&$A4,集計!$D:$R,$B4,0) -> #N/A | X4: =U4+V4+W4 -> #N/A | Y4: =VLOOKUP(Y$2&$C4&$A4,集計!$D:$R,$B4,0) -> #N/A | Z4: =VLOOKUP(Z$2&$C4&$A4,集計!$D:$R,$B4,0) -> #N/A | AA4: =VLOOKUP(AA$2&$C4&$A4,集計!$D:$R,$B4,0) -> #N/A | AB4: =Y4+Z4+AA4 -> #N/A | AC4: =I4+N4+T4+X4+AB4 -> #N/A | AD4: =VLOOKUP(AD$2&$C4&$A4,集計!$D:$R,$B4,0) -> #N/A | AE4: =VLOOKUP(AE$2&$C4&$A4,集計!$D:$R,$B4,0) -> #N/A | AF4: =VLOOKUP(AF$2&$C4&$A4,集計!$D:$R,$B4,0) -> #N/A | AG4: =VLOOKUP(AG$2&$C4&$A4,集計!$D:$R,$B4,0) -> #N/A | AH4: =AD4+AE4+AF4+AG4 -> #N/A | AI4: =VLOOKUP(AI$2&$C4&$A4,集計!$D:$R,$B4,0) -> #N/A | AJ4: =VLOOKUP(AJ$2&$C4&$A4,集計!$D:$R,$B4,0) -> #N/A | AK4: =VLOOKUP(AK$2&$C4&$A4,集計!$D:$R,$B4,0) -> #N/A | AL4: =AI4+AJ4+AK4 -> #N/A | AM4: =VLOOKUP(AM$2&$C4&$A4,集計!$D:$R,$B4,0) -> #N/A | AN4: =VLOOKUP(AN$2&$C4&$A4,集計!$D:$R,$B4,0) -> #N/A | AO4: =AM4+AN4 -> #N/A | AP4: =VLOOKUP(AP$2&$C4&$A4,集計!$D:$R,$B4,0) -> #N/A | AQ4: =VLOOKUP(AQ$2&$C4&$A4,集計!$D:$R,$B4,0) -> #N/A | AR4: =VLOOKUP(AR$2&$C4&$A4,集計!$D:$R,$B4,0) -> #N/A | AS4: =AP4+AQ4+AR4 -> #N/A | AT4: =AH4+AL4+AO4+AS4 -> #N/A | AU4: =VLOOKUP(AU$2&$C4&$A4,集計!$D:$R,$B4,0) -> #N/A | AV4: =VLOOKUP(AV$2&$C4&$A4,集計!$D:$R,$B4,0) -> #N/A | AW4: =VLOOKUP(AW$2&$C4&$A4,集計!$D:$R,$B4,0) -> #N/A | AX4: =VLOOKUP(AX$2&$C4&$A4,集計!$D:$R,$B4,0) -> #N/A | AY4: =VLOOKUP(AY$2&$C4&$A4,集計!$D:$R,$B4,0) -> #N/A | AZ4: =AU4+AV4+AW4+AX4+AY4 -> #N/A | BA4: =AZ4 -> #N/A | BB4: =VLOOKUP(BB$2&$C4&$A4,集計!$D:$R,$B4,0) -> #N/A | BC4: =VLOOKUP(BC$2&$C4&$A4,集計!$D:$R,$B4,0) -> #N/A | BD4: =BB4+BC4 -> #N/A | BE4: =VLOOKUP(BE$2&$C4&$A4,集計!$D:$R,$B4,0) -> #N/A | BF4: =VLOOKUP(BF$2&$C4&$A4,集計!$D:$R,$B4,0) -> #N/A | BG4: =VLOOKUP(BG$2&$C4&$A4,集計!$D:$R,$B4,0) -> #N/A | BH4: =VLOOKUP(BH$2&$C4&$A4,集計!$D:$R,$B4,0) -> #N/A | BI4: =VLOOKUP(BI$2&$C4&$A4,集計!$D:$R,$B4,0) -> #N/A | BJ4: =BE4+BF4+BG4+BH4+BI4 -> #N/A | BK4: =VLOOKUP(BK$2&$C4&$A4,集計!$D:$R,$B4,0) -> #N/A | BL4: =VLOOKUP(BL$2&$C4&$A4,集計!$D:$R,$B4,0) -> #N/A | BM4: =VLOOKUP(BM$2&$C4&$A4,集計!$D:$R,$B4,0) -> #N/A | BN4: =VLOOKUP(BN$2&$C4&$A4,集計!$D:$R,$B4,0) -> #N/A | BO4: =VLOOKUP(BO$2&$C4&$A4,集計!$D:$R,$B4,0) -> #N/A | BP4: =VLOOKUP(BP$2&$C4&$A4,集計!$D:$R,$B4,0) -> #N/A | BQ4: =BK4+BL4+BM4+BN4+BO4+BP4 -> #N/A | BR4: =VLOOKUP(BR$2&$C4&$A4,集計!$D:$R,$B4,0) -> #N/A | BS4: =VLOOKUP(BS$2&$C4&$A4,集計!$D:$R,$B4,0) -> #N/A | BT4: =VLOOKUP(BT$2&$C4&$A4,集計!$D:$R,$B4,0) -> #N/A | BU4: =BR4+BS4+BT4 -> #N/A | BV4: =VLOOKUP(BV$2&$C4&$A4,集計!$D:$R,$B4,0) -> #N/A | BW4: =BV4 -> #N/A | BX4: =AC4+AT4+BA4+BD4+BJ4+BQ4+BU4+BW4 -> #N/A
A5: 人員 | B5: 4 | C5: G5以上 | D5: =VLOOKUP(D$2&$C5&$A5,集計!$D:$R,$B5,0) -> #N/A | E5: =VLOOKUP(E$2&$C5&$A5,集計!$D:$R,$B5,0) -> #N/A | F5: =VLOOKUP(F$2&$C5&$A5,集計!$D:$R,$B5,0) -> #N/A | G5: =VLOOKUP(G$2&$C5&$A5,集計!$D:$R,$B5,0) -> #N/A | H5: =VLOOKUP(H$2&$C5&$A5,集計!$D:$R,$B5,0) -> #N/A | I5: =D5+E5+F5+G5+H5 -> #N/A | J5: =VLOOKUP(J$2&$C5&$A5,集計!$D:$R,$B5,0) -> #N/A | K5: =VLOOKUP(K$2&$C5&$A5,集計!$D:$R,$B5,0) -> #N/A | L5: =VLOOKUP(L$2&$C5&$A5,集計!$D:$R,$B5,0) -> #N/A | M5: =VLOOKUP(M$2&$C5&$A5,集計!$D:$R,$B5,0) -> #N/A | N5: =J5+K5+L5+M5 -> #N/A | O5: =VLOOKUP(O$2&$C5&$A5,集計!$D:$R,$B5,0) -> #N/A | P5: =VLOOKUP(P$2&$C5&$A5,集計!$D:$R,$B5,0) -> #N/A | Q5: =VLOOKUP(Q$2&$C5&$A5,集計!$D:$R,$B5,0) -> #N/A | R5: =VLOOKUP(R$2&$C5&$A5,集計!$D:$R,$B5,0) -> #N/A | S5: =VLOOKUP(S$2&$C5&$A5,集計!$D:$R,$B5,0) -> #N/A | T5: =O5+P5+Q5+R5+S5 -> #N/A | U5: =VLOOKUP(U$2&$C5&$A5,集計!$D:$R,$B5,0) -> #N/A | V5: =VLOOKUP(V$2&$C5&$A5,集計!$D:$R,$B5,0) -> #N/A | W5: =VLOOKUP(W$2&$C5&$A5,集計!$D:$R,$B5,0) -> #N/A | X5: =U5+V5+W5 -> #N/A | Y5: =VLOOKUP(Y$2&$C5&$A5,集計!$D:$R,$B5,0) -> #N/A | Z5: =VLOOKUP(Z$2&$C5&$A5,集計!$D:$R,$B5,0) -> #N/A | AA5: =VLOOKUP(AA$2&$C5&$A5,集計!$D:$R,$B5,0) -> #N/A | AB5: =Y5+Z5+AA5 -> #N/A | AC5: =I5+N5+T5+X5+AB5 -> #N/A | AD5: =VLOOKUP(AD$2&$C5&$A5,集計!$D:$R,$B5,0) -> #N/A | AE5: =VLOOKUP(AE$2&$C5&$A5,集計!$D:$R,$B5,0) -> #N/A | AF5: =VLOOKUP(AF$2&$C5&$A5,集計!$D:$R,$B5,0) -> #N/A | AG5: =VLOOKUP(AG$2&$C5&$A5,集計!$D:$R,$B5,0) -> #N/A | AH5: =AD5+AE5+AF5+AG5 -> #N/A | AI5: =VLOOKUP(AI$2&$C5&$A5,集計!$D:$R,$B5,0) -> #N/A | AJ5: =VLOOKUP(AJ$2&$C5&$A5,集計!$D:$R,$B5,0) -> #N/A | AK5: =VLOOKUP(AK$2&$C5&$A5,集計!$D:$R,$B5,0) -> #N/A | AL5: =AI5+AJ5+AK5 -> #N/A | AM5: =VLOOKUP(AM$2&$C5&$A5,集計!$D:$R,$B5,0) -> #N/A | AN5: =VLOOKUP(AN$2&$C5&$A5,集計!$D:$R,$B5,0) -> #N/A | AO5: =AM5+AN5 -> #N/A | AP5: =VLOOKUP(AP$2&$C5&$A5,集計!$D:$R,$B5,0) -> #N/A | AQ5: =VLOOKUP(AQ$2&$C5&$A5,集計!$D:$R,$B5,0) -> #N/A | AR5: =VLOOKUP(AR$2&$C5&$A5,集計!$D:$R,$B5,0) -> #N/A | AS5: =AP5+AQ5+AR5 -> #N/A | AT5: =AH5+AL5+AO5+AS5 -> #N/A | AU5: =VLOOKUP(AU$2&$C5&$A5,集計!$D:$R,$B5,0) -> #N/A | AV5: =VLOOKUP(AV$2&$C5&$A5,集計!$D:$R,$B5,0) -> #N/A | AW5: =VLOOKUP(AW$2&$C5&$A5,集計!$D:$R,$B5,0) -> #N/A | AX5: =VLOOKUP(AX$2&$C5&$A5,集計!$D:$R,$B5,0) -> #N/A | AY5: =VLOOKUP(AY$2&$C5&$A5,集計!$D:$R,$B5,0) -> #N/A | AZ5: =AU5+AV5+AW5+AX5+AY5 -> #N/A | BA5: =AZ5 -> #N/A | BB5: =VLOOKUP(BB$2&$C5&$A5,集計!$D:$R,$B5,0) -> #N/A | BC5: =VLOOKUP(BC$2&$C5&$A5,集計!$D:$R,$B5,0) -> #N/A | BD5: =BB5+BC5 -> #N/A | BE5: =VLOOKUP(BE$2&$C5&$A5,集計!$D:$R,$B5,0) -> #N/A | BF5: =VLOOKUP(BF$2&$C5&$A5,集計!$D:$R,$B5,0) -> #N/A | BG5: =VLOOKUP(BG$2&$C5&$A5,集計!$D:$R,$B5,0) -> #N/A | BH5: =VLOOKUP(BH$2&$C5&$A5,集計!$D:$R,$B5,0) -> #N/A | BI5: =VLOOKUP(BI$2&$C5&$A5,集計!$D:$R,$B5,0) -> #N/A | BJ5: =BE5+BF5+BG5+BH5+BI5 -> #N/A | BK5: =VLOOKUP(BK$2&$C5&$A5,集計!$D:$R,$B5,0) -> #N/A | BL5: =VLOOKUP(BL$2&$C5&$A5,集計!$D:$R,$B5,0) -> #N/A | BM5: =VLOOKUP(BM$2&$C5&$A5,集計!$D:$R,$B5,0) -> #N/A | BN5: =VLOOKUP(BN$2&$C5&$A5,集計!$D:$R,$B5,0) -> #N/A | BO5: =VLOOKUP(BO$2&$C5&$A5,集計!$D:$R,$B5,0) -> #N/A | BP5: =VLOOKUP(BP$2&$C5&$A5,集計!$D:$R,$B5,0) -> #N/A | BQ5: =BK5+BL5+BM5+BN5+BO5+BP5 -> #N/A | BR5: =VLOOKUP(BR$2&$C5&$A5,集計!$D:$R,$B5,0) -> #N/A | BS5: =VLOOKUP(BS$2&$C5&$A5,集計!$D:$R,$B5,0) -> #N/A | BT5: =VLOOKUP(BT$2&$C5&$A5,集計!$D:$R,$B5,0) -> #N/A | BU5: =BR5+BS5+BT5 -> #N/A | BV5: =VLOOKUP(BV$2&$C5&$A5,集計!$D:$R,$B5,0) -> #N/A | BW5: =BV5 -> #N/A | BX5: =AC5+AT5+BA5+BD5+BJ5+BQ5+BU5+BW5 -> #N/A
A6: 人員 | B6: 4 | C6: G7, G6 | D6: =VLOOKUP(D$2&$C6&$A6,集計!$D:$R,$B6,0) -> #N/A | E6: =VLOOKUP(E$2&$C6&$A6,集計!$D:$R,$B6,0) -> #N/A | F6: =VLOOKUP(F$2&$C6&$A6,集計!$D:$R,$B6,0) -> #N/A | G6: =VLOOKUP(G$2&$C6&$A6,集計!$D:$R,$B6,0) -> #N/A | H6: =VLOOKUP(H$2&$C6&$A6,集計!$D:$R,$B6,0) -> #N/A | I6: =D6+E6+F6+G6+H6 -> #N/A | J6: =VLOOKUP(J$2&$C6&$A6,集計!$D:$R,$B6,0) -> #N/A | K6: =VLOOKUP(K$2&$C6&$A6,集計!$D:$R,$B6,0) -> #N/A | L6: =VLOOKUP(L$2&$C6&$A6,集計!$D:$R,$B6,0) -> #N/A | M6: =VLOOKUP(M$2&$C6&$A6,集計!$D:$R,$B6,0) -> #N/A | N6: =J6+K6+L6+M6 -> #N/A | O6: =VLOOKUP(O$2&$C6&$A6,集計!$D:$R,$B6,0) -> #N/A | P6: =VLOOKUP(P$2&$C6&$A6,集計!$D:$R,$B6,0) -> #N/A | Q6: =VLOOKUP(Q$2&$C6&$A6,集計!$D:$R,$B6,0) -> #N/A | R6: =VLOOKUP(R$2&$C6&$A6,集計!$D:$R,$B6,0) -> #N/A | S6: =VLOOKUP(S$2&$C6&$A6,集計!$D:$R,$B6,0) -> #N/A | T6: =O6+P6+Q6+R6+S6 -> #N/A | U6: =VLOOKUP(U$2&$C6&$A6,集計!$D:$R,$B6,0) -> #N/A | V6: =VLOOKUP(V$2&$C6&$A6,集計!$D:$R,$B6,0) -> #N/A | W6: =VLOOKUP(W$2&$C6&$A6,集計!$D:$R,$B6,0) -> #N/A | X6: =U6+V6+W6 -> #N/A | Y6: =VLOOKUP(Y$2&$C6&$A6,集計!$D:$R,$B6,0) -> #N/A | Z6: =VLOOKUP(Z$2&$C6&$A6,集計!$D:$R,$B6,0) -> #N/A | AA6: =VLOOKUP(AA$2&$C6&$A6,集計!$D:$R,$B6,0) -> #N/A | AB6: =Y6+Z6+AA6 -> #N/A | AC6: =I6+N6+T6+X6+AB6 -> #N/A | AD6: =VLOOKUP(AD$2&$C6&$A6,集計!$D:$R,$B6,0) -> #N/A | AE6: =VLOOKUP(AE$2&$C6&$A6,集計!$D:$R,$B6,0) -> #N/A | AF6: =VLOOKUP(AF$2&$C6&$A6,集計!$D:$R,$B6,0) -> #N/A | AG6: =VLOOKUP(AG$2&$C6&$A6,集計!$D:$R,$B6,0) -> #N/A | AH6: =AD6+AE6+AF6+AG6 -> #N/A | AI6: =VLOOKUP(AI$2&$C6&$A6,集計!$D:$R,$B6,0) -> #N/A | AJ6: =VLOOKUP(AJ$2&$C6&$A6,集計!$D:$R,$B6,0) -> #N/A | AK6: =VLOOKUP(AK$2&$C6&$A6,集計!$D:$R,$B6,0) -> #N/A | AL6: =AI6+AJ6+AK6 -> #N/A | AM6: =VLOOKUP(AM$2&$C6&$A6,集計!$D:$R,$B6,0) -> #N/A | AN6: =VLOOKUP(AN$2&$C6&$A6,集計!$D:$R,$B6,0) -> #N/A | AO6: =AM6+AN6 -> #N/A | AP6: =VLOOKUP(AP$2&$C6&$A6,集計!$D:$R,$B6,0) -> #N/A | AQ6: =VLOOKUP(AQ$2&$C6&$A6,集計!$D:$R,$B6,0) -> #N/A | AR6: =VLOOKUP(AR$2&$C6&$A6,集計!$D:$R,$B6,0) -> #N/A | AS6: =AP6+AQ6+AR6 -> #N/A | AT6: =AH6+AL6+AO6+AS6 -> #N/A | AU6: =VLOOKUP(AU$2&$C6&$A6,集計!$D:$R,$B6,0) -> #N/A | AV6: =VLOOKUP(AV$2&$C6&$A6,集計!$D:$R,$B6,0) -> #N/A | AW6: =VLOOKUP(AW$2&$C6&$A6,集計!$D:$R,$B6,0) -> #N/A | AX6: =VLOOKUP(AX$2&$C6&$A6,集計!$D:$R,$B6,0) -> #N/A | AY6: =VLOOKUP(AY$2&$C6&$A6,集計!$D:$R,$B6,0) -> #N/A | AZ6: =AU6+AV6+AW6+AX6+AY6 -> #N/A | BA6: =AZ6 -> #N/A | BB6: =VLOOKUP(BB$2&$C6&$A6,集計!$D:$R,$B6,0) -> #N/A | BC6: =VLOOKUP(BC$2&$C6&$A6,集計!$D:$R,$B6,0) -> #N/A | BD6: =BB6+BC6 -> #N/A | BE6: =VLOOKUP(BE$2&$C6&$A6,集計!$D:$R,$B6,0) -> #N/A | BF6: =VLOOKUP(BF$2&$C6&$A6,集計!$D:$R,$B6,0) -> #N/A | BG6: =VLOOKUP(BG$2&$C6&$A6,集計!$D:$R,$B6,0) -> #N/A | BH6: =VLOOKUP(BH$2&$C6&$A6,集計!$D:$R,$B6,0) -> #N/A | BI6: =VLOOKUP(BI$2&$C6&$A6,集計!$D:$R,$B6,0) -> #N/A | BJ6: =BE6+BF6+BG6+BH6+BI6 -> #N/A | BK6: =VLOOKUP(BK$2&$C6&$A6,集計!$D:$R,$B6,0) -> #N/A | BL6: =VLOOKUP(BL$2&$C6&$A6,集計!$D:$R,$B6,0) -> #N/A | BM6: =VLOOKUP(BM$2&$C6&$A6,集計!$D:$R,$B6,0) -> #N/A | BN6: =VLOOKUP(BN$2&$C6&$A6,集計!$D:$R,$B6,0) -> #N/A | BO6: =VLOOKUP(BO$2&$C6&$A6,集計!$D:$R,$B6,0) -> #N/A | BP6: =VLOOKUP(BP$2&$C6&$A6,集計!$D:$R,$B6,0) -> #N/A | BQ6: =BK6+BL6+BM6+BN6+BO6+BP6 -> #N/A | BR6: =VLOOKUP(BR$2&$C6&$A6,集計!$D:$R,$B6,0) -> #N/A | BS6: =VLOOKUP(BS$2&$C6&$A6,集計!$D:$R,$B6,0) -> #N/A | BT6: =VLOOKUP(BT$2&$C6&$A6,集計!$D:$R,$B6,0) -> #N/A | BU6: =BR6+BS6+BT6 -> #N/A | BV6: =VLOOKUP(BV$2&$C6&$A6,集計!$D:$R,$B6,0) -> #N/A | BW6: =BV6 -> #N/A | BX6: =AC6+AT6+BA6+BD6+BJ6+BQ6+BU6+BW6 -> #N/A
A7: 人員 | B7: 4 | C7: ローカル社員 | D7: =IF(VLOOKUP(D$2&$C7&$A7,集計!$D:$R,$B7,0)<>SUM(D5:D6),"NG",SUM(D5:D6)) -> #N/A | E7: =IF(VLOOKUP(E$2&$C7&$A7,集計!$D:$R,$B7,0)<>SUM(E5:E6),"NG",SUM(E5:E6)) -> #N/A | F7: =IF(VLOOKUP(F$2&$C7&$A7,集計!$D:$R,$B7,0)<>SUM(F5:F6),"NG",SUM(F5:F6)) -> #N/A | G7: =IF(VLOOKUP(G$2&$C7&$A7,集計!$D:$R,$B7,0)<>SUM(G5:G6),"NG",SUM(G5:G6)) -> #N/A | H7: =IF(VLOOKUP(H$2&$C7&$A7,集計!$D:$R,$B7,0)<>SUM(H5:H6),"NG",SUM(H5:H6)) -> #N/A | I7: =I5+I6 -> #N/A | J7: =IF(VLOOKUP(J$2&$C7&$A7,集計!$D:$R,$B7,0)<>SUM(J5:J6),"NG",SUM(J5:J6)) -> #N/A | K7: =IF(VLOOKUP(K$2&$C7&$A7,集計!$D:$R,$B7,0)<>SUM(K5:K6),"NG",SUM(K5:K6)) -> #N/A | L7: =IF(VLOOKUP(L$2&$C7&$A7,集計!$D:$R,$B7,0)<>SUM(L5:L6),"NG",SUM(L5:L6)) -> #N/A | M7: =IF(VLOOKUP(M$2&$C7&$A7,集計!$D:$R,$B7,0)<>SUM(M5:M6),"NG",SUM(M5:M6)) -> #N/A | N7: =N5+N6 -> #N/A | O7: =IF(VLOOKUP(O$2&$C7&$A7,集計!$D:$R,$B7,0)<>SUM(O5:O6),"NG",SUM(O5:O6)) -> #N/A | P7: =IF(VLOOKUP(P$2&$C7&$A7,集計!$D:$R,$B7,0)<>SUM(P5:P6),"NG",SUM(P5:P6)) -> #N/A | Q7: =IF(VLOOKUP(Q$2&$C7&$A7,集計!$D:$R,$B7,0)<>SUM(Q5:Q6),"NG",SUM(Q5:Q6)) -> #N/A | R7: =IF(VLOOKUP(R$2&$C7&$A7,集計!$D:$R,$B7,0)<>SUM(R5:R6),"NG",SUM(R5:R6)) -> #N/A | S7: =IF(VLOOKUP(S$2&$C7&$A7,集計!$D:$R,$B7,0)<>SUM(S5:S6),"NG",SUM(S5:S6)) -> #N/A | T7: =T5+T6 -> #N/A | U7: =IF(VLOOKUP(U$2&$C7&$A7,集計!$D:$R,$B7,0)<>SUM(U5:U6),"NG",SUM(U5:U6)) -> #N/A | V7: =IF(VLOOKUP(V$2&$C7&$A7,集計!$D:$R,$B7,0)<>SUM(V5:V6),"NG",SUM(V5:V6)) -> #N/A | W7: =IF(VLOOKUP(W$2&$C7&$A7,集計!$D:$R,$B7,0)<>SUM(W5:W6),"NG",SUM(W5:W6)) -> #N/A | X7: =SUM(X5:X6) -> #N/A | Y7: =IF(VLOOKUP(Y$2&$C7&$A7,集計!$D:$R,$B7,0)<>SUM(Y5:Y6),"NG",SUM(Y5:Y6)) -> #N/A | Z7: =IF(VLOOKUP(Z$2&$C7&$A7,集計!$D:$R,$B7,0)<>SUM(Z5:Z6),"NG",SUM(Z5:Z6)) -> #N/A | AA7: =IF(VLOOKUP(AA$2&$C7&$A7,集計!$D:$R,$B7,0)<>SUM(AA5:AA6),"NG",SUM(AA5:AA6)) -> #N/A | AB7: =SUM(AB5:AB6) -> #N/A | AC7: =SUM(AC5:AC6) -> #N/A | AD7: =IF(VLOOKUP(AD$2&$C7&$A7,集計!$D:$R,$B7,0)<>SUM(AD5:AD6),"NG",SUM(AD5:AD6)) -> #N/A | AE7: =IF(VLOOKUP(AE$2&$C7&$A7,集計!$D:$R,$B7,0)<>SUM(AE5:AE6),"NG",SUM(AE5:AE6)) -> #N/A | AF7: =IF(VLOOKUP(AF$2&$C7&$A7,集計!$D:$R,$B7,0)<>SUM(AF5:AF6),"NG",SUM(AF5:AF6)) -> #N/A | AG7: =IF(VLOOKUP(AG$2&$C7&$A7,集計!$D:$R,$B7,0)<>SUM(AG5:AG6),"NG",SUM(AG5:AG6)) -> #N/A | AH7: =SUM(AH5:AH6) -> #N/A | AI7: =IF(VLOOKUP(AI$2&$C7&$A7,集計!$D:$R,$B7,0)<>SUM(AI5:AI6),"NG",SUM(AI5:AI6)) -> #N/A | AJ7: =IF(VLOOKUP(AJ$2&$C7&$A7,集計!$D:$R,$B7,0)<>SUM(AJ5:AJ6),"NG",SUM(AJ5:AJ6)) -> #N/A | AK7: =IF(VLOOKUP(AK$2&$C7&$A7,集計!$D:$R,$B7,0)<>SUM(AK5:AK6),"NG",SUM(AK5:AK6)) -> #N/A | AL7: =SUM(AL5:AL6) -> #N/A | AM7: =IF(VLOOKUP(AM$2&$C7&$A7,集計!$D:$R,$B7,0)<>SUM(AM5:AM6),"NG",SUM(AM5:AM6)) -> #N/A | AN7: =IF(VLOOKUP(AN$2&$C7&$A7,集計!$D:$R,$B7,0)<>SUM(AN5:AN6),"NG",SUM(AN5:AN6)) -> #N/A | AO7: =SUM(AO5:AO6) -> #N/A | AP7: =IF(VLOOKUP(AP$2&$C7&$A7,集計!$D:$R,$B7,0)<>SUM(AP5:AP6),"NG",SUM(AP5:AP6)) -> #N/A | AQ7: =IF(VLOOKUP(AQ$2&$C7&$A7,集計!$D:$R,$B7,0)<>SUM(AQ5:AQ6),"NG",SUM(AQ5:AQ6)) -> #N/A | AR7: =IF(VLOOKUP(AR$2&$C7&$A7,集計!$D:$R,$B7,0)<>SUM(AR5:AR6),"NG",SUM(AR5:AR6)) -> #N/A | AS7: =SUM(AS5:AS6) -> #N/A | AT7: =SUM(AT5:AT6) -> #N/A | AU7: =IF(VLOOKUP(AU$2&$C7&$A7,集計!$D:$R,$B7,0)<>SUM(AU5:AU6),"NG",SUM(AU5:AU6)) -> #N/A | AV7: =IF(VLOOKUP(AV$2&$C7&$A7,集計!$D:$R,$B7,0)<>SUM(AV5:AV6),"NG",SUM(AV5:AV6)) -> #N/A | AW7: =IF(VLOOKUP(AW$2&$C7&$A7,集計!$D:$R,$B7,0)<>SUM(AW5:AW6),"NG",SUM(AW5:AW6)) -> #N/A | AX7: =IF(VLOOKUP(AX$2&$C7&$A7,集計!$D:$R,$B7,0)<>SUM(AX5:AX6),"NG",SUM(AX5:AX6)) -> #N/A | AY7: =IF(VLOOKUP(AY$2&$C7&$A7,集計!$D:$R,$B7,0)<>SUM(AY5:AY6),"NG",SUM(AY5:AY6)) -> #N/A | AZ7: =AZ5+AZ6 -> #N/A | BA7: =BA5+BA6 -> #N/A | BB7: =IF(VLOOKUP(BB$2&$C7&$A7,集計!$D:$R,$B7,0)<>SUM(BB5:BB6),"NG",SUM(BB5:BB6)) -> #N/A | BC7: =IF(VLOOKUP(BC$2&$C7&$A7,集計!$D:$R,$B7,0)<>SUM(BC5:BC6),"NG",SUM(BC5:BC6)) -> #N/A | BD7: =SUM(BD5:BD6) -> #N/A | BE7: =IF(VLOOKUP(BE$2&$C7&$A7,集計!$D:$R,$B7,0)<>SUM(BE5:BE6),"NG",SUM(BE5:BE6)) -> #N/A | BF7: =IF(VLOOKUP(BF$2&$C7&$A7,集計!$D:$R,$B7,0)<>SUM(BF5:BF6),"NG",SUM(BF5:BF6)) -> #N/A | BG7: =IF(VLOOKUP(BG$2&$C7&$A7,集計!$D:$R,$B7,0)<>SUM(BG5:BG6),"NG",SUM(BG5:BG6)) -> #N/A | BH7: =IF(VLOOKUP(BH$2&$C7&$A7,集計!$D:$R,$B7,0)<>SUM(BH5:BH6),"NG",SUM(BH5:BH6)) -> #N/A | BI7: =IF(VLOOKUP(BI$2&$C7&$A7,集計!$D:$R,$B7,0)<>SUM(BI5:BI6),"NG",SUM(BI5:BI6)) -> #N/A | BJ7: =BJ5+BJ6 -> #N/A | BK7: =IF(VLOOKUP(BK$2&$C7&$A7,集計!$D:$R,$B7,0)<>SUM(BK5:BK6),"NG",SUM(BK5:BK6)) -> #N/A | BL7: =IF(VLOOKUP(BL$2&$C7&$A7,集計!$D:$R,$B7,0)<>SUM(BL5:BL6),"NG",SUM(BL5:BL6)) -> #N/A | BM7: =IF(VLOOKUP(BM$2&$C7&$A7,集計!$D:$R,$B7,0)<>SUM(BM5:BM6),"NG",SUM(BM5:BM6)) -> #N/A | BN7: =IF(VLOOKUP(BN$2&$C7&$A7,集計!$D:$R,$B7,0)<>SUM(BN5:BN6),"NG",SUM(BN5:BN6)) -> #N/A | BO7: =IF(VLOOKUP(BO$2&$C7&$A7,集計!$D:$R,$B7,0)<>SUM(BO5:BO6),"NG",SUM(BO5:BO6)) -> #N/A | BP7: =IF(VLOOKUP(BP$2&$C7&$A7,集計!$D:$R,$B7,0)<>SUM(BP5:BP6),"NG",SUM(BP5:BP6)) -> #N/A | BQ7: =BQ5+BQ6 -> #N/A | BR7: =IF(VLOOKUP(BR$2&$C7&$A7,集計!$D:$R,$B7,0)<>SUM(BR5:BR6),"NG",SUM(BR5:BR6)) -> #N/A | BS7: =IF(VLOOKUP(BS$2&$C7&$A7,集計!$D:$R,$B7,0)<>SUM(BS5:BS6),"NG",SUM(BS5:BS6)) -> #N/A | BT7: =IF(VLOOKUP(BT$2&$C7&$A7,集計!$D:$R,$B7,0)<>SUM(BT5:BT6),"NG",SUM(BT5:BT6)) -> #N/A | BU7: =BU5+BU6 -> #N/A | BV7: =IF(VLOOKUP(BV$2&$C7&$A7,集計!$D:$R,$B7,0)<>SUM(BV5:BV6),"NG",SUM(BV5:BV6)) -> #N/A | BW7: =SUM(BW5:BW6) -> #N/A | BX7: =SUM(BX5:BX6) -> #N/A
A8: 人員 | B8: 4 | C8: 人員合計 | D8: =IF(VLOOKUP(D$2&$C8&$A8,集計!$D:$R,$B8,0)<>SUM(D4,D7),"NG",SUM(D4,D7)) -> #N/A | E8: =IF(VLOOKUP(E$2&$C8&$A8,集計!$D:$R,$B8,0)<>SUM(E4,E7),"NG",SUM(E4,E7)) -> #N/A | F8: =IF(VLOOKUP(F$2&$C8&$A8,集計!$D:$R,$B8,0)<>SUM(F4,F7),"NG",SUM(F4,F7)) -> #N/A | G8: =IF(VLOOKUP(G$2&$C8&$A8,集計!$D:$R,$B8,0)<>SUM(G4,G7),"NG",SUM(G4,G7)) -> #N/A | H8: =IF(VLOOKUP(H$2&$C8&$A8,集計!$D:$R,$B8,0)<>SUM(H4,H7),"NG",SUM(H4,H7)) -> #N/A | I8: =I4+I7 -> #N/A | J8: =IF(VLOOKUP(J$2&$C8&$A8,集計!$D:$R,$B8,0)<>SUM(J4,J7),"NG",SUM(J4,J7)) -> #N/A | K8: =IF(VLOOKUP(K$2&$C8&$A8,集計!$D:$R,$B8,0)<>SUM(K4,K7),"NG",SUM(K4,K7)) -> #N/A | L8: =IF(VLOOKUP(L$2&$C8&$A8,集計!$D:$R,$B8,0)<>SUM(L4,L7),"NG",SUM(L4,L7)) -> #N/A | M8: =IF(VLOOKUP(M$2&$C8&$A8,集計!$D:$R,$B8,0)<>SUM(M4,M7),"NG",SUM(M4,M7)) -> #N/A | N8: =N4+N7 -> #N/A | O8: =IF(VLOOKUP(O$2&$C8&$A8,集計!$D:$R,$B8,0)<>SUM(O4,O7),"NG",SUM(O4,O7)) -> #N/A | P8: =IF(VLOOKUP(P$2&$C8&$A8,集計!$D:$R,$B8,0)<>SUM(P4,P7),"NG",SUM(P4,P7)) -> #N/A | Q8: =IF(VLOOKUP(Q$2&$C8&$A8,集計!$D:$R,$B8,0)<>SUM(Q4,Q7),"NG",SUM(Q4,Q7)) -> #N/A | R8: =IF(VLOOKUP(R$2&$C8&$A8,集計!$D:$R,$B8,0)<>SUM(R4,R7),"NG",SUM(R4,R7)) -> #N/A | S8: =IF(VLOOKUP(S$2&$C8&$A8,集計!$D:$R,$B8,0)<>SUM(S4,S7),"NG",SUM(S4,S7)) -> #N/A | T8: =T4+T7 -> #N/A | U8: =IF(VLOOKUP(U$2&$C8&$A8,集計!$D:$R,$B8,0)<>SUM(U4,U7),"NG",SUM(U4,U7)) -> #N/A | V8: =IF(VLOOKUP(V$2&$C8&$A8,集計!$D:$R,$B8,0)<>SUM(V4,V7),"NG",SUM(V4,V7)) -> #N/A | W8: =IF(VLOOKUP(W$2&$C8&$A8,集計!$D:$R,$B8,0)<>SUM(W4,W7),"NG",SUM(W4,W7)) -> #N/A | X8: =X4+X7 -> #N/A | Y8: =IF(VLOOKUP(Y$2&$C8&$A8,集計!$D:$R,$B8,0)<>SUM(Y4,Y7),"NG",SUM(Y4,Y7)) -> #N/A | Z8: =IF(VLOOKUP(Z$2&$C8&$A8,集計!$D:$R,$B8,0)<>SUM(Z4,Z7),"NG",SUM(Z4,Z7)) -> #N/A | AA8: =IF(VLOOKUP(AA$2&$C8&$A8,集計!$D:$R,$B8,0)<>SUM(AA4,AA7),"NG",SUM(AA4,AA7)) -> #N/A | AB8: =AB4+AB7 -> #N/A | AC8: =AC4+AC7 -> #N/A | AD8: =IF(VLOOKUP(AD$2&$C8&$A8,集計!$D:$R,$B8,0)<>SUM(AD4,AD7),"NG",SUM(AD4,AD7)) -> #N/A | AE8: =IF(VLOOKUP(AE$2&$C8&$A8,集計!$D:$R,$B8,0)<>SUM(AE4,AE7),"NG",SUM(AE4,AE7)) -> #N/A | AF8: =IF(VLOOKUP(AF$2&$C8&$A8,集計!$D:$R,$B8,0)<>SUM(AF4,AF7),"NG",SUM(AF4,AF7)) -> #N/A | AG8: =IF(VLOOKUP(AG$2&$C8&$A8,集計!$D:$R,$B8,0)<>SUM(AG4,AG7),"NG",SUM(AG4,AG7)) -> #N/A | AH8: =AH4+AH7 -> #N/A | AI8: =IF(VLOOKUP(AI$2&$C8&$A8,集計!$D:$R,$B8,0)<>SUM(AI4,AI7),"NG",SUM(AI4,AI7)) -> #N/A | AJ8: =IF(VLOOKUP(AJ$2&$C8&$A8,集計!$D:$R,$B8,0)<>SUM(AJ4,AJ7),"NG",SUM(AJ4,AJ7)) -> #N/A | AK8: =IF(VLOOKUP(AK$2&$C8&$A8,集計!$D:$R,$B8,0)<>SUM(AK4,AK7),"NG",SUM(AK4,AK7)) -> #N/A | AL8: =AL4+AL7 -> #N/A | AM8: =IF(VLOOKUP(AM$2&$C8&$A8,集計!$D:$R,$B8,0)<>SUM(AM4,AM7),"NG",SUM(AM4,AM7)) -> #N/A | AN8: =IF(VLOOKUP(AN$2&$C8&$A8,集計!$D:$R,$B8,0)<>SUM(AN4,AN7),"NG",SUM(AN4,AN7)) -> #N/A | AO8: =AO4+AO7 -> #N/A | AP8: =IF(VLOOKUP(AP$2&$C8&$A8,集計!$D:$R,$B8,0)<>SUM(AP4,AP7),"NG",SUM(AP4,AP7)) -> #N/A | AQ8: =IF(VLOOKUP(AQ$2&$C8&$A8,集計!$D:$R,$B8,0)<>SUM(AQ4,AQ7),"NG",SUM(AQ4,AQ7)) -> #N/A | AR8: =IF(VLOOKUP(AR$2&$C8&$A8,集計!$D:$R,$B8,0)<>SUM(AR4,AR7),"NG",SUM(AR4,AR7)) -> #N/A | AS8: =AS4+AS7 -> #N/A | AT8: =AT4+AT7 -> #N/A | AU8: =IF(VLOOKUP(AU$2&$C8&$A8,集計!$D:$R,$B8,0)<>SUM(AU4,AU7),"NG",SUM(AU4,AU7)) -> #N/A | AV8: =IF(VLOOKUP(AV$2&$C8&$A8,集計!$D:$R,$B8,0)<>SUM(AV4,AV7),"NG",SUM(AV4,AV7)) -> #N/A | AW8: =IF(VLOOKUP(AW$2&$C8&$A8,集計!$D:$R,$B8,0)<>SUM(AW4,AW7),"NG",SUM(AW4,AW7)) -> #N/A | AX8: =IF(VLOOKUP(AX$2&$C8&$A8,集計!$D:$R,$B8,0)<>SUM(AX4,AX7),"NG",SUM(AX4,AX7)) -> #N/A | AY8: =IF(VLOOKUP(AY$2&$C8&$A8,集計!$D:$R,$B8,0)<>SUM(AY4,AY7),"NG",SUM(AY4,AY7)) -> #N/A | AZ8: =AZ4+AZ7 -> #N/A | BA8: =BA4+BA7 -> #N/A | BB8: =IF(VLOOKUP(BB$2&$C8&$A8,集計!$D:$R,$B8,0)<>SUM(BB4,BB7),"NG",SUM(BB4,BB7)) -> #N/A | BC8: =IF(VLOOKUP(BC$2&$C8&$A8,集計!$D:$R,$B8,0)<>SUM(BC4,BC7),"NG",SUM(BC4,BC7)) -> #N/A | BD8: =BD4+BD7 -> #N/A | BE8: =IF(VLOOKUP(BE$2&$C8&$A8,集計!$D:$R,$B8,0)<>SUM(BE4,BE7),"NG",SUM(BE4,BE7)) -> #N/A | BF8: =IF(VLOOKUP(BF$2&$C8&$A8,集計!$D:$R,$B8,0)<>SUM(BF4,BF7),"NG",SUM(BF4,BF7)) -> #N/A | BG8: =IF(VLOOKUP(BG$2&$C8&$A8,集計!$D:$R,$B8,0)<>SUM(BG4,BG7),"NG",SUM(BG4,BG7)) -> #N/A | BH8: =IF(VLOOKUP(BH$2&$C8&$A8,集計!$D:$R,$B8,0)<>SUM(BH4,BH7),"NG",SUM(BH4,BH7)) -> #N/A | BI8: =IF(VLOOKUP(BI$2&$C8&$A8,集計!$D:$R,$B8,0)<>SUM(BI4,BI7),"NG",SUM(BI4,BI7)) -> #N/A | BJ8: =BJ4+BJ7 -> #N/A | BK8: =IF(VLOOKUP(BK$2&$C8&$A8,集計!$D:$R,$B8,0)<>SUM(BK4,BK7),"NG",SUM(BK4,BK7)) -> #N/A | BL8: =IF(VLOOKUP(BL$2&$C8&$A8,集計!$D:$R,$B8,0)<>SUM(BL4,BL7),"NG",SUM(BL4,BL7)) -> #N/A | BM8: =IF(VLOOKUP(BM$2&$C8&$A8,集計!$D:$R,$B8,0)<>SUM(BM4,BM7),"NG",SUM(BM4,BM7)) -> #N/A | BN8: =IF(VLOOKUP(BN$2&$C8&$A8,集計!$D:$R,$B8,0)<>SUM(BN4,BN7),"NG",SUM(BN4,BN7)) -> #N/A | BO8: =IF(VLOOKUP(BO$2&$C8&$A8,集計!$D:$R,$B8,0)<>SUM(BO4,BO7),"NG",SUM(BO4,BO7)) -> #N/A | BP8: =IF(VLOOKUP(BP$2&$C8&$A8,集計!$D:$R,$B8,0)<>SUM(BP4,BP7),"NG",SUM(BP4,BP7)) -> #N/A | BQ8: =BQ4+BQ7 -> #N/A | BR8: =IF(VLOOKUP(BR$2&$C8&$A8,集計!$D:$R,$B8,0)<>SUM(BR4,BR7),"NG",SUM(BR4,BR7)) -> #N/A | BS8: =IF(VLOOKUP(BS$2&$C8&$A8,集計!$D:$R,$B8,0)<>SUM(BS4,BS7),"NG",SUM(BS4,BS7)) -> #N/A | BT8: =IF(VLOOKUP(BT$2&$C8&$A8,集計!$D:$R,$B8,0)<>SUM(BT4,BT7),"NG",SUM(BT4,BT7)) -> #N/A | BU8: =BU4+BU7 -> #N/A | BV8: =IF(VLOOKUP(BV$2&$C8&$A8,集計!$D:$R,$B8,0)<>SUM(BV4,BV7),"NG",SUM(BV4,BV7)) -> #N/A | BW8: =BW4+BW7 -> #N/A | BX8: =BX4+BX7 -> #N/A
B10: 5 | C10: 人員
A11: 人員 | B11: 5 | C11: 出向社員 | D11: =VLOOKUP(D$2&$C11&$A11,集計!$D:$R,$B11,0) -> #N/A | E11: =VLOOKUP(E$2&$C11&$A11,集計!$D:$R,$B11,0) -> #N/A | F11: =VLOOKUP(F$2&$C11&$A11,集計!$D:$R,$B11,0) -> #N/A | G11: =VLOOKUP(G$2&$C11&$A11,集計!$D:$R,$B11,0) -> #N/A | H11: =VLOOKUP(H$2&$C11&$A11,集計!$D:$R,$B11,0) -> #N/A | I11: =D11+E11+F11+G11+H11 -> #N/A | J11: =VLOOKUP(J$2&$C11&$A11,集計!$D:$R,$B11,0) -> #N/A | K11: =VLOOKUP(K$2&$C11&$A11,集計!$D:$R,$B11,0) -> #N/A | L11: =VLOOKUP(L$2&$C11&$A11,集計!$D:$R,$B11,0) -> #N/A | M11: =VLOOKUP(M$2&$C11&$A11,集計!$D:$R,$B11,0) -> #N/A | N11: =J11+K11+L11+M11 -> #N/A | O11: =VLOOKUP(O$2&$C11&$A11,集計!$D:$R,$B11,0) -> #N/A | P11: =VLOOKUP(P$2&$C11&$A11,集計!$D:$R,$B11,0) -> #N/A | Q11: =VLOOKUP(Q$2&$C11&$A11,集計!$D:$R,$B11,0) -> #N/A | R11: =VLOOKUP(R$2&$C11&$A11,集計!$D:$R,$B11,0) -> #N/A | S11: =VLOOKUP(S$2&$C11&$A11,集計!$D:$R,$B11,0) -> #N/A | T11: =O11+P11+Q11+R11+S11 -> #N/A | U11: =VLOOKUP(U$2&$C11&$A11,集計!$D:$R,$B11,0) -> #N/A | V11: =VLOOKUP(V$2&$C11&$A11,集計!$D:$R,$B11,0) -> #N/A | W11: =VLOOKUP(W$2&$C11&$A11,集計!$D:$R,$B11,0) -> #N/A | X11: =U11+V11+W11 -> #N/A | Y11: =VLOOKUP(Y$2&$C11&$A11,集計!$D:$R,$B11,0) -> #N/A | Z11: =VLOOKUP(Z$2&$C11&$A11,集計!$D:$R,$B11,0) -> #N/A | AA11: =VLOOKUP(AA$2&$C11&$A11,集計!$D:$R,$B11,0) -> #N/A | AB11: =Y11+Z11+AA11 -> #N/A | AC11: =I11+N11+T11+X11+AB11 -> #N/A | AD11: =VLOOKUP(AD$2&$C11&$A11,集計!$D:$R,$B11,0) -> #N/A | AE11: =VLOOKUP(AE$2&$C11&$A11,集計!$D:$R,$B11,0) -> #N/A | AF11: =VLOOKUP(AF$2&$C11&$A11,集計!$D:$R,$B11,0) -> #N/A | AG11: =VLOOKUP(AG$2&$C11&$A11,集計!$D:$R,$B11,0) -> #N/A | AH11: =AD11+AE11+AF11+AG11 -> #N/A | AI11: =VLOOKUP(AI$2&$C11&$A11,集計!$D:$R,$B11,0) -> #N/A | AJ11: =VLOOKUP(AJ$2&$C11&$A11,集計!$D:$R,$B11,0) -> #N/A | AK11: =VLOOKUP(AK$2&$C11&$A11,集計!$D:$R,$B11,0) -> #N/A | AL11: =AI11+AJ11+AK11 -> #N/A | AM11: =VLOOKUP(AM$2&$C11&$A11,集計!$D:$R,$B11,0) -> #N/A | AN11: =VLOOKUP(AN$2&$C11&$A11,集計!$D:$R,$B11,0) -> #N/A | AO11: =AM11+AN11 -> #N/A | AP11: =VLOOKUP(AP$2&$C11&$A11,集計!$D:$R,$B11,0) -> #N/A | AQ11: =VLOOKUP(AQ$2&$C11&$A11,集計!$D:$R,$B11,0) -> #N/A | AR11: =VLOOKUP(AR$2&$C11&$A11,集計!$D:$R,$B11,0) -> #N/A | AS11: =AP11+AQ11+AR11 -> #N/A | AT11: =AH11+AL11+AO11+AS11 -> #N/A | AU11: =VLOOKUP(AU$2&$C11&$A11,集計!$D:$R,$B11,0) -> #N/A | AV11: =VLOOKUP(AV$2&$C11&$A11,集計!$D:$R,$B11,0) -> #N/A | AW11: =VLOOKUP(AW$2&$C11&$A11,集計!$D:$R,$B11,0) -> #N/A | AX11: =VLOOKUP(AX$2&$C11&$A11,集計!$D:$R,$B11,0) -> #N/A | AY11: =VLOOKUP(AY$2&$C11&$A11,集計!$D:$R,$B11,0) -> #N/A | AZ11: =AU11+AV11+AW11+AX11+AY11 -> #N/A | BA11: =AZ11 -> #N/A | BB11: =VLOOKUP(BB$2&$C11&$A11,集計!$D:$R,$B11,0) -> #N/A | BC11: =VLOOKUP(BC$2&$C11&$A11,集計!$D:$R,$B11,0) -> #N/A | BD11: =BB11+BC11 -> #N/A | BE11: =VLOOKUP(BE$2&$C11&$A11,集計!$D:$R,$B11,0) -> #N/A | BF11: =VLOOKUP(BF$2&$C11&$A11,集計!$D:$R,$B11,0) -> #N/A | BG11: =VLOOKUP(BG$2&$C11&$A11,集計!$D:$R,$B11,0) -> #N/A | BH11: =VLOOKUP(BH$2&$C11&$A11,集計!$D:$R,$B11,0) -> #N/A | BI11: =VLOOKUP(BI$2&$C11&$A11,集計!$D:$R,$B11,0) -> #N/A | BJ11: =BE11+BF11+BG11+BH11+BI11 -> #N/A | BK11: =VLOOKUP(BK$2&$C11&$A11,集計!$D:$R,$B11,0) -> #N/A | BL11: =VLOOKUP(BL$2&$C11&$A11,集計!$D:$R,$B11,0) -> #N/A | BM11: =VLOOKUP(BM$2&$C11&$A11,集計!$D:$R,$B11,0) -> #N/A | BN11: =VLOOKUP(BN$2&$C11&$A11,集計!$D:$R,$B11,0) -> #N/A | BO11: =VLOOKUP(BO$2&$C11&$A11,集計!$D:$R,$B11,0) -> #N/A | BP11: =VLOOKUP(BP$2&$C11&$A11,集計!$D:$R,$B11,0) -> #N/A | BQ11: =BK11+BL11+BM11+BN11+BO11+BP11 -> #N/A | BR11: =VLOOKUP(BR$2&$C11&$A11,集計!$D:$R,$B11,0) -> #N/A | BS11: =VLOOKUP(BS$2&$C11&$A11,集計!$D:$R,$B11,0) -> #N/A | BT11: =VLOOKUP(BT$2&$C11&$A11,集計!$D:$R,$B11,0) -> #N/A | BU11: =BR11+BS11+BT11 -> #N/A | BV11: =VLOOKUP(BV$2&$C11&$A11,集計!$D:$R,$B11,0) -> #N/A | BW11: =BV11 -> #N/A | BX11: =AC11+AT11+BA11+BD11+BJ11+BQ11+BU11+BW11 -> #N/A
A12: 人員 | B12: 5 | C12: G5以上 | D12: =VLOOKUP(D$2&$C12&$A12,集計!$D:$R,$B12,0) -> #N/A | E12: =VLOOKUP(E$2&$C12&$A12,集計!$D:$R,$B12,0) -> #N/A | F12: =VLOOKUP(F$2&$C12&$A12,集計!$D:$R,$B12,0) -> #N/A | G12: =VLOOKUP(G$2&$C12&$A12,集計!$D:$R,$B12,0) -> #N/A | H12: =VLOOKUP(H$2&$C12&$A12,集計!$D:$R,$B12,0) -> #N/A | I12: =D12+E12+F12+G12+H12 -> #N/A | J12: =VLOOKUP(J$2&$C12&$A12,集計!$D:$R,$B12,0) -> #N/A | K12: =VLOOKUP(K$2&$C12&$A12,集計!$D:$R,$B12,0) -> #N/A | L12: =VLOOKUP(L$2&$C12&$A12,集計!$D:$R,$B12,0) -> #N/A | M12: =VLOOKUP(M$2&$C12&$A12,集計!$D:$R,$B12,0) -> #N/A | N12: =J12+K12+L12+M12 -> #N/A | O12: =VLOOKUP(O$2&$C12&$A12,集計!$D:$R,$B12,0) -> #N/A | P12: =VLOOKUP(P$2&$C12&$A12,集計!$D:$R,$B12,0) -> #N/A | Q12: =VLOOKUP(Q$2&$C12&$A12,集計!$D:$R,$B12,0) -> #N/A | R12: =VLOOKUP(R$2&$C12&$A12,集計!$D:$R,$B12,0) -> #N/A | S12: =VLOOKUP(S$2&$C12&$A12,集計!$D:$R,$B12,0) -> #N/A | T12: =O12+P12+Q12+R12+S12 -> #N/A | U12: =VLOOKUP(U$2&$C12&$A12,集計!$D:$R,$B12,0) -> #N/A | V12: =VLOOKUP(V$2&$C12&$A12,集計!$D:$R,$B12,0) -> #N/A | W12: =VLOOKUP(W$2&$C12&$A12,集計!$D:$R,$B12,0) -> #N/A | X12: =U12+V12+W12 -> #N/A | Y12: =VLOOKUP(Y$2&$C12&$A12,集計!$D:$R,$B12,0) -> #N/A | Z12: =VLOOKUP(Z$2&$C12&$A12,集計!$D:$R,$B12,0) -> #N/A | AA12: =VLOOKUP(AA$2&$C12&$A12,集計!$D:$R,$B12,0) -> #N/A | AB12: =Y12+Z12+AA12 -> #N/A | AC12: =I12+N12+T12+X12+AB12 -> #N/A | AD12: =VLOOKUP(AD$2&$C12&$A12,集計!$D:$R,$B12,0) -> #N/A | AE12: =VLOOKUP(AE$2&$C12&$A12,集計!$D:$R,$B12,0) -> #N/A | AF12: =VLOOKUP(AF$2&$C12&$A12,集計!$D:$R,$B12,0) -> #N/A | AG12: =VLOOKUP(AG$2&$C12&$A12,集計!$D:$R,$B12,0) -> #N/A | AH12: =AD12+AE12+AF12+AG12 -> #N/A | AI12: =VLOOKUP(AI$2&$C12&$A12,集計!$D:$R,$B12,0) -> #N/A | AJ12: =VLOOKUP(AJ$2&$C12&$A12,集計!$D:$R,$B12,0) -> #N/A | AK12: =VLOOKUP(AK$2&$C12&$A12,集計!$D:$R,$B12,0) -> #N/A | AL12: =AI12+AJ12+AK12 -> #N/A | AM12: =VLOOKUP(AM$2&$C12&$A12,集計!$D:$R,$B12,0) -> #N/A | AN12: =VLOOKUP(AN$2&$C12&$A12,集計!$D:$R,$B12,0) -> #N/A | AO12: =AM12+AN12 -> #N/A | AP12: =VLOOKUP(AP$2&$C12&$A12,集計!$D:$R,$B12,0) -> #N/A | AQ12: =VLOOKUP(AQ$2&$C12&$A12,集計!$D:$R,$B12,0) -> #N/A | AR12: =VLOOKUP(AR$2&$C12&$A12,集計!$D:$R,$B12,0) -> #N/A | AS12: =AP12+AQ12+AR12 -> #N/A | AT12: =AH12+AL12+AO12+AS12 -> #N/A | AU12: =VLOOKUP(AU$2&$C12&$A12,集計!$D:$R,$B12,0) -> #N/A | AV12: =VLOOKUP(AV$2&$C12&$A12,集計!$D:$R,$B12,0) -> #N/A | AW12: =VLOOKUP(AW$2&$C12&$A12,集計!$D:$R,$B12,0) -> #N/A | AX12: =VLOOKUP(AX$2&$C12&$A12,集計!$D:$R,$B12,0) -> #N/A | AY12: =VLOOKUP(AY$2&$C12&$A12,集計!$D:$R,$B12,0) -> #N/A | AZ12: =AU12+AV12+AW12+AX12+AY12 -> #N/A | BA12: =AZ12 -> #N/A | BB12: =VLOOKUP(BB$2&$C12&$A12,集計!$D:$R,$B12,0) -> #N/A | BC12: =VLOOKUP(BC$2&$C12&$A12,集計!$D:$R,$B12,0) -> #N/A | BD12: =BB12+BC12 -> #N/A | BE12: =VLOOKUP(BE$2&$C12&$A12,集計!$D:$R,$B12,0) -> #N/A | BF12: =VLOOKUP(BF$2&$C12&$A12,集計!$D:$R,$B12,0) -> #N/A | BG12: =VLOOKUP(BG$2&$C12&$A12,集計!$D:$R,$B12,0) -> #N/A | BH12: =VLOOKUP(BH$2&$C12&$A12,集計!$D:$R,$B12,0) -> #N/A | BI12: =VLOOKUP(BI$2&$C12&$A12,集計!$D:$R,$B12,0) -> #N/A | BJ12: =BE12+BF12+BG12+BH12+BI12 -> #N/A | BK12: =VLOOKUP(BK$2&$C12&$A12,集計!$D:$R,$B12,0) -> #N/A | BL12: =VLOOKUP(BL$2&$C12&$A12,集計!$D:$R,$B12,0) -> #N/A | BM12: =VLOOKUP(BM$2&$C12&$A12,集計!$D:$R,$B12,0) -> #N/A | BN12: =VLOOKUP(BN$2&$C12&$A12,集計!$D:$R,$B12,0) -> #N/A | BO12: =VLOOKUP(BO$2&$C12&$A12,集計!$D:$R,$B12,0) -> #N/A | BP12: =VLOOKUP(BP$2&$C12&$A12,集計!$D:$R,$B12,0) -> #N/A | BQ12: =BK12+BL12+BM12+BN12+BO12+BP12 -> #N/A | BR12: =VLOOKUP(BR$2&$C12&$A12,集計!$D:$R,$B12,0) -> #N/A | BS12: =VLOOKUP(BS$2&$C12&$A12,集計!$D:$R,$B12,0) -> #N/A | BT12: =VLOOKUP(BT$2&$C12&$A12,集計!$D:$R,$B12,0) -> #N/A | BU12: =BR12+BS12+BT12 -> #N/A | BV12: =VLOOKUP(BV$2&$C12&$A12,集計!$D:$R,$B12,0) -> #N/A | BW12: =BV12 -> #N/A | BX12: =AC12+AT12+BA12+BD12+BJ12+BQ12+BU12+BW12 -> #N/A
A13: 人員 | B13: 5 | C13: G7, G6 | D13: =VLOOKUP(D$2&$C13&$A13,集計!$D:$R,$B13,0) -> #N/A | E13: =VLOOKUP(E$2&$C13&$A13,集計!$D:$R,$B13,0) -> #N/A | F13: =VLOOKUP(F$2&$C13&$A13,集計!$D:$R,$B13,0) -> #N/A | G13: =VLOOKUP(G$2&$C13&$A13,集計!$D:$R,$B13,0) -> #N/A | H13: =VLOOKUP(H$2&$C13&$A13,集計!$D:$R,$B13,0) -> #N/A | I13: =D13+E13+F13+G13+H13 -> #N/A | J13: =VLOOKUP(J$2&$C13&$A13,集計!$D:$R,$B13,0) -> #N/A | K13: =VLOOKUP(K$2&$C13&$A13,集計!$D:$R,$B13,0) -> #N/A | L13: =VLOOKUP(L$2&$C13&$A13,集計!$D:$R,$B13,0) -> #N/A | M13: =VLOOKUP(M$2&$C13&$A13,集計!$D:$R,$B13,0) -> #N/A | N13: =J13+K13+L13+M13 -> #N/A | O13: =VLOOKUP(O$2&$C13&$A13,集計!$D:$R,$B13,0) -> #N/A | P13: =VLOOKUP(P$2&$C13&$A13,集計!$D:$R,$B13,0) -> #N/A | Q13: =VLOOKUP(Q$2&$C13&$A13,集計!$D:$R,$B13,0) -> #N/A | R13: =VLOOKUP(R$2&$C13&$A13,集計!$D:$R,$B13,0) -> #N/A | S13: =VLOOKUP(S$2&$C13&$A13,集計!$D:$R,$B13,0) -> #N/A | T13: =O13+P13+Q13+R13+S13 -> #N/A | U13: =VLOOKUP(U$2&$C13&$A13,集計!$D:$R,$B13,0) -> #N/A | V13: =VLOOKUP(V$2&$C13&$A13,集計!$D:$R,$B13,0) -> #N/A | W13: =VLOOKUP(W$2&$C13&$A13,集計!$D:$R,$B13,0) -> #N/A | X13: =U13+V13+W13 -> #N/A | Y13: =VLOOKUP(Y$2&$C13&$A13,集計!$D:$R,$B13,0) -> #N/A | Z13: =VLOOKUP(Z$2&$C13&$A13,集計!$D:$R,$B13,0) -> #N/A | AA13: =VLOOKUP(AA$2&$C13&$A13,集計!$D:$R,$B13,0) -> #N/A | AB13: =Y13+Z13+AA13 -> #N/A | AC13: =I13+N13+T13+X13+AB13 -> #N/A | AD13: =VLOOKUP(AD$2&$C13&$A13,集計!$D:$R,$B13,0) -> #N/A | AE13: =VLOOKUP(AE$2&$C13&$A13,集計!$D:$R,$B13,0) -> #N/A | AF13: =VLOOKUP(AF$2&$C13&$A13,集計!$D:$R,$B13,0) -> #N/A | AG13: =VLOOKUP(AG$2&$C13&$A13,集計!$D:$R,$B13,0) -> #N/A | AH13: =AD13+AE13+AF13+AG13 -> #N/A | AI13: =VLOOKUP(AI$2&$C13&$A13,集計!$D:$R,$B13,0) -> #N/A | AJ13: =VLOOKUP(AJ$2&$C13&$A13,集計!$D:$R,$B13,0) -> #N/A | AK13: =VLOOKUP(AK$2&$C13&$A13,集計!$D:$R,$B13,0) -> #N/A | AL13: =AI13+AJ13+AK13 -> #N/A | AM13: =VLOOKUP(AM$2&$C13&$A13,集計!$D:$R,$B13,0) -> #N/A | AN13: =VLOOKUP(AN$2&$C13&$A13,集計!$D:$R,$B13,0) -> #N/A | AO13: =AM13+AN13 -> #N/A | AP13: =VLOOKUP(AP$2&$C13&$A13,集計!$D:$R,$B13,0) -> #N/A | AQ13: =VLOOKUP(AQ$2&$C13&$A13,集計!$D:$R,$B13,0) -> #N/A | AR13: =VLOOKUP(AR$2&$C13&$A13,集計!$D:$R,$B13,0) -> #N/A | AS13: =AP13+AQ13+AR13 -> #N/A | AT13: =AH13+AL13+AO13+AS13 -> #N/A | AU13: =VLOOKUP(AU$2&$C13&$A13,集計!$D:$R,$B13,0) -> #N/A | AV13: =VLOOKUP(AV$2&$C13&$A13,集計!$D:$R,$B13,0) -> #N/A | AW13: =VLOOKUP(AW$2&$C13&$A13,集計!$D:$R,$B13,0) -> #N/A | AX13: =VLOOKUP(AX$2&$C13&$A13,集計!$D:$R,$B13,0) -> #N/A | AY13: =VLOOKUP(AY$2&$C13&$A13,集計!$D:$R,$B13,0) -> #N/A | AZ13: =AU13+AV13+AW13+AX13+AY13 -> #N/A | BA13: =AZ13 -> #N/A | BB13: =VLOOKUP(BB$2&$C13&$A13,集計!$D:$R,$B13,0) -> #N/A | BC13: =VLOOKUP(BC$2&$C13&$A13,集計!$D:$R,$B13,0) -> #N/A | BD13: =BB13+BC13 -> #N/A | BE13: =VLOOKUP(BE$2&$C13&$A13,集計!$D:$R,$B13,0) -> #N/A | BF13: =VLOOKUP(BF$2&$C13&$A13,集計!$D:$R,$B13,0) -> #N/A | BG13: =VLOOKUP(BG$2&$C13&$A13,集計!$D:$R,$B13,0) -> #N/A | BH13: =VLOOKUP(BH$2&$C13&$A13,集計!$D:$R,$B13,0) -> #N/A | BI13: =VLOOKUP(BI$2&$C13&$A13,集計!$D:$R,$B13,0) -> #N/A | BJ13: =BE13+BF13+BG13+BH13+BI13 -> #N/A | BK13: =VLOOKUP(BK$2&$C13&$A13,集計!$D:$R,$B13,0) -> #N/A | BL13: =VLOOKUP(BL$2&$C13&$A13,集計!$D:$R,$B13,0) -> #N/A | BM13: =VLOOKUP(BM$2&$C13&$A13,集計!$D:$R,$B13,0) -> #N/A | BN13: =VLOOKUP(BN$2&$C13&$A13,集計!$D:$R,$B13,0) -> #N/A | BO13: =VLOOKUP(BO$2&$C13&$A13,集計!$D:$R,$B13,0) -> #N/A | BP13: =VLOOKUP(BP$2&$C13&$A13,集計!$D:$R,$B13,0) -> #N/A | BQ13: =BK13+BL13+BM13+BN13+BO13+BP13 -> #N/A | BR13: =VLOOKUP(BR$2&$C13&$A13,集計!$D:$R,$B13,0) -> #N/A | BS13: =VLOOKUP(BS$2&$C13&$A13,集計!$D:$R,$B13,0) -> #N/A | BT13: =VLOOKUP(BT$2&$C13&$A13,集計!$D:$R,$B13,0) -> #N/A | BU13: =BR13+BS13+BT13 -> #N/A | BV13: =VLOOKUP(BV$2&$C13&$A13,集計!$D:$R,$B13,0) -> #N/A | BW13: =BV13 -> #N/A | BX13: =AC13+AT13+BA13+BD13+BJ13+BQ13+BU13+BW13 -> #N/A
A14: 人員 | B14: 5 | C14: ローカル社員 | D14: =IF(VLOOKUP(D$2&$C14&$A14,集計!$D:$R,$B14,0)<>SUM(D12:D13),"NG",SUM(D12:D13)) -> #N/A | E14: =IF(VLOOKUP(E$2&$C14&$A14,集計!$D:$R,$B14,0)<>SUM(E12:E13),"NG",SUM(E12:E13)) -> #N/A | F14: =IF(VLOOKUP(F$2&$C14&$A14,集計!$D:$R,$B14,0)<>SUM(F12:F13),"NG",SUM(F12:F13)) -> #N/A | G14: =IF(VLOOKUP(G$2&$C14&$A14,集計!$D:$R,$B14,0)<>SUM(G12:G13),"NG",SUM(G12:G13)) -> #N/A | H14: =IF(VLOOKUP(H$2&$C14&$A14,集計!$D:$R,$B14,0)<>SUM(H12:H13),"NG",SUM(H12:H13)) -> #N/A | I14: =I12+I13 -> #N/A | J14: =IF(VLOOKUP(J$2&$C14&$A14,集計!$D:$R,$B14,0)<>SUM(J12:J13),"NG",SUM(J12:J13)) -> #N/A | K14: =IF(VLOOKUP(K$2&$C14&$A14,集計!$D:$R,$B14,0)<>SUM(K12:K13),"NG",SUM(K12:K13)) -> #N/A | L14: =IF(VLOOKUP(L$2&$C14&$A14,集計!$D:$R,$B14,0)<>SUM(L12:L13),"NG",SUM(L12:L13)) -> #N/A | M14: =IF(VLOOKUP(M$2&$C14&$A14,集計!$D:$R,$B14,0)<>SUM(M12:M13),"NG",SUM(M12:M13)) -> #N/A | N14: =N12+N13 -> #N/A | O14: =IF(VLOOKUP(O$2&$C14&$A14,集計!$D:$R,$B14,0)<>SUM(O12:O13),"NG",SUM(O12:O13)) -> #N/A | P14: =IF(VLOOKUP(P$2&$C14&$A14,集計!$D:$R,$B14,0)<>SUM(P12:P13),"NG",SUM(P12:P13)) -> #N/A | Q14: =IF(VLOOKUP(Q$2&$C14&$A14,集計!$D:$R,$B14,0)<>SUM(Q12:Q13),"NG",SUM(Q12:Q13)) -> #N/A | R14: =IF(VLOOKUP(R$2&$C14&$A14,集計!$D:$R,$B14,0)<>SUM(R12:R13),"NG",SUM(R12:R13)) -> #N/A | S14: =IF(VLOOKUP(S$2&$C14&$A14,集計!$D:$R,$B14,0)<>SUM(S12:S13),"NG",SUM(S12:S13)) -> #N/A | T14: =T12+T13 -> #N/A | U14: =IF(VLOOKUP(U$2&$C14&$A14,集計!$D:$R,$B14,0)<>SUM(U12:U13),"NG",SUM(U12:U13)) -> #N/A | V14: =IF(VLOOKUP(V$2&$C14&$A14,集計!$D:$R,$B14,0)<>SUM(V12:V13),"NG",SUM(V12:V13)) -> #N/A | W14: =IF(VLOOKUP(W$2&$C14&$A14,集計!$D:$R,$B14,0)<>SUM(W12:W13),"NG",SUM(W12:W13)) -> #N/A | X14: =SUM(X12:X13) -> #N/A | Y14: =IF(VLOOKUP(Y$2&$C14&$A14,集計!$D:$R,$B14,0)<>SUM(Y12:Y13),"NG",SUM(Y12:Y13)) -> #N/A | Z14: =IF(VLOOKUP(Z$2&$C14&$A14,集計!$D:$R,$B14,0)<>SUM(Z12:Z13),"NG",SUM(Z12:Z13)) -> #N/A | AA14: =IF(VLOOKUP(AA$2&$C14&$A14,集計!$D:$R,$B14,0)<>SUM(AA12:AA13),"NG",SUM(AA12:AA13)) -> #N/A | AB14: =SUM(AB12:AB13) -> #N/A | AC14: =SUM(AC12:AC13) -> #N/A | AD14: =IF(VLOOKUP(AD$2&$C14&$A14,集計!$D:$R,$B14,0)<>SUM(AD12:AD13),"NG",SUM(AD12:AD13)) -> #N/A | AE14: =IF(VLOOKUP(AE$2&$C14&$A14,集計!$D:$R,$B14,0)<>SUM(AE12:AE13),"NG",SUM(AE12:AE13)) -> #N/A | AF14: =IF(VLOOKUP(AF$2&$C14&$A14,集計!$D:$R,$B14,0)<>SUM(AF12:AF13),"NG",SUM(AF12:AF13)) -> #N/A | AG14: =IF(VLOOKUP(AG$2&$C14&$A14,集計!$D:$R,$B14,0)<>SUM(AG12:AG13),"NG",SUM(AG12:AG13)) -> #N/A | AH14: =SUM(AH12:AH13) -> #N/A | AI14: =IF(VLOOKUP(AI$2&$C14&$A14,集計!$D:$R,$B14,0)<>SUM(AI12:AI13),"NG",SUM(AI12:AI13)) -> #N/A | AJ14: =IF(VLOOKUP(AJ$2&$C14&$A14,集計!$D:$R,$B14,0)<>SUM(AJ12:AJ13),"NG",SUM(AJ12:AJ13)) -> #N/A | AK14: =IF(VLOOKUP(AK$2&$C14&$A14,集計!$D:$R,$B14,0)<>SUM(AK12:AK13),"NG",SUM(AK12:AK13)) -> #N/A | AL14: =SUM(AL12:AL13) -> #N/A | AM14: =IF(VLOOKUP(AM$2&$C14&$A14,集計!$D:$R,$B14,0)<>SUM(AM12:AM13),"NG",SUM(AM12:AM13)) -> #N/A | AN14: =IF(VLOOKUP(AN$2&$C14&$A14,集計!$D:$R,$B14,0)<>SUM(AN12:AN13),"NG",SUM(AN12:AN13)) -> #N/A | AO14: =SUM(AO12:AO13) -> #N/A | AP14: =IF(VLOOKUP(AP$2&$C14&$A14,集計!$D:$R,$B14,0)<>SUM(AP12:AP13),"NG",SUM(AP12:AP13)) -> #N/A | AQ14: =IF(VLOOKUP(AQ$2&$C14&$A14,集計!$D:$R,$B14,0)<>SUM(AQ12:AQ13),"NG",SUM(AQ12:AQ13)) -> #N/A | AR14: =IF(VLOOKUP(AR$2&$C14&$A14,集計!$D:$R,$B14,0)<>SUM(AR12:AR13),"NG",SUM(AR12:AR13)) -> #N/A | AS14: =SUM(AS12:AS13) -> #N/A | AT14: =SUM(AT12:AT13) -> #N/A | AU14: =IF(VLOOKUP(AU$2&$C14&$A14,集計!$D:$R,$B14,0)<>SUM(AU12:AU13),"NG",SUM(AU12:AU13)) -> #N/A | AV14: =IF(VLOOKUP(AV$2&$C14&$A14,集計!$D:$R,$B14,0)<>SUM(AV12:AV13),"NG",SUM(AV12:AV13)) -> #N/A | AW14: =IF(VLOOKUP(AW$2&$C14&$A14,集計!$D:$R,$B14,0)<>SUM(AW12:AW13),"NG",SUM(AW12:AW13)) -> #N/A | AX14: =IF(VLOOKUP(AX$2&$C14&$A14,集計!$D:$R,$B14,0)<>SUM(AX12:AX13),"NG",SUM(AX12:AX13)) -> #N/A | AY14: =IF(VLOOKUP(AY$2&$C14&$A14,集計!$D:$R,$B14,0)<>SUM(AY12:AY13),"NG",SUM(AY12:AY13)) -> #N/A | AZ14: =AZ12+AZ13 -> #N/A | BA14: =BA12+BA13 -> #N/A | BB14: =IF(VLOOKUP(BB$2&$C14&$A14,集計!$D:$R,$B14,0)<>SUM(BB12:BB13),"NG",SUM(BB12:BB13)) -> #N/A | BC14: =IF(VLOOKUP(BC$2&$C14&$A14,集計!$D:$R,$B14,0)<>SUM(BC12:BC13),"NG",SUM(BC12:BC13)) -> #N/A | BD14: =SUM(BD12:BD13) -> #N/A | BE14: =IF(VLOOKUP(BE$2&$C14&$A14,集計!$D:$R,$B14,0)<>SUM(BE12:BE13),"NG",SUM(BE12:BE13)) -> #N/A | BF14: =IF(VLOOKUP(BF$2&$C14&$A14,集計!$D:$R,$B14,0)<>SUM(BF12:BF13),"NG",SUM(BF12:BF13)) -> #N/A | BG14: =IF(VLOOKUP(BG$2&$C14&$A14,集計!$D:$R,$B14,0)<>SUM(BG12:BG13),"NG",SUM(BG12:BG13)) -> #N/A | BH14: =IF(VLOOKUP(BH$2&$C14&$A14,集計!$D:$R,$B14,0)<>SUM(BH12:BH13),"NG",SUM(BH12:BH13)) -> #N/A | BI14: =IF(VLOOKUP(BI$2&$C14&$A14,集計!$D:$R,$B14,0)<>SUM(BI12:BI13),"NG",SUM(BI12:BI13)) -> #N/A | BJ14: =BJ12+BJ13 -> #N/A | BK14: =IF(VLOOKUP(BK$2&$C14&$A14,集計!$D:$R,$B14,0)<>SUM(BK12:BK13),"NG",SUM(BK12:BK13)) -> #N/A | BL14: =IF(VLOOKUP(BL$2&$C14&$A14,集計!$D:$R,$B14,0)<>SUM(BL12:BL13),"NG",SUM(BL12:BL13)) -> #N/A | BM14: =IF(VLOOKUP(BM$2&$C14&$A14,集計!$D:$R,$B14,0)<>SUM(BM12:BM13),"NG",SUM(BM12:BM13)) -> #N/A | BN14: =IF(VLOOKUP(BN$2&$C14&$A14,集計!$D:$R,$B14,0)<>SUM(BN12:BN13),"NG",SUM(BN12:BN13)) -> #N/A | BO14: =IF(VLOOKUP(BO$2&$C14&$A14,集計!$D:$R,$B14,0)<>SUM(BO12:BO13),"NG",SUM(BO12:BO13)) -> #N/A | BP14: =IF(VLOOKUP(BP$2&$C14&$A14,集計!$D:$R,$B14,0)<>SUM(BP12:BP13),"NG",SUM(BP12:BP13)) -> #N/A | BQ14: =BQ12+BQ13 -> #N/A | BR14: =IF(VLOOKUP(BR$2&$C14&$A14,集計!$D:$R,$B14,0)<>SUM(BR12:BR13),"NG",SUM(BR12:BR13)) -> #N/A | BS14: =IF(VLOOKUP(BS$2&$C14&$A14,集計!$D:$R,$B14,0)<>SUM(BS12:BS13),"NG",SUM(BS12:BS13)) -> #N/A | BT14: =IF(VLOOKUP(BT$2&$C14&$A14,集計!$D:$R,$B14,0)<>SUM(BT12:BT13),"NG",SUM(BT12:BT13)) -> #N/A | BU14: =BU12+BU13 -> #N/A | BV14: =IF(VLOOKUP(BV$2&$C14&$A14,集計!$D:$R,$B14,0)<>SUM(BV12:BV13),"NG",SUM(BV12:BV13)) -> #N/A | BW14: =SUM(BW12:BW13) -> #N/A | BX14: =SUM(BX12:BX13) -> #N/A
A15: 人員 | B15: 5 | C15: 人員合計 | D15: =IF(VLOOKUP(D$2&$C15&$A15,集計!$D:$R,$B15,0)<>SUM(D11,D14),"NG",SUM(D11,D14)) -> #N/A | E15: =IF(VLOOKUP(E$2&$C15&$A15,集計!$D:$R,$B15,0)<>SUM(E11,E14),"NG",SUM(E11,E14)) -> #N/A | F15: =IF(VLOOKUP(F$2&$C15&$A15,集計!$D:$R,$B15,0)<>SUM(F11,F14),"NG",SUM(F11,F14)) -> #N/A | G15: =IF(VLOOKUP(G$2&$C15&$A15,集計!$D:$R,$B15,0)<>SUM(G11,G14),"NG",SUM(G11,G14)) -> #N/A | H15: =IF(VLOOKUP(H$2&$C15&$A15,集計!$D:$R,$B15,0)<>SUM(H11,H14),"NG",SUM(H11,H14)) -> #N/A | I15: =I11+I14 -> #N/A | J15: =IF(VLOOKUP(J$2&$C15&$A15,集計!$D:$R,$B15,0)<>SUM(J11,J14),"NG",SUM(J11,J14)) -> #N/A | K15: =IF(VLOOKUP(K$2&$C15&$A15,集計!$D:$R,$B15,0)<>SUM(K11,K14),"NG",SUM(K11,K14)) -> #N/A | L15: =IF(VLOOKUP(L$2&$C15&$A15,集計!$D:$R,$B15,0)<>SUM(L11,L14),"NG",SUM(L11,L14)) -> #N/A | M15: =IF(VLOOKUP(M$2&$C15&$A15,集計!$D:$R,$B15,0)<>SUM(M11,M14),"NG",SUM(M11,M14)) -> #N/A | N15: =N11+N14 -> #N/A | O15: =IF(VLOOKUP(O$2&$C15&$A15,集計!$D:$R,$B15,0)<>SUM(O11,O14),"NG",SUM(O11,O14)) -> #N/A | P15: =IF(VLOOKUP(P$2&$C15&$A15,集計!$D:$R,$B15,0)<>SUM(P11,P14),"NG",SUM(P11,P14)) -> #N/A | Q15: =IF(VLOOKUP(Q$2&$C15&$A15,集計!$D:$R,$B15,0)<>SUM(Q11,Q14),"NG",SUM(Q11,Q14)) -> #N/A | R15: =IF(VLOOKUP(R$2&$C15&$A15,集計!$D:$R,$B15,0)<>SUM(R11,R14),"NG",SUM(R11,R14)) -> #N/A | S15: =IF(VLOOKUP(S$2&$C15&$A15,集計!$D:$R,$B15,0)<>SUM(S11,S14),"NG",SUM(S11,S14)) -> #N/A | T15: =T11+T14 -> #N/A | U15: =IF(VLOOKUP(U$2&$C15&$A15,集計!$D:$R,$B15,0)<>SUM(U11,U14),"NG",SUM(U11,U14)) -> #N/A | V15: =IF(VLOOKUP(V$2&$C15&$A15,集計!$D:$R,$B15,0)<>SUM(V11,V14),"NG",SUM(V11,V14)) -> #N/A | W15: =IF(VLOOKUP(W$2&$C15&$A15,集計!$D:$R,$B15,0)<>SUM(W11,W14),"NG",SUM(W11,W14)) -> #N/A | X15: =X11+X14 -> #N/A | Y15: =IF(VLOOKUP(Y$2&$C15&$A15,集計!$D:$R,$B15,0)<>SUM(Y11,Y14),"NG",SUM(Y11,Y14)) -> #N/A | Z15: =IF(VLOOKUP(Z$2&$C15&$A15,集計!$D:$R,$B15,0)<>SUM(Z11,Z14),"NG",SUM(Z11,Z14)) -> #N/A | AA15: =IF(VLOOKUP(AA$2&$C15&$A15,集計!$D:$R,$B15,0)<>SUM(AA11,AA14),"NG",SUM(AA11,AA14)) -> #N/A | AB15: =AB11+AB14 -> #N/A | AC15: =AC11+AC14 -> #N/A | AD15: =IF(VLOOKUP(AD$2&$C15&$A15,集計!$D:$R,$B15,0)<>SUM(AD11,AD14),"NG",SUM(AD11,AD14)) -> #N/A | AE15: =IF(VLOOKUP(AE$2&$C15&$A15,集計!$D:$R,$B15,0)<>SUM(AE11,AE14),"NG",SUM(AE11,AE14)) -> #N/A | AF15: =IF(VLOOKUP(AF$2&$C15&$A15,集計!$D:$R,$B15,0)<>SUM(AF11,AF14),"NG",SUM(AF11,AF14)) -> #N/A | AG15: =IF(VLOOKUP(AG$2&$C15&$A15,集計!$D:$R,$B15,0)<>SUM(AG11,AG14),"NG",SUM(AG11,AG14)) -> #N/A | AH15: =AH11+AH14 -> #N/A | AI15: =IF(VLOOKUP(AI$2&$C15&$A15,集計!$D:$R,$B15,0)<>SUM(AI11,AI14),"NG",SUM(AI11,AI14)) -> #N/A | AJ15: =IF(VLOOKUP(AJ$2&$C15&$A15,集計!$D:$R,$B15,0)<>SUM(AJ11,AJ14),"NG",SUM(AJ11,AJ14)) -> #N/A | AK15: =IF(VLOOKUP(AK$2&$C15&$A15,集計!$D:$R,$B15,0)<>SUM(AK11,AK14),"NG",SUM(AK11,AK14)) -> #N/A | AL15: =AL11+AL14 -> #N/A | AM15: =IF(VLOOKUP(AM$2&$C15&$A15,集計!$D:$R,$B15,0)<>SUM(AM11,AM14),"NG",SUM(AM11,AM14)) -> #N/A | AN15: =IF(VLOOKUP(AN$2&$C15&$A15,集計!$D:$R,$B15,0)<>SUM(AN11,AN14),"NG",SUM(AN11,AN14)) -> #N/A | AO15: =AO11+AO14 -> #N/A | AP15: =IF(VLOOKUP(AP$2&$C15&$A15,集計!$D:$R,$B15,0)<>SUM(AP11,AP14),"NG",SUM(AP11,AP14)) -> #N/A | AQ15: =IF(VLOOKUP(AQ$2&$C15&$A15,集計!$D:$R,$B15,0)<>SUM(AQ11,AQ14),"NG",SUM(AQ11,AQ14)) -> #N/A | AR15: =IF(VLOOKUP(AR$2&$C15&$A15,集計!$D:$R,$B15,0)<>SUM(AR11,AR14),"NG",SUM(AR11,AR14)) -> #N/A | AS15: =AS11+AS14 -> #N/A | AT15: =AT11+AT14 -> #N/A | AU15: =IF(VLOOKUP(AU$2&$C15&$A15,集計!$D:$R,$B15,0)<>SUM(AU11,AU14),"NG",SUM(AU11,AU14)) -> #N/A | AV15: =IF(VLOOKUP(AV$2&$C15&$A15,集計!$D:$R,$B15,0)<>SUM(AV11,AV14),"NG",SUM(AV11,AV14)) -> #N/A | AW15: =IF(VLOOKUP(AW$2&$C15&$A15,集計!$D:$R,$B15,0)<>SUM(AW11,AW14),"NG",SUM(AW11,AW14)) -> #N/A | AX15: =IF(VLOOKUP(AX$2&$C15&$A15,集計!$D:$R,$B15,0)<>SUM(AX11,AX14),"NG",SUM(AX11,AX14)) -> #N/A | AY15: =IF(VLOOKUP(AY$2&$C15&$A15,集計!$D:$R,$B15,0)<>SUM(AY11,AY14),"NG",SUM(AY11,AY14)) -> #N/A | AZ15: =AZ11+AZ14 -> #N/A | BA15: =BA11+BA14 -> #N/A | BB15: =IF(VLOOKUP(BB$2&$C15&$A15,集計!$D:$R,$B15,0)<>SUM(BB11,BB14),"NG",SUM(BB11,BB14)) -> #N/A | BC15: =IF(VLOOKUP(BC$2&$C15&$A15,集計!$D:$R,$B15,0)<>SUM(BC11,BC14),"NG",SUM(BC11,BC14)) -> #N/A | BD15: =BD11+BD14 -> #N/A | BE15: =IF(VLOOKUP(BE$2&$C15&$A15,集計!$D:$R,$B15,0)<>SUM(BE11,BE14),"NG",SUM(BE11,BE14)) -> #N/A | BF15: =IF(VLOOKUP(BF$2&$C15&$A15,集計!$D:$R,$B15,0)<>SUM(BF11,BF14),"NG",SUM(BF11,BF14)) -> #N/A | BG15: =IF(VLOOKUP(BG$2&$C15&$A15,集計!$D:$R,$B15,0)<>SUM(BG11,BG14),"NG",SUM(BG11,BG14)) -> #N/A | BH15: =IF(VLOOKUP(BH$2&$C15&$A15,集計!$D:$R,$B15,0)<>SUM(BH11,BH14),"NG",SUM(BH11,BH14)) -> #N/A | BI15: =IF(VLOOKUP(BI$2&$C15&$A15,集計!$D:$R,$B15,0)<>SUM(BI11,BI14),"NG",SUM(BI11,BI14)) -> #N/A | BJ15: =BJ11+BJ14 -> #N/A | BK15: =IF(VLOOKUP(BK$2&$C15&$A15,集計!$D:$R,$B15,0)<>SUM(BK11,BK14),"NG",SUM(BK11,BK14)) -> #N/A | BL15: =IF(VLOOKUP(BL$2&$C15&$A15,集計!$D:$R,$B15,0)<>SUM(BL11,BL14),"NG",SUM(BL11,BL14)) -> #N/A | BM15: =IF(VLOOKUP(BM$2&$C15&$A15,集計!$D:$R,$B15,0)<>SUM(BM11,BM14),"NG",SUM(BM11,BM14)) -> #N/A | BN15: =IF(VLOOKUP(BN$2&$C15&$A15,集計!$D:$R,$B15,0)<>SUM(BN11,BN14),"NG",SUM(BN11,BN14)) -> #N/A | BO15: =IF(VLOOKUP(BO$2&$C15&$A15,集計!$D:$R,$B15,0)<>SUM(BO11,BO14),"NG",SUM(BO11,BO14)) -> #N/A | BP15: =IF(VLOOKUP(BP$2&$C15&$A15,集計!$D:$R,$B15,0)<>SUM(BP11,BP14),"NG",SUM(BP11,BP14)) -> #N/A | BQ15: =BQ11+BQ14 -> #N/A | BR15: =IF(VLOOKUP(BR$2&$C15&$A15,集計!$D:$R,$B15,0)<>SUM(BR11,BR14),"NG",SUM(BR11,BR14)) -> #N/A | BS15: =IF(VLOOKUP(BS$2&$C15&$A15,集計!$D:$R,$B15,0)<>SUM(BS11,BS14),"NG",SUM(BS11,BS14)) -> #N/A | BT15: =IF(VLOOKUP(BT$2&$C15&$A15,集計!$D:$R,$B15,0)<>SUM(BT11,BT14),"NG",SUM(BT11,BT14)) -> #N/A | BU15: =BU11+BU14 -> #N/A | BV15: =IF(VLOOKUP(BV$2&$C15&$A15,集計!$D:$R,$B15,0)<>SUM(BV11,BV14),"NG",SUM(BV11,BV14)) -> #N/A | BW15: =BW11+BW14 -> #N/A | BX15: =BX11+BX14 -> #N/A
B17: 6 | C17: 人員
A18: 人員 | B18: 6 | C18: 出向社員 | D18: =VLOOKUP(D$2&$C18&$A18,集計!$D:$R,$B18,0) -> #N/A | E18: =VLOOKUP(E$2&$C18&$A18,集計!$D:$R,$B18,0) -> #N/A | F18: =VLOOKUP(F$2&$C18&$A18,集計!$D:$R,$B18,0) -> #N/A | G18: =VLOOKUP(G$2&$C18&$A18,集計!$D:$R,$B18,0) -> #N/A | H18: =VLOOKUP(H$2&$C18&$A18,集計!$D:$R,$B18,0) -> #N/A | I18: =D18+E18+F18+G18+H18 -> #N/A | J18: =VLOOKUP(J$2&$C18&$A18,集計!$D:$R,$B18,0) -> #N/A | K18: =VLOOKUP(K$2&$C18&$A18,集計!$D:$R,$B18,0) -> #N/A | L18: =VLOOKUP(L$2&$C18&$A18,集計!$D:$R,$B18,0) -> #N/A | M18: =VLOOKUP(M$2&$C18&$A18,集計!$D:$R,$B18,0) -> #N/A | N18: =J18+K18+L18+M18 -> #N/A | O18: =VLOOKUP(O$2&$C18&$A18,集計!$D:$R,$B18,0) -> #N/A | P18: =VLOOKUP(P$2&$C18&$A18,集計!$D:$R,$B18,0) -> #N/A | Q18: =VLOOKUP(Q$2&$C18&$A18,集計!$D:$R,$B18,0) -> #N/A | R18: =VLOOKUP(R$2&$C18&$A18,集計!$D:$R,$B18,0) -> #N/A | S18: =VLOOKUP(S$2&$C18&$A18,集計!$D:$R,$B18,0) -> #N/A | T18: =O18+P18+Q18+R18+S18 -> #N/A | U18: =VLOOKUP(U$2&$C18&$A18,集計!$D:$R,$B18,0) -> #N/A | V18: =VLOOKUP(V$2&$C18&$A18,集計!$D:$R,$B18,0) -> #N/A | W18: =VLOOKUP(W$2&$C18&$A18,集計!$D:$R,$B18,0) -> #N/A | X18: =U18+V18+W18 -> #N/A | Y18: =VLOOKUP(Y$2&$C18&$A18,集計!$D:$R,$B18,0) -> #N/A | Z18: =VLOOKUP(Z$2&$C18&$A18,集計!$D:$R,$B18,0) -> #N/A | AA18: =VLOOKUP(AA$2&$C18&$A18,集計!$D:$R,$B18,0) -> #N/A | AB18: =Y18+Z18+AA18 -> #N/A | AC18: =I18+N18+T18+X18+AB18 -> #N/A | AD18: =VLOOKUP(AD$2&$C18&$A18,集計!$D:$R,$B18,0) -> #N/A | AE18: =VLOOKUP(AE$2&$C18&$A18,集計!$D:$R,$B18,0) -> #N/A | AF18: =VLOOKUP(AF$2&$C18&$A18,集計!$D:$R,$B18,0) -> #N/A | AG18: =VLOOKUP(AG$2&$C18&$A18,集計!$D:$R,$B18,0) -> #N/A | AH18: =AD18+AE18+AF18+AG18 -> #N/A | AI18: =VLOOKUP(AI$2&$C18&$A18,集計!$D:$R,$B18,0) -> #N/A | AJ18: =VLOOKUP(AJ$2&$C18&$A18,集計!$D:$R,$B18,0) -> #N/A | AK18: =VLOOKUP(AK$2&$C18&$A18,集計!$D:$R,$B18,0) -> #N/A | AL18: =AI18+AJ18+AK18 -> #N/A | AM18: =VLOOKUP(AM$2&$C18&$A18,集計!$D:$R,$B18,0) -> #N/A | AN18: =VLOOKUP(AN$2&$C18&$A18,集計!$D:$R,$B18,0) -> #N/A | AO18: =AM18+AN18 -> #N/A | AP18: =VLOOKUP(AP$2&$C18&$A18,集計!$D:$R,$B18,0) -> #N/A | AQ18: =VLOOKUP(AQ$2&$C18&$A18,集計!$D:$R,$B18,0) -> #N/A | AR18: =VLOOKUP(AR$2&$C18&$A18,集計!$D:$R,$B18,0) -> #N/A | AS18: =AP18+AQ18+AR18 -> #N/A | AT18: =AH18+AL18+AO18+AS18 -> #N/A | AU18: =VLOOKUP(AU$2&$C18&$A18,集計!$D:$R,$B18,0) -> #N/A | AV18: =VLOOKUP(AV$2&$C18&$A18,集計!$D:$R,$B18,0) -> #N/A | AW18: =VLOOKUP(AW$2&$C18&$A18,集計!$D:$R,$B18,0) -> #N/A | AX18: =VLOOKUP(AX$2&$C18&$A18,集計!$D:$R,$B18,0) -> #N/A | AY18: =VLOOKUP(AY$2&$C18&$A18,集計!$D:$R,$B18,0) -> #N/A | AZ18: =AU18+AV18+AW18+AX18+AY18 -> #N/A | BA18: =AZ18 -> #N/A | BB18: =VLOOKUP(BB$2&$C18&$A18,集計!$D:$R,$B18,0) -> #N/A | BC18: =VLOOKUP(BC$2&$C18&$A18,集計!$D:$R,$B18,0) -> #N/A | BD18: =BB18+BC18 -> #N/A | BE18: =VLOOKUP(BE$2&$C18&$A18,集計!$D:$R,$B18,0) -> #N/A | BF18: =VLOOKUP(BF$2&$C18&$A18,集計!$D:$R,$B18,0) -> #N/A | BG18: =VLOOKUP(BG$2&$C18&$A18,集計!$D:$R,$B18,0) -> #N/A | BH18: =VLOOKUP(BH$2&$C18&$A18,集計!$D:$R,$B18,0) -> #N/A | BI18: =VLOOKUP(BI$2&$C18&$A18,集計!$D:$R,$B18,0) -> #N/A | BJ18: =BE18+BF18+BG18+BH18+BI18 -> #N/A | BK18: =VLOOKUP(BK$2&$C18&$A18,集計!$D:$R,$B18,0) -> #N/A | BL18: =VLOOKUP(BL$2&$C18&$A18,集計!$D:$R,$B18,0) -> #N/A | BM18: =VLOOKUP(BM$2&$C18&$A18,集計!$D:$R,$B18,0) -> #N/A | BN18: =VLOOKUP(BN$2&$C18&$A18,集計!$D:$R,$B18,0) -> #N/A | BO18: =VLOOKUP(BO$2&$C18&$A18,集計!$D:$R,$B18,0) -> #N/A | BP18: =VLOOKUP(BP$2&$C18&$A18,集計!$D:$R,$B18,0) -> #N/A | BQ18: =BK18+BL18+BM18+BN18+BO18+BP18 -> #N/A | BR18: =VLOOKUP(BR$2&$C18&$A18,集計!$D:$R,$B18,0) -> #N/A | BS18: =VLOOKUP(BS$2&$C18&$A18,集計!$D:$R,$B18,0) -> #N/A | BT18: =VLOOKUP(BT$2&$C18&$A18,集計!$D:$R,$B18,0) -> #N/A | BU18: =BR18+BS18+BT18 -> #N/A | BV18: =VLOOKUP(BV$2&$C18&$A18,集計!$D:$R,$B18,0) -> #N/A | BW18: =BV18 -> #N/A | BX18: =AC18+AT18+BA18+BD18+BJ18+BQ18+BU18+BW18 -> #N/A
A19: 人員 | B19: 6 | C19: G5以上 | D19: =VLOOKUP(D$2&$C19&$A19,集計!$D:$R,$B19,0) -> #N/A | E19: =VLOOKUP(E$2&$C19&$A19,集計!$D:$R,$B19,0) -> #N/A | F19: =VLOOKUP(F$2&$C19&$A19,集計!$D:$R,$B19,0) -> #N/A | G19: =VLOOKUP(G$2&$C19&$A19,集計!$D:$R,$B19,0) -> #N/A | H19: =VLOOKUP(H$2&$C19&$A19,集計!$D:$R,$B19,0) -> #N/A | I19: =D19+E19+F19+G19+H19 -> #N/A | J19: =VLOOKUP(J$2&$C19&$A19,集計!$D:$R,$B19,0) -> #N/A | K19: =VLOOKUP(K$2&$C19&$A19,集計!$D:$R,$B19,0) -> #N/A | L19: =VLOOKUP(L$2&$C19&$A19,集計!$D:$R,$B19,0) -> #N/A | M19: =VLOOKUP(M$2&$C19&$A19,集計!$D:$R,$B19,0) -> #N/A | N19: =J19+K19+L19+M19 -> #N/A | O19: =VLOOKUP(O$2&$C19&$A19,集計!$D:$R,$B19,0) -> #N/A | P19: =VLOOKUP(P$2&$C19&$A19,集計!$D:$R,$B19,0) -> #N/A | Q19: =VLOOKUP(Q$2&$C19&$A19,集計!$D:$R,$B19,0) -> #N/A | R19: =VLOOKUP(R$2&$C19&$A19,集計!$D:$R,$B19,0) -> #N/A | S19: =VLOOKUP(S$2&$C19&$A19,集計!$D:$R,$B19,0) -> #N/A | T19: =O19+P19+Q19+R19+S19 -> #N/A | U19: =VLOOKUP(U$2&$C19&$A19,集計!$D:$R,$B19,0) -> #N/A | V19: =VLOOKUP(V$2&$C19&$A19,集計!$D:$R,$B19,0) -> #N/A | W19: =VLOOKUP(W$2&$C19&$A19,集計!$D:$R,$B19,0) -> #N/A | X19: =U19+V19+W19 -> #N/A | Y19: =VLOOKUP(Y$2&$C19&$A19,集計!$D:$R,$B19,0) -> #N/A | Z19: =VLOOKUP(Z$2&$C19&$A19,集計!$D:$R,$B19,0) -> #N/A | AA19: =VLOOKUP(AA$2&$C19&$A19,集計!$D:$R,$B19,0) -> #N/A | AB19: =Y19+Z19+AA19 -> #N/A | AC19: =I19+N19+T19+X19+AB19 -> #N/A | AD19: =VLOOKUP(AD$2&$C19&$A19,集計!$D:$R,$B19,0) -> #N/A | AE19: =VLOOKUP(AE$2&$C19&$A19,集計!$D:$R,$B19,0) -> #N/A | AF19: =VLOOKUP(AF$2&$C19&$A19,集計!$D:$R,$B19,0) -> #N/A | AG19: =VLOOKUP(AG$2&$C19&$A19,集計!$D:$R,$B19,0) -> #N/A | AH19: =AD19+AE19+AF19+AG19 -> #N/A | AI19: =VLOOKUP(AI$2&$C19&$A19,集計!$D:$R,$B19,0) -> #N/A | AJ19: =VLOOKUP(AJ$2&$C19&$A19,集計!$D:$R,$B19,0) -> #N/A | AK19: =VLOOKUP(AK$2&$C19&$A19,集計!$D:$R,$B19,0) -> #N/A | AL19: =AI19+AJ19+AK19 -> #N/A | AM19: =VLOOKUP(AM$2&$C19&$A19,集計!$D:$R,$B19,0) -> #N/A | AN19: =VLOOKUP(AN$2&$C19&$A19,集計!$D:$R,$B19,0) -> #N/A | AO19: =AM19+AN19 -> #N/A | AP19: =VLOOKUP(AP$2&$C19&$A19,集計!$D:$R,$B19,0) -> #N/A | AQ19: =VLOOKUP(AQ$2&$C19&$A19,集計!$D:$R,$B19,0) -> #N/A | AR19: =VLOOKUP(AR$2&$C19&$A19,集計!$D:$R,$B19,0) -> #N/A | AS19: =AP19+AQ19+AR19 -> #N/A | AT19: =AH19+AL19+AO19+AS19 -> #N/A | AU19: =VLOOKUP(AU$2&$C19&$A19,集計!$D:$R,$B19,0) -> #N/A | AV19: =VLOOKUP(AV$2&$C19&$A19,集計!$D:$R,$B19,0) -> #N/A | AW19: =VLOOKUP(AW$2&$C19&$A19,集計!$D:$R,$B19,0) -> #N/A | AX19: =VLOOKUP(AX$2&$C19&$A19,集計!$D:$R,$B19,0) -> #N/A | AY19: =VLOOKUP(AY$2&$C19&$A19,集計!$D:$R,$B19,0) -> #N/A | AZ19: =AU19+AV19+AW19+AX19+AY19 -> #N/A | BA19: =AZ19 -> #N/A | BB19: =VLOOKUP(BB$2&$C19&$A19,集計!$D:$R,$B19,0) -> #N/A | BC19: =VLOOKUP(BC$2&$C19&$A19,集計!$D:$R,$B19,0) -> #N/A | BD19: =BB19+BC19 -> #N/A | BE19: =VLOOKUP(BE$2&$C19&$A19,集計!$D:$R,$B19,0) -> #N/A | BF19: =VLOOKUP(BF$2&$C19&$A19,集計!$D:$R,$B19,0) -> #N/A | BG19: =VLOOKUP(BG$2&$C19&$A19,集計!$D:$R,$B19,0) -> #N/A | BH19: =VLOOKUP(BH$2&$C19&$A19,集計!$D:$R,$B19,0) -> #N/A | BI19: =VLOOKUP(BI$2&$C19&$A19,集計!$D:$R,$B19,0) -> #N/A | BJ19: =BE19+BF19+BG19+BH19+BI19 -> #N/A | BK19: =VLOOKUP(BK$2&$C19&$A19,集計!$D:$R,$B19,0) -> #N/A | BL19: =VLOOKUP(BL$2&$C19&$A19,集計!$D:$R,$B19,0) -> #N/A | BM19: =VLOOKUP(BM$2&$C19&$A19,集計!$D:$R,$B19,0) -> #N/A | BN19: =VLOOKUP(BN$2&$C19&$A19,集計!$D:$R,$B19,0) -> #N/A | BO19: =VLOOKUP(BO$2&$C19&$A19,集計!$D:$R,$B19,0) -> #N/A | BP19: =VLOOKUP(BP$2&$C19&$A19,集計!$D:$R,$B19,0) -> #N/A | BQ19: =BK19+BL19+BM19+BN19+BO19+BP19 -> #N/A | BR19: =VLOOKUP(BR$2&$C19&$A19,集計!$D:$R,$B19,0) -> #N/A | BS19: =VLOOKUP(BS$2&$C19&$A19,集計!$D:$R,$B19,0) -> #N/A | BT19: =VLOOKUP(BT$2&$C19&$A19,集計!$D:$R,$B19,0) -> #N/A | BU19: =BR19+BS19+BT19 -> #N/A | BV19: =VLOOKUP(BV$2&$C19&$A19,集計!$D:$R,$B19,0) -> #N/A | BW19: =BV19 -> #N/A | BX19: =AC19+AT19+BA19+BD19+BJ19+BQ19+BU19+BW19 -> #N/A
A20: 人員 | B20: 6 | C20: G7, G6 | D20: =VLOOKUP(D$2&$C20&$A20,集計!$D:$R,$B20,0) -> #N/A | E20: =VLOOKUP(E$2&$C20&$A20,集計!$D:$R,$B20,0) -> #N/A | F20: =VLOOKUP(F$2&$C20&$A20,集計!$D:$R,$B20,0) -> #N/A | G20: =VLOOKUP(G$2&$C20&$A20,集計!$D:$R,$B20,0) -> #N/A | H20: =VLOOKUP(H$2&$C20&$A20,集計!$D:$R,$B20,0) -> #N/A | I20: =D20+E20+F20+G20+H20 -> #N/A | J20: =VLOOKUP(J$2&$C20&$A20,集計!$D:$R,$B20,0) -> #N/A | K20: =VLOOKUP(K$2&$C20&$A20,集計!$D:$R,$B20,0) -> #N/A | L20: =VLOOKUP(L$2&$C20&$A20,集計!$D:$R,$B20,0) -> #N/A | M20: =VLOOKUP(M$2&$C20&$A20,集計!$D:$R,$B20,0) -> #N/A | N20: =J20+K20+L20+M20 -> #N/A | O20: =VLOOKUP(O$2&$C20&$A20,集計!$D:$R,$B20,0) -> #N/A | P20: =VLOOKUP(P$2&$C20&$A20,集計!$D:$R,$B20,0) -> #N/A | Q20: =VLOOKUP(Q$2&$C20&$A20,集計!$D:$R,$B20,0) -> #N/A | R20: =VLOOKUP(R$2&$C20&$A20,集計!$D:$R,$B20,0) -> #N/A | S20: =VLOOKUP(S$2&$C20&$A20,集計!$D:$R,$B20,0) -> #N/A | T20: =O20+P20+Q20+R20+S20 -> #N/A | U20: =VLOOKUP(U$2&$C20&$A20,集計!$D:$R,$B20,0) -> #N/A | V20: =VLOOKUP(V$2&$C20&$A20,集計!$D:$R,$B20,0) -> #N/A | W20: =VLOOKUP(W$2&$C20&$A20,集計!$D:$R,$B20,0) -> #N/A | X20: =U20+V20+W20 -> #N/A | Y20: =VLOOKUP(Y$2&$C20&$A20,集計!$D:$R,$B20,0) -> #N/A | Z20: =VLOOKUP(Z$2&$C20&$A20,集計!$D:$R,$B20,0) -> #N/A | AA20: =VLOOKUP(AA$2&$C20&$A20,集計!$D:$R,$B20,0) -> #N/A | AB20: =Y20+Z20+AA20 -> #N/A | AC20: =I20+N20+T20+X20+AB20 -> #N/A | AD20: =VLOOKUP(AD$2&$C20&$A20,集計!$D:$R,$B20,0) -> #N/A | AE20: =VLOOKUP(AE$2&$C20&$A20,集計!$D:$R,$B20,0) -> #N/A | AF20: =VLOOKUP(AF$2&$C20&$A20,集計!$D:$R,$B20,0) -> #N/A | AG20: =VLOOKUP(AG$2&$C20&$A20,集計!$D:$R,$B20,0) -> #N/A | AH20: =AD20+AE20+AF20+AG20 -> #N/A | AI20: =VLOOKUP(AI$2&$C20&$A20,集計!$D:$R,$B20,0) -> #N/A | AJ20: =VLOOKUP(AJ$2&$C20&$A20,集計!$D:$R,$B20,0) -> #N/A | AK20: =VLOOKUP(AK$2&$C20&$A20,集計!$D:$R,$B20,0) -> #N/A | AL20: =AI20+AJ20+AK20 -> #N/A | AM20: =VLOOKUP(AM$2&$C20&$A20,集計!$D:$R,$B20,0) -> #N/A | AN20: =VLOOKUP(AN$2&$C20&$A20,集計!$D:$R,$B20,0) -> #N/A | AO20: =AM20+AN20 -> #N/A | AP20: =VLOOKUP(AP$2&$C20&$A20,集計!$D:$R,$B20,0) -> #N/A | AQ20: =VLOOKUP(AQ$2&$C20&$A20,集計!$D:$R,$B20,0) -> #N/A | AR20: =VLOOKUP(AR$2&$C20&$A20,集計!$D:$R,$B20,0) -> #N/A | AS20: =AP20+AQ20+AR20 -> #N/A | AT20: =AH20+AL20+AO20+AS20 -> #N/A | AU20: =VLOOKUP(AU$2&$C20&$A20,集計!$D:$R,$B20,0) -> #N/A | AV20: =VLOOKUP(AV$2&$C20&$A20,集計!$D:$R,$B20,0) -> #N/A | AW20: =VLOOKUP(AW$2&$C20&$A20,集計!$D:$R,$B20,0) -> #N/A | AX20: =VLOOKUP(AX$2&$C20&$A20,集計!$D:$R,$B20,0) -> #N/A | AY20: =VLOOKUP(AY$2&$C20&$A20,集計!$D:$R,$B20,0) -> #N/A | AZ20: =AU20+AV20+AW20+AX20+AY20 -> #N/A | BA20: =AZ20 -> #N/A | BB20: =VLOOKUP(BB$2&$C20&$A20,集計!$D:$R,$B20,0) -> #N/A | BC20: =VLOOKUP(BC$2&$C20&$A20,集計!$D:$R,$B20,0) -> #N/A | BD20: =BB20+BC20 -> #N/A | BE20: =VLOOKUP(BE$2&$C20&$A20,集計!$D:$R,$B20,0) -> #N/A | BF20: =VLOOKUP(BF$2&$C20&$A20,集計!$D:$R,$B20,0) -> #N/A | BG20: =VLOOKUP(BG$2&$C20&$A20,集計!$D:$R,$B20,0) -> #N/A | BH20: =VLOOKUP(BH$2&$C20&$A20,集計!$D:$R,$B20,0) -> #N/A | BI20: =VLOOKUP(BI$2&$C20&$A20,集計!$D:$R,$B20,0) -> #N/A | BJ20: =BE20+BF20+BG20+BH20+BI20 -> #N/A | BK20: =VLOOKUP(BK$2&$C20&$A20,集計!$D:$R,$B20,0) -> #N/A | BL20: =VLOOKUP(BL$2&$C20&$A20,集計!$D:$R,$B20,0) -> #N/A | BM20: =VLOOKUP(BM$2&$C20&$A20,集計!$D:$R,$B20,0) -> #N/A | BN20: =VLOOKUP(BN$2&$C20&$A20,集計!$D:$R,$B20,0) -> #N/A | BO20: =VLOOKUP(BO$2&$C20&$A20,集計!$D:$R,$B20,0) -> #N/A | BP20: =VLOOKUP(BP$2&$C20&$A20,集計!$D:$R,$B20,0) -> #N/A | BQ20: =BK20+BL20+BM20+BN20+BO20+BP20 -> #N/A | BR20: =VLOOKUP(BR$2&$C20&$A20,集計!$D:$R,$B20,0) -> #N/A | BS20: =VLOOKUP(BS$2&$C20&$A20,集計!$D:$R,$B20,0) -> #N/A | BT20: =VLOOKUP(BT$2&$C20&$A20,集計!$D:$R,$B20,0) -> #N/A | BU20: =BR20+BS20+BT20 -> #N/A | BV20: =VLOOKUP(BV$2&$C20&$A20,集計!$D:$R,$B20,0) -> #N/A | BW20: =BV20 -> #N/A | BX20: =AC20+AT20+BA20+BD20+BJ20+BQ20+BU20+BW20 -> #N/A
A21: 人員 | B21: 6 | C21: ローカル社員 | D21: =IF(VLOOKUP(D$2&$C21&$A21,集計!$D:$R,$B21,0)<>SUM(D19:D20),"NG",SUM(D19:D20)) -> #N/A | E21: =IF(VLOOKUP(E$2&$C21&$A21,集計!$D:$R,$B21,0)<>SUM(E19:E20),"NG",SUM(E19:E20)) -> #N/A | F21: =IF(VLOOKUP(F$2&$C21&$A21,集計!$D:$R,$B21,0)<>SUM(F19:F20),"NG",SUM(F19:F20)) -> #N/A | G21: =IF(VLOOKUP(G$2&$C21&$A21,集計!$D:$R,$B21,0)<>SUM(G19:G20),"NG",SUM(G19:G20)) -> #N/A | H21: =IF(VLOOKUP(H$2&$C21&$A21,集計!$D:$R,$B21,0)<>SUM(H19:H20),"NG",SUM(H19:H20)) -> #N/A | I21: =I19+I20 -> #N/A | J21: =IF(VLOOKUP(J$2&$C21&$A21,集計!$D:$R,$B21,0)<>SUM(J19:J20),"NG",SUM(J19:J20)) -> #N/A | K21: =IF(VLOOKUP(K$2&$C21&$A21,集計!$D:$R,$B21,0)<>SUM(K19:K20),"NG",SUM(K19:K20)) -> #N/A | L21: =IF(VLOOKUP(L$2&$C21&$A21,集計!$D:$R,$B21,0)<>SUM(L19:L20),"NG",SUM(L19:L20)) -> #N/A | M21: =IF(VLOOKUP(M$2&$C21&$A21,集計!$D:$R,$B21,0)<>SUM(M19:M20),"NG",SUM(M19:M20)) -> #N/A | N21: =N19+N20 -> #N/A | O21: =IF(VLOOKUP(O$2&$C21&$A21,集計!$D:$R,$B21,0)<>SUM(O19:O20),"NG",SUM(O19:O20)) -> #N/A | P21: =IF(VLOOKUP(P$2&$C21&$A21,集計!$D:$R,$B21,0)<>SUM(P19:P20),"NG",SUM(P19:P20)) -> #N/A | Q21: =IF(VLOOKUP(Q$2&$C21&$A21,集計!$D:$R,$B21,0)<>SUM(Q19:Q20),"NG",SUM(Q19:Q20)) -> #N/A | R21: =IF(VLOOKUP(R$2&$C21&$A21,集計!$D:$R,$B21,0)<>SUM(R19:R20),"NG",SUM(R19:R20)) -> #N/A | S21: =IF(VLOOKUP(S$2&$C21&$A21,集計!$D:$R,$B21,0)<>SUM(S19:S20),"NG",SUM(S19:S20)) -> #N/A | T21: =T19+T20 -> #N/A | U21: =IF(VLOOKUP(U$2&$C21&$A21,集計!$D:$R,$B21,0)<>SUM(U19:U20),"NG",SUM(U19:U20)) -> #N/A | V21: =IF(VLOOKUP(V$2&$C21&$A21,集計!$D:$R,$B21,0)<>SUM(V19:V20),"NG",SUM(V19:V20)) -> #N/A | W21: =IF(VLOOKUP(W$2&$C21&$A21,集計!$D:$R,$B21,0)<>SUM(W19:W20),"NG",SUM(W19:W20)) -> #N/A | X21: =SUM(X19:X20) -> #N/A | Y21: =IF(VLOOKUP(Y$2&$C21&$A21,集計!$D:$R,$B21,0)<>SUM(Y19:Y20),"NG",SUM(Y19:Y20)) -> #N/A | Z21: =IF(VLOOKUP(Z$2&$C21&$A21,集計!$D:$R,$B21,0)<>SUM(Z19:Z20),"NG",SUM(Z19:Z20)) -> #N/A | AA21: =IF(VLOOKUP(AA$2&$C21&$A21,集計!$D:$R,$B21,0)<>SUM(AA19:AA20),"NG",SUM(AA19:AA20)) -> #N/A | AB21: =SUM(AB19:AB20) -> #N/A | AC21: =SUM(AC19:AC20) -> #N/A | AD21: =IF(VLOOKUP(AD$2&$C21&$A21,集計!$D:$R,$B21,0)<>SUM(AD19:AD20),"NG",SUM(AD19:AD20)) -> #N/A | AE21: =IF(VLOOKUP(AE$2&$C21&$A21,集計!$D:$R,$B21,0)<>SUM(AE19:AE20),"NG",SUM(AE19:AE20)) -> #N/A | AF21: =IF(VLOOKUP(AF$2&$C21&$A21,集計!$D:$R,$B21,0)<>SUM(AF19:AF20),"NG",SUM(AF19:AF20)) -> #N/A | AG21: =IF(VLOOKUP(AG$2&$C21&$A21,集計!$D:$R,$B21,0)<>SUM(AG19:AG20),"NG",SUM(AG19:AG20)) -> #N/A | AH21: =SUM(AH19:AH20) -> #N/A | AI21: =IF(VLOOKUP(AI$2&$C21&$A21,集計!$D:$R,$B21,0)<>SUM(AI19:AI20),"NG",SUM(AI19:AI20)) -> #N/A | AJ21: =IF(VLOOKUP(AJ$2&$C21&$A21,集計!$D:$R,$B21,0)<>SUM(AJ19:AJ20),"NG",SUM(AJ19:AJ20)) -> #N/A | AK21: =IF(VLOOKUP(AK$2&$C21&$A21,集計!$D:$R,$B21,0)<>SUM(AK19:AK20),"NG",SUM(AK19:AK20)) -> #N/A | AL21: =SUM(AL19:AL20) -> #N/A | AM21: =IF(VLOOKUP(AM$2&$C21&$A21,集計!$D:$R,$B21,0)<>SUM(AM19:AM20),"NG",SUM(AM19:AM20)) -> #N/A | AN21: =IF(VLOOKUP(AN$2&$C21&$A21,集計!$D:$R,$B21,0)<>SUM(AN19:AN20),"NG",SUM(AN19:AN20)) -> #N/A | AO21: =SUM(AO19:AO20) -> #N/A | AP21: =IF(VLOOKUP(AP$2&$C21&$A21,集計!$D:$R,$B21,0)<>SUM(AP19:AP20),"NG",SUM(AP19:AP20)) -> #N/A | AQ21: =IF(VLOOKUP(AQ$2&$C21&$A21,集計!$D:$R,$B21,0)<>SUM(AQ19:AQ20),"NG",SUM(AQ19:AQ20)) -> #N/A | AR21: =IF(VLOOKUP(AR$2&$C21&$A21,集計!$D:$R,$B21,0)<>SUM(AR19:AR20),"NG",SUM(AR19:AR20)) -> #N/A | AS21: =SUM(AS19:AS20) -> #N/A | AT21: =SUM(AT19:AT20) -> #N/A | AU21: =IF(VLOOKUP(AU$2&$C21&$A21,集計!$D:$R,$B21,0)<>SUM(AU19:AU20),"NG",SUM(AU19:AU20)) -> #N/A | AV21: =IF(VLOOKUP(AV$2&$C21&$A21,集計!$D:$R,$B21,0)<>SUM(AV19:AV20),"NG",SUM(AV19:AV20)) -> #N/A | AW21: =IF(VLOOKUP(AW$2&$C21&$A21,集計!$D:$R,$B21,0)<>SUM(AW19:AW20),"NG",SUM(AW19:AW20)) -> #N/A | AX21: =IF(VLOOKUP(AX$2&$C21&$A21,集計!$D:$R,$B21,0)<>SUM(AX19:AX20),"NG",SUM(AX19:AX20)) -> #N/A | AY21: =IF(VLOOKUP(AY$2&$C21&$A21,集計!$D:$R,$B21,0)<>SUM(AY19:AY20),"NG",SUM(AY19:AY20)) -> #N/A | AZ21: =AZ19+AZ20 -> #N/A | BA21: =BA19+BA20 -> #N/A | BB21: =IF(VLOOKUP(BB$2&$C21&$A21,集計!$D:$R,$B21,0)<>SUM(BB19:BB20),"NG",SUM(BB19:BB20)) -> #N/A | BC21: =IF(VLOOKUP(BC$2&$C21&$A21,集計!$D:$R,$B21,0)<>SUM(BC19:BC20),"NG",SUM(BC19:BC20)) -> #N/A | BD21: =SUM(BD19:BD20) -> #N/A | BE21: =IF(VLOOKUP(BE$2&$C21&$A21,集計!$D:$R,$B21,0)<>SUM(BE19:BE20),"NG",SUM(BE19:BE20)) -> #N/A | BF21: =IF(VLOOKUP(BF$2&$C21&$A21,集計!$D:$R,$B21,0)<>SUM(BF19:BF20),"NG",SUM(BF19:BF20)) -> #N/A | BG21: =IF(VLOOKUP(BG$2&$C21&$A21,集計!$D:$R,$B21,0)<>SUM(BG19:BG20),"NG",SUM(BG19:BG20)) -> #N/A | BH21: =IF(VLOOKUP(BH$2&$C21&$A21,集計!$D:$R,$B21,0)<>SUM(BH19:BH20),"NG",SUM(BH19:BH20)) -> #N/A | BI21: =IF(VLOOKUP(BI$2&$C21&$A21,集計!$D:$R,$B21,0)<>SUM(BI19:BI20),"NG",SUM(BI19:BI20)) -> #N/A | BJ21: =BJ19+BJ20 -> #N/A | BK21: =IF(VLOOKUP(BK$2&$C21&$A21,集計!$D:$R,$B21,0)<>SUM(BK19:BK20),"NG",SUM(BK19:BK20)) -> #N/A | BL21: =IF(VLOOKUP(BL$2&$C21&$A21,集計!$D:$R,$B21,0)<>SUM(BL19:BL20),"NG",SUM(BL19:BL20)) -> #N/A | BM21: =IF(VLOOKUP(BM$2&$C21&$A21,集計!$D:$R,$B21,0)<>SUM(BM19:BM20),"NG",SUM(BM19:BM20)) -> #N/A | BN21: =IF(VLOOKUP(BN$2&$C21&$A21,集計!$D:$R,$B21,0)<>SUM(BN19:BN20),"NG",SUM(BN19:BN20)) -> #N/A | BO21: =IF(VLOOKUP(BO$2&$C21&$A21,集計!$D:$R,$B21,0)<>SUM(BO19:BO20),"NG",SUM(BO19:BO20)) -> #N/A | BP21: =IF(VLOOKUP(BP$2&$C21&$A21,集計!$D:$R,$B21,0)<>SUM(BP19:BP20),"NG",SUM(BP19:BP20)) -> #N/A | BQ21: =BQ19+BQ20 -> #N/A | BR21: =IF(VLOOKUP(BR$2&$C21&$A21,集計!$D:$R,$B21,0)<>SUM(BR19:BR20),"NG",SUM(BR19:BR20)) -> #N/A | BS21: =IF(VLOOKUP(BS$2&$C21&$A21,集計!$D:$R,$B21,0)<>SUM(BS19:BS20),"NG",SUM(BS19:BS20)) -> #N/A | BT21: =IF(VLOOKUP(BT$2&$C21&$A21,集計!$D:$R,$B21,0)<>SUM(BT19:BT20),"NG",SUM(BT19:BT20)) -> #N/A | BU21: =BU19+BU20 -> #N/A | BV21: =IF(VLOOKUP(BV$2&$C21&$A21,集計!$D:$R,$B21,0)<>SUM(BV19:BV20),"NG",SUM(BV19:BV20)) -> #N/A | BW21: =SUM(BW19:BW20) -> #N/A | BX21: =SUM(BX19:BX20) -> #N/A
A22: 人員 | B22: 6 | C22: 人員合計 | D22: =IF(VLOOKUP(D$2&$C22&$A22,集計!$D:$R,$B22,0)<>SUM(D18,D21),"NG",SUM(D18,D21)) -> #N/A | E22: =IF(VLOOKUP(E$2&$C22&$A22,集計!$D:$R,$B22,0)<>SUM(E18,E21),"NG",SUM(E18,E21)) -> #N/A | F22: =IF(VLOOKUP(F$2&$C22&$A22,集計!$D:$R,$B22,0)<>SUM(F18,F21),"NG",SUM(F18,F21)) -> #N/A | G22: =IF(VLOOKUP(G$2&$C22&$A22,集計!$D:$R,$B22,0)<>SUM(G18,G21),"NG",SUM(G18,G21)) -> #N/A | H22: =IF(VLOOKUP(H$2&$C22&$A22,集計!$D:$R,$B22,0)<>SUM(H18,H21),"NG",SUM(H18,H21)) -> #N/A | I22: =I18+I21 -> #N/A | J22: =IF(VLOOKUP(J$2&$C22&$A22,集計!$D:$R,$B22,0)<>SUM(J18,J21),"NG",SUM(J18,J21)) -> #N/A | K22: =IF(VLOOKUP(K$2&$C22&$A22,集計!$D:$R,$B22,0)<>SUM(K18,K21),"NG",SUM(K18,K21)) -> #N/A | L22: =IF(VLOOKUP(L$2&$C22&$A22,集計!$D:$R,$B22,0)<>SUM(L18,L21),"NG",SUM(L18,L21)) -> #N/A | M22: =IF(VLOOKUP(M$2&$C22&$A22,集計!$D:$R,$B22,0)<>SUM(M18,M21),"NG",SUM(M18,M21)) -> #N/A | N22: =N18+N21 -> #N/A | O22: =IF(VLOOKUP(O$2&$C22&$A22,集計!$D:$R,$B22,0)<>SUM(O18,O21),"NG",SUM(O18,O21)) -> #N/A | P22: =IF(VLOOKUP(P$2&$C22&$A22,集計!$D:$R,$B22,0)<>SUM(P18,P21),"NG",SUM(P18,P21)) -> #N/A | Q22: =IF(VLOOKUP(Q$2&$C22&$A22,集計!$D:$R,$B22,0)<>SUM(Q18,Q21),"NG",SUM(Q18,Q21)) -> #N/A | R22: =IF(VLOOKUP(R$2&$C22&$A22,集計!$D:$R,$B22,0)<>SUM(R18,R21),"NG",SUM(R18,R21)) -> #N/A | S22: =IF(VLOOKUP(S$2&$C22&$A22,集計!$D:$R,$B22,0)<>SUM(S18,S21),"NG",SUM(S18,S21)) -> #N/A | T22: =T18+T21 -> #N/A | U22: =IF(VLOOKUP(U$2&$C22&$A22,集計!$D:$R,$B22,0)<>SUM(U18,U21),"NG",SUM(U18,U21)) -> #N/A | V22: =IF(VLOOKUP(V$2&$C22&$A22,集計!$D:$R,$B22,0)<>SUM(V18,V21),"NG",SUM(V18,V21)) -> #N/A | W22: =IF(VLOOKUP(W$2&$C22&$A22,集計!$D:$R,$B22,0)<>SUM(W18,W21),"NG",SUM(W18,W21)) -> #N/A | X22: =X18+X21 -> #N/A | Y22: =IF(VLOOKUP(Y$2&$C22&$A22,集計!$D:$R,$B22,0)<>SUM(Y18,Y21),"NG",SUM(Y18,Y21)) -> #N/A | Z22: =IF(VLOOKUP(Z$2&$C22&$A22,集計!$D:$R,$B22,0)<>SUM(Z18,Z21),"NG",SUM(Z18,Z21)) -> #N/A | AA22: =IF(VLOOKUP(AA$2&$C22&$A22,集計!$D:$R,$B22,0)<>SUM(AA18,AA21),"NG",SUM(AA18,AA21)) -> #N/A | AB22: =AB18+AB21 -> #N/A | AC22: =AC18+AC21 -> #N/A | AD22: =IF(VLOOKUP(AD$2&$C22&$A22,集計!$D:$R,$B22,0)<>SUM(AD18,AD21),"NG",SUM(AD18,AD21)) -> #N/A | AE22: =IF(VLOOKUP(AE$2&$C22&$A22,集計!$D:$R,$B22,0)<>SUM(AE18,AE21),"NG",SUM(AE18,AE21)) -> #N/A | AF22: =IF(VLOOKUP(AF$2&$C22&$A22,集計!$D:$R,$B22,0)<>SUM(AF18,AF21),"NG",SUM(AF18,AF21)) -> #N/A | AG22: =IF(VLOOKUP(AG$2&$C22&$A22,集計!$D:$R,$B22,0)<>SUM(AG18,AG21),"NG",SUM(AG18,AG21)) -> #N/A | AH22: =AH18+AH21 -> #N/A | AI22: =IF(VLOOKUP(AI$2&$C22&$A22,集計!$D:$R,$B22,0)<>SUM(AI18,AI21),"NG",SUM(AI18,AI21)) -> #N/A | AJ22: =IF(VLOOKUP(AJ$2&$C22&$A22,集計!$D:$R,$B22,0)<>SUM(AJ18,AJ21),"NG",SUM(AJ18,AJ21)) -> #N/A | AK22: =IF(VLOOKUP(AK$2&$C22&$A22,集計!$D:$R,$B22,0)<>SUM(AK18,AK21),"NG",SUM(AK18,AK21)) -> #N/A | AL22: =AL18+AL21 -> #N/A | AM22: =IF(VLOOKUP(AM$2&$C22&$A22,集計!$D:$R,$B22,0)<>SUM(AM18,AM21),"NG",SUM(AM18,AM21)) -> #N/A | AN22: =IF(VLOOKUP(AN$2&$C22&$A22,集計!$D:$R,$B22,0)<>SUM(AN18,AN21),"NG",SUM(AN18,AN21)) -> #N/A | AO22: =AO18+AO21 -> #N/A | AP22: =IF(VLOOKUP(AP$2&$C22&$A22,集計!$D:$R,$B22,0)<>SUM(AP18,AP21),"NG",SUM(AP18,AP21)) -> #N/A | AQ22: =IF(VLOOKUP(AQ$2&$C22&$A22,集計!$D:$R,$B22,0)<>SUM(AQ18,AQ21),"NG",SUM(AQ18,AQ21)) -> #N/A | AR22: =IF(VLOOKUP(AR$2&$C22&$A22,集計!$D:$R,$B22,0)<>SUM(AR18,AR21),"NG",SUM(AR18,AR21)) -> #N/A | AS22: =AS18+AS21 -> #N/A | AT22: =AT18+AT21 -> #N/A | AU22: =IF(VLOOKUP(AU$2&$C22&$A22,集計!$D:$R,$B22,0)<>SUM(AU18,AU21),"NG",SUM(AU18,AU21)) -> #N/A | AV22: =IF(VLOOKUP(AV$2&$C22&$A22,集計!$D:$R,$B22,0)<>SUM(AV18,AV21),"NG",SUM(AV18,AV21)) -> #N/A | AW22: =IF(VLOOKUP(AW$2&$C22&$A22,集計!$D:$R,$B22,0)<>SUM(AW18,AW21),"NG",SUM(AW18,AW21)) -> #N/A | AX22: =IF(VLOOKUP(AX$2&$C22&$A22,集計!$D:$R,$B22,0)<>SUM(AX18,AX21),"NG",SUM(AX18,AX21)) -> #N/A | AY22: =IF(VLOOKUP(AY$2&$C22&$A22,集計!$D:$R,$B22,0)<>SUM(AY18,AY21),"NG",SUM(AY18,AY21)) -> #N/A | AZ22: =AZ18+AZ21 -> #N/A | BA22: =BA18+BA21 -> #N/A | BB22: =IF(VLOOKUP(BB$2&$C22&$A22,集計!$D:$R,$B22,0)<>SUM(BB18,BB21),"NG",SUM(BB18,BB21)) -> #N/A | BC22: =IF(VLOOKUP(BC$2&$C22&$A22,集計!$D:$R,$B22,0)<>SUM(BC18,BC21),"NG",SUM(BC18,BC21)) -> #N/A | BD22: =BD18+BD21 -> #N/A | BE22: =IF(VLOOKUP(BE$2&$C22&$A22,集計!$D:$R,$B22,0)<>SUM(BE18,BE21),"NG",SUM(BE18,BE21)) -> #N/A | BF22: =IF(VLOOKUP(BF$2&$C22&$A22,集計!$D:$R,$B22,0)<>SUM(BF18,BF21),"NG",SUM(BF18,BF21)) -> #N/A | BG22: =IF(VLOOKUP(BG$2&$C22&$A22,集計!$D:$R,$B22,0)<>SUM(BG18,BG21),"NG",SUM(BG18,BG21)) -> #N/A | BH22: =IF(VLOOKUP(BH$2&$C22&$A22,集計!$D:$R,$B22,0)<>SUM(BH18,BH21),"NG",SUM(BH18,BH21)) -> #N/A | BI22: =IF(VLOOKUP(BI$2&$C22&$A22,集計!$D:$R,$B22,0)<>SUM(BI18,BI21),"NG",SUM(BI18,BI21)) -> #N/A | BJ22: =BJ18+BJ21 -> #N/A | BK22: =IF(VLOOKUP(BK$2&$C22&$A22,集計!$D:$R,$B22,0)<>SUM(BK18,BK21),"NG",SUM(BK18,BK21)) -> #N/A | BL22: =IF(VLOOKUP(BL$2&$C22&$A22,集計!$D:$R,$B22,0)<>SUM(BL18,BL21),"NG",SUM(BL18,BL21)) -> #N/A | BM22: =IF(VLOOKUP(BM$2&$C22&$A22,集計!$D:$R,$B22,0)<>SUM(BM18,BM21),"NG",SUM(BM18,BM21)) -> #N/A | BN22: =IF(VLOOKUP(BN$2&$C22&$A22,集計!$D:$R,$B22,0)<>SUM(BN18,BN21),"NG",SUM(BN18,BN21)) -> #N/A | BO22: =IF(VLOOKUP(BO$2&$C22&$A22,集計!$D:$R,$B22,0)<>SUM(BO18,BO21),"NG",SUM(BO18,BO21)) -> #N/A | BP22: =IF(VLOOKUP(BP$2&$C22&$A22,集計!$D:$R,$B22,0)<>SUM(BP18,BP21),"NG",SUM(BP18,BP21)) -> #N/A | BQ22: =BQ18+BQ21 -> #N/A | BR22: =IF(VLOOKUP(BR$2&$C22&$A22,集計!$D:$R,$B22,0)<>SUM(BR18,BR21),"NG",SUM(BR18,BR21)) -> #N/A | BS22: =IF(VLOOKUP(BS$2&$C22&$A22,集計!$D:$R,$B22,0)<>SUM(BS18,BS21),"NG",SUM(BS18,BS21)) -> #N/A | BT22: =IF(VLOOKUP(BT$2&$C22&$A22,集計!$D:$R,$B22,0)<>SUM(BT18,BT21),"NG",SUM(BT18,BT21)) -> #N/A | BU22: =BU18+BU21 -> #N/A | BV22: =IF(VLOOKUP(BV$2&$C22&$A22,集計!$D:$R,$B22,0)<>SUM(BV18,BV21),"NG",SUM(BV18,BV21)) -> #N/A | BW22: =BW18+BW21 -> #N/A | BX22: =BX18+BX21 -> #N/A
B24: 7 | C24: 人員
A25: 人員 | B25: 7 | C25: 出向社員 | D25: =VLOOKUP(D$2&$C25&$A25,集計!$D:$R,$B25,0) -> #N/A | E25: =VLOOKUP(E$2&$C25&$A25,集計!$D:$R,$B25,0) -> #N/A | F25: =VLOOKUP(F$2&$C25&$A25,集計!$D:$R,$B25,0) -> #N/A | G25: =VLOOKUP(G$2&$C25&$A25,集計!$D:$R,$B25,0) -> #N/A | H25: =VLOOKUP(H$2&$C25&$A25,集計!$D:$R,$B25,0) -> #N/A | I25: =D25+E25+F25+G25+H25 -> #N/A | J25: =VLOOKUP(J$2&$C25&$A25,集計!$D:$R,$B25,0) -> #N/A | K25: =VLOOKUP(K$2&$C25&$A25,集計!$D:$R,$B25,0) -> #N/A | L25: =VLOOKUP(L$2&$C25&$A25,集計!$D:$R,$B25,0) -> #N/A | M25: =VLOOKUP(M$2&$C25&$A25,集計!$D:$R,$B25,0) -> #N/A | N25: =J25+K25+L25+M25 -> #N/A | O25: =VLOOKUP(O$2&$C25&$A25,集計!$D:$R,$B25,0) -> #N/A | P25: =VLOOKUP(P$2&$C25&$A25,集計!$D:$R,$B25,0) -> #N/A | Q25: =VLOOKUP(Q$2&$C25&$A25,集計!$D:$R,$B25,0) -> #N/A | R25: =VLOOKUP(R$2&$C25&$A25,集計!$D:$R,$B25,0) -> #N/A | S25: =VLOOKUP(S$2&$C25&$A25,集計!$D:$R,$B25,0) -> #N/A | T25: =O25+P25+Q25+R25+S25 -> #N/A | U25: =VLOOKUP(U$2&$C25&$A25,集計!$D:$R,$B25,0) -> #N/A | V25: =VLOOKUP(V$2&$C25&$A25,集計!$D:$R,$B25,0) -> #N/A | W25: =VLOOKUP(W$2&$C25&$A25,集計!$D:$R,$B25,0) -> #N/A | X25: =U25+V25+W25 -> #N/A | Y25: =VLOOKUP(Y$2&$C25&$A25,集計!$D:$R,$B25,0) -> #N/A | Z25: =VLOOKUP(Z$2&$C25&$A25,集計!$D:$R,$B25,0) -> #N/A | AA25: =VLOOKUP(AA$2&$C25&$A25,集計!$D:$R,$B25,0) -> #N/A | AB25: =Y25+Z25+AA25 -> #N/A | AC25: =I25+N25+T25+X25+AB25 -> #N/A | AD25: =VLOOKUP(AD$2&$C25&$A25,集計!$D:$R,$B25,0) -> #N/A | AE25: =VLOOKUP(AE$2&$C25&$A25,集計!$D:$R,$B25,0) -> #N/A | AF25: =VLOOKUP(AF$2&$C25&$A25,集計!$D:$R,$B25,0) -> #N/A | AG25: =VLOOKUP(AG$2&$C25&$A25,集計!$D:$R,$B25,0) -> #N/A | AH25: =AD25+AE25+AF25+AG25 -> #N/A | AI25: =VLOOKUP(AI$2&$C25&$A25,集計!$D:$R,$B25,0) -> #N/A | AJ25: =VLOOKUP(AJ$2&$C25&$A25,集計!$D:$R,$B25,0) -> #N/A | AK25: =VLOOKUP(AK$2&$C25&$A25,集計!$D:$R,$B25,0) -> #N/A | AL25: =AI25+AJ25+AK25 -> #N/A | AM25: =VLOOKUP(AM$2&$C25&$A25,集計!$D:$R,$B25,0) -> #N/A | AN25: =VLOOKUP(AN$2&$C25&$A25,集計!$D:$R,$B25,0) -> #N/A | AO25: =AM25+AN25 -> #N/A | AP25: =VLOOKUP(AP$2&$C25&$A25,集計!$D:$R,$B25,0) -> #N/A | AQ25: =VLOOKUP(AQ$2&$C25&$A25,集計!$D:$R,$B25,0) -> #N/A | AR25: =VLOOKUP(AR$2&$C25&$A25,集計!$D:$R,$B25,0) -> #N/A | AS25: =AP25+AQ25+AR25 -> #N/A | AT25: =AH25+AL25+AO25+AS25 -> #N/A | AU25: =VLOOKUP(AU$2&$C25&$A25,集計!$D:$R,$B25,0) -> #N/A | AV25: =VLOOKUP(AV$2&$C25&$A25,集計!$D:$R,$B25,0) -> #N/A | AW25: =VLOOKUP(AW$2&$C25&$A25,集計!$D:$R,$B25,0) -> #N/A | AX25: =VLOOKUP(AX$2&$C25&$A25,集計!$D:$R,$B25,0) -> #N/A | AY25: =VLOOKUP(AY$2&$C25&$A25,集計!$D:$R,$B25,0) -> #N/A | AZ25: =AU25+AV25+AW25+AX25+AY25 -> #N/A | BA25: =AZ25 -> #N/A | BB25: =VLOOKUP(BB$2&$C25&$A25,集計!$D:$R,$B25,0) -> #N/A | BC25: =VLOOKUP(BC$2&$C25&$A25,集計!$D:$R,$B25,0) -> #N/A | BD25: =BB25+BC25 -> #N/A | BE25: =VLOOKUP(BE$2&$C25&$A25,集計!$D:$R,$B25,0) -> #N/A | BF25: =VLOOKUP(BF$2&$C25&$A25,集計!$D:$R,$B25,0) -> #N/A | BG25: =VLOOKUP(BG$2&$C25&$A25,集計!$D:$R,$B25,0) -> #N/A | BH25: =VLOOKUP(BH$2&$C25&$A25,集計!$D:$R,$B25,0) -> #N/A | BI25: =VLOOKUP(BI$2&$C25&$A25,集計!$D:$R,$B25,0) -> #N/A | BJ25: =BE25+BF25+BG25+BH25+BI25 -> #N/A | BK25: =VLOOKUP(BK$2&$C25&$A25,集計!$D:$R,$B25,0) -> #N/A | BL25: =VLOOKUP(BL$2&$C25&$A25,集計!$D:$R,$B25,0) -> #N/A | BM25: =VLOOKUP(BM$2&$C25&$A25,集計!$D:$R,$B25,0) -> #N/A | BN25: =VLOOKUP(BN$2&$C25&$A25,集計!$D:$R,$B25,0) -> #N/A | BO25: =VLOOKUP(BO$2&$C25&$A25,集計!$D:$R,$B25,0) -> #N/A | BP25: =VLOOKUP(BP$2&$C25&$A25,集計!$D:$R,$B25,0) -> #N/A | BQ25: =BK25+BL25+BM25+BN25+BO25+BP25 -> #N/A | BR25: =VLOOKUP(BR$2&$C25&$A25,集計!$D:$R,$B25,0) -> #N/A | BS25: =VLOOKUP(BS$2&$C25&$A25,集計!$D:$R,$B25,0) -> #N/A | BT25: =VLOOKUP(BT$2&$C25&$A25,集計!$D:$R,$B25,0) -> #N/A | BU25: =BR25+BS25+BT25 -> #N/A | BV25: =VLOOKUP(BV$2&$C25&$A25,集計!$D:$R,$B25,0) -> #N/A | BW25: =BV25 -> #N/A | BX25: =AC25+AT25+BA25+BD25+BJ25+BQ25+BU25+BW25 -> #N/A
A26: 人員 | B26: 7 | C26: G5以上 | D26: =VLOOKUP(D$2&$C26&$A26,集計!$D:$R,$B26,0) -> #N/A | E26: =VLOOKUP(E$2&$C26&$A26,集計!$D:$R,$B26,0) -> #N/A | F26: =VLOOKUP(F$2&$C26&$A26,集計!$D:$R,$B26,0) -> #N/A | G26: =VLOOKUP(G$2&$C26&$A26,集計!$D:$R,$B26,0) -> #N/A | H26: =VLOOKUP(H$2&$C26&$A26,集計!$D:$R,$B26,0) -> #N/A | I26: =D26+E26+F26+G26+H26 -> #N/A | J26: =VLOOKUP(J$2&$C26&$A26,集計!$D:$R,$B26,0) -> #N/A | K26: =VLOOKUP(K$2&$C26&$A26,集計!$D:$R,$B26,0) -> #N/A | L26: =VLOOKUP(L$2&$C26&$A26,集計!$D:$R,$B26,0) -> #N/A | M26: =VLOOKUP(M$2&$C26&$A26,集計!$D:$R,$B26,0) -> #N/A | N26: =J26+K26+L26+M26 -> #N/A | O26: =VLOOKUP(O$2&$C26&$A26,集計!$D:$R,$B26,0) -> #N/A | P26: =VLOOKUP(P$2&$C26&$A26,集計!$D:$R,$B26,0) -> #N/A | Q26: =VLOOKUP(Q$2&$C26&$A26,集計!$D:$R,$B26,0) -> #N/A | R26: =VLOOKUP(R$2&$C26&$A26,集計!$D:$R,$B26,0) -> #N/A | S26: =VLOOKUP(S$2&$C26&$A26,集計!$D:$R,$B26,0) -> #N/A | T26: =O26+P26+Q26+R26+S26 -> #N/A | U26: =VLOOKUP(U$2&$C26&$A26,集計!$D:$R,$B26,0) -> #N/A | V26: =VLOOKUP(V$2&$C26&$A26,集計!$D:$R,$B26,0) -> #N/A | W26: =VLOOKUP(W$2&$C26&$A26,集計!$D:$R,$B26,0) -> #N/A | X26: =U26+V26+W26 -> #N/A | Y26: =VLOOKUP(Y$2&$C26&$A26,集計!$D:$R,$B26,0) -> #N/A | Z26: =VLOOKUP(Z$2&$C26&$A26,集計!$D:$R,$B26,0) -> #N/A | AA26: =VLOOKUP(AA$2&$C26&$A26,集計!$D:$R,$B26,0) -> #N/A | AB26: =Y26+Z26+AA26 -> #N/A | AC26: =I26+N26+T26+X26+AB26 -> #N/A | AD26: =VLOOKUP(AD$2&$C26&$A26,集計!$D:$R,$B26,0) -> #N/A | AE26: =VLOOKUP(AE$2&$C26&$A26,集計!$D:$R,$B26,0) -> #N/A | AF26: =VLOOKUP(AF$2&$C26&$A26,集計!$D:$R,$B26,0) -> #N/A | AG26: =VLOOKUP(AG$2&$C26&$A26,集計!$D:$R,$B26,0) -> #N/A | AH26: =AD26+AE26+AF26+AG26 -> #N/A | AI26: =VLOOKUP(AI$2&$C26&$A26,集計!$D:$R,$B26,0) -> #N/A | AJ26: =VLOOKUP(AJ$2&$C26&$A26,集計!$D:$R,$B26,0) -> #N/A | AK26: =VLOOKUP(AK$2&$C26&$A26,集計!$D:$R,$B26,0) -> #N/A | AL26: =AI26+AJ26+AK26 -> #N/A | AM26: =VLOOKUP(AM$2&$C26&$A26,集計!$D:$R,$B26,0) -> #N/A | AN26: =VLOOKUP(AN$2&$C26&$A26,集計!$D:$R,$B26,0) -> #N/A | AO26: =AM26+AN26 -> #N/A | AP26: =VLOOKUP(AP$2&$C26&$A26,集計!$D:$R,$B26,0) -> #N/A | AQ26: =VLOOKUP(AQ$2&$C26&$A26,集計!$D:$R,$B26,0) -> #N/A | AR26: =VLOOKUP(AR$2&$C26&$A26,集計!$D:$R,$B26,0) -> #N/A | AS26: =AP26+AQ26+AR26 -> #N/A | AT26: =AH26+AL26+AO26+AS26 -> #N/A | AU26: =VLOOKUP(AU$2&$C26&$A26,集計!$D:$R,$B26,0) -> #N/A | AV26: =VLOOKUP(AV$2&$C26&$A26,集計!$D:$R,$B26,0) -> #N/A | AW26: =VLOOKUP(AW$2&$C26&$A26,集計!$D:$R,$B26,0) -> #N/A | AX26: =VLOOKUP(AX$2&$C26&$A26,集計!$D:$R,$B26,0) -> #N/A | AY26: =VLOOKUP(AY$2&$C26&$A26,集計!$D:$R,$B26,0) -> #N/A | AZ26: =AU26+AV26+AW26+AX26+AY26 -> #N/A | BA26: =AZ26 -> #N/A | BB26: =VLOOKUP(BB$2&$C26&$A26,集計!$D:$R,$B26,0) -> #N/A | BC26: =VLOOKUP(BC$2&$C26&$A26,集計!$D:$R,$B26,0) -> #N/A | BD26: =BB26+BC26 -> #N/A | BE26: =VLOOKUP(BE$2&$C26&$A26,集計!$D:$R,$B26,0) -> #N/A | BF26: =VLOOKUP(BF$2&$C26&$A26,集計!$D:$R,$B26,0) -> #N/A | BG26: =VLOOKUP(BG$2&$C26&$A26,集計!$D:$R,$B26,0) -> #N/A | BH26: =VLOOKUP(BH$2&$C26&$A26,集計!$D:$R,$B26,0) -> #N/A | BI26: =VLOOKUP(BI$2&$C26&$A26,集計!$D:$R,$B26,0) -> #N/A | BJ26: =BE26+BF26+BG26+BH26+BI26 -> #N/A | BK26: =VLOOKUP(BK$2&$C26&$A26,集計!$D:$R,$B26,0) -> #N/A | BL26: =VLOOKUP(BL$2&$C26&$A26,集計!$D:$R,$B26,0) -> #N/A | BM26: =VLOOKUP(BM$2&$C26&$A26,集計!$D:$R,$B26,0) -> #N/A | BN26: =VLOOKUP(BN$2&$C26&$A26,集計!$D:$R,$B26,0) -> #N/A | BO26: =VLOOKUP(BO$2&$C26&$A26,集計!$D:$R,$B26,0) -> #N/A | BP26: =VLOOKUP(BP$2&$C26&$A26,集計!$D:$R,$B26,0) -> #N/A | BQ26: =BK26+BL26+BM26+BN26+BO26+BP26 -> #N/A | BR26: =VLOOKUP(BR$2&$C26&$A26,集計!$D:$R,$B26,0) -> #N/A | BS26: =VLOOKUP(BS$2&$C26&$A26,集計!$D:$R,$B26,0) -> #N/A | BT26: =VLOOKUP(BT$2&$C26&$A26,集計!$D:$R,$B26,0) -> #N/A | BU26: =BR26+BS26+BT26 -> #N/A | BV26: =VLOOKUP(BV$2&$C26&$A26,集計!$D:$R,$B26,0) -> #N/A | BW26: =BV26 -> #N/A | BX26: =AC26+AT26+BA26+BD26+BJ26+BQ26+BU26+BW26 -> #N/A
A27: 人員 | B27: 7 | C27: G7, G6 | D27: =VLOOKUP(D$2&$C27&$A27,集計!$D:$R,$B27,0) -> #N/A | E27: =VLOOKUP(E$2&$C27&$A27,集計!$D:$R,$B27,0) -> #N/A | F27: =VLOOKUP(F$2&$C27&$A27,集計!$D:$R,$B27,0) -> #N/A | G27: =VLOOKUP(G$2&$C27&$A27,集計!$D:$R,$B27,0) -> #N/A | H27: =VLOOKUP(H$2&$C27&$A27,集計!$D:$R,$B27,0) -> #N/A | I27: =D27+E27+F27+G27+H27 -> #N/A | J27: =VLOOKUP(J$2&$C27&$A27,集計!$D:$R,$B27,0) -> #N/A | K27: =VLOOKUP(K$2&$C27&$A27,集計!$D:$R,$B27,0) -> #N/A | L27: =VLOOKUP(L$2&$C27&$A27,集計!$D:$R,$B27,0) -> #N/A | M27: =VLOOKUP(M$2&$C27&$A27,集計!$D:$R,$B27,0) -> #N/A | N27: =J27+K27+L27+M27 -> #N/A | O27: =VLOOKUP(O$2&$C27&$A27,集計!$D:$R,$B27,0) -> #N/A | P27: =VLOOKUP(P$2&$C27&$A27,集計!$D:$R,$B27,0) -> #N/A | Q27: =VLOOKUP(Q$2&$C27&$A27,集計!$D:$R,$B27,0) -> #N/A | R27: =VLOOKUP(R$2&$C27&$A27,集計!$D:$R,$B27,0) -> #N/A | S27: =VLOOKUP(S$2&$C27&$A27,集計!$D:$R,$B27,0) -> #N/A | T27: =O27+P27+Q27+R27+S27 -> #N/A | U27: =VLOOKUP(U$2&$C27&$A27,集計!$D:$R,$B27,0) -> #N/A | V27: =VLOOKUP(V$2&$C27&$A27,集計!$D:$R,$B27,0) -> #N/A | W27: =VLOOKUP(W$2&$C27&$A27,集計!$D:$R,$B27,0) -> #N/A | X27: =U27+V27+W27 -> #N/A | Y27: =VLOOKUP(Y$2&$C27&$A27,集計!$D:$R,$B27,0) -> #N/A | Z27: =VLOOKUP(Z$2&$C27&$A27,集計!$D:$R,$B27,0) -> #N/A | AA27: =VLOOKUP(AA$2&$C27&$A27,集計!$D:$R,$B27,0) -> #N/A | AB27: =Y27+Z27+AA27 -> #N/A | AC27: =I27+N27+T27+X27+AB27 -> #N/A | AD27: =VLOOKUP(AD$2&$C27&$A27,集計!$D:$R,$B27,0) -> #N/A | AE27: =VLOOKUP(AE$2&$C27&$A27,集計!$D:$R,$B27,0) -> #N/A | AF27: =VLOOKUP(AF$2&$C27&$A27,集計!$D:$R,$B27,0) -> #N/A | AG27: =VLOOKUP(AG$2&$C27&$A27,集計!$D:$R,$B27,0) -> #N/A | AH27: =AD27+AE27+AF27+AG27 -> #N/A | AI27: =VLOOKUP(AI$2&$C27&$A27,集計!$D:$R,$B27,0) -> #N/A | AJ27: =VLOOKUP(AJ$2&$C27&$A27,集計!$D:$R,$B27,0) -> #N/A | AK27: =VLOOKUP(AK$2&$C27&$A27,集計!$D:$R,$B27,0) -> #N/A | AL27: =AI27+AJ27+AK27 -> #N/A | AM27: =VLOOKUP(AM$2&$C27&$A27,集計!$D:$R,$B27,0) -> #N/A | AN27: =VLOOKUP(AN$2&$C27&$A27,集計!$D:$R,$B27,0) -> #N/A | AO27: =AM27+AN27 -> #N/A | AP27: =VLOOKUP(AP$2&$C27&$A27,集計!$D:$R,$B27,0) -> #N/A | AQ27: =VLOOKUP(AQ$2&$C27&$A27,集計!$D:$R,$B27,0) -> #N/A | AR27: =VLOOKUP(AR$2&$C27&$A27,集計!$D:$R,$B27,0) -> #N/A | AS27: =AP27+AQ27+AR27 -> #N/A | AT27: =AH27+AL27+AO27+AS27 -> #N/A | AU27: =VLOOKUP(AU$2&$C27&$A27,集計!$D:$R,$B27,0) -> #N/A | AV27: =VLOOKUP(AV$2&$C27&$A27,集計!$D:$R,$B27,0) -> #N/A | AW27: =VLOOKUP(AW$2&$C27&$A27,集計!$D:$R,$B27,0) -> #N/A | AX27: =VLOOKUP(AX$2&$C27&$A27,集計!$D:$R,$B27,0) -> #N/A | AY27: =VLOOKUP(AY$2&$C27&$A27,集計!$D:$R,$B27,0) -> #N/A | AZ27: =AU27+AV27+AW27+AX27+AY27 -> #N/A | BA27: =AZ27 -> #N/A | BB27: =VLOOKUP(BB$2&$C27&$A27,集計!$D:$R,$B27,0) -> #N/A | BC27: =VLOOKUP(BC$2&$C27&$A27,集計!$D:$R,$B27,0) -> #N/A | BD27: =BB27+BC27 -> #N/A | BE27: =VLOOKUP(BE$2&$C27&$A27,集計!$D:$R,$B27,0) -> #N/A | BF27: =VLOOKUP(BF$2&$C27&$A27,集計!$D:$R,$B27,0) -> #N/A | BG27: =VLOOKUP(BG$2&$C27&$A27,集計!$D:$R,$B27,0) -> #N/A | BH27: =VLOOKUP(BH$2&$C27&$A27,集計!$D:$R,$B27,0) -> #N/A | BI27: =VLOOKUP(BI$2&$C27&$A27,集計!$D:$R,$B27,0) -> #N/A | BJ27: =BE27+BF27+BG27+BH27+BI27 -> #N/A | BK27: =VLOOKUP(BK$2&$C27&$A27,集計!$D:$R,$B27,0) -> #N/A | BL27: =VLOOKUP(BL$2&$C27&$A27,集計!$D:$R,$B27,0) -> #N/A | BM27: =VLOOKUP(BM$2&$C27&$A27,集計!$D:$R,$B27,0) -> #N/A | BN27: =VLOOKUP(BN$2&$C27&$A27,集計!$D:$R,$B27,0) -> #N/A | BO27: =VLOOKUP(BO$2&$C27&$A27,集計!$D:$R,$B27,0) -> #N/A | BP27: =VLOOKUP(BP$2&$C27&$A27,集計!$D:$R,$B27,0) -> #N/A | BQ27: =BK27+BL27+BM27+BN27+BO27+BP27 -> #N/A | BR27: =VLOOKUP(BR$2&$C27&$A27,集計!$D:$R,$B27,0) -> #N/A | BS27: =VLOOKUP(BS$2&$C27&$A27,集計!$D:$R,$B27,0) -> #N/A | BT27: =VLOOKUP(BT$2&$C27&$A27,集計!$D:$R,$B27,0) -> #N/A | BU27: =BR27+BS27+BT27 -> #N/A | BV27: =VLOOKUP(BV$2&$C27&$A27,集計!$D:$R,$B27,0) -> #N/A | BW27: =BV27 -> #N/A | BX27: =AC27+AT27+BA27+BD27+BJ27+BQ27+BU27+BW27 -> #N/A
A28: 人員 | B28: 7 | C28: ローカル社員 | D28: =IF(VLOOKUP(D$2&$C28&$A28,集計!$D:$R,$B28,0)<>SUM(D26:D27),"NG",SUM(D26:D27)) -> #N/A | E28: =IF(VLOOKUP(E$2&$C28&$A28,集計!$D:$R,$B28,0)<>SUM(E26:E27),"NG",SUM(E26:E27)) -> #N/A | F28: =IF(VLOOKUP(F$2&$C28&$A28,集計!$D:$R,$B28,0)<>SUM(F26:F27),"NG",SUM(F26:F27)) -> #N/A | G28: =IF(VLOOKUP(G$2&$C28&$A28,集計!$D:$R,$B28,0)<>SUM(G26:G27),"NG",SUM(G26:G27)) -> #N/A | H28: =IF(VLOOKUP(H$2&$C28&$A28,集計!$D:$R,$B28,0)<>SUM(H26:H27),"NG",SUM(H26:H27)) -> #N/A | I28: =I26+I27 -> #N/A | J28: =IF(VLOOKUP(J$2&$C28&$A28,集計!$D:$R,$B28,0)<>SUM(J26:J27),"NG",SUM(J26:J27)) -> #N/A | K28: =IF(VLOOKUP(K$2&$C28&$A28,集計!$D:$R,$B28,0)<>SUM(K26:K27),"NG",SUM(K26:K27)) -> #N/A | L28: =IF(VLOOKUP(L$2&$C28&$A28,集計!$D:$R,$B28,0)<>SUM(L26:L27),"NG",SUM(L26:L27)) -> #N/A | M28: =IF(VLOOKUP(M$2&$C28&$A28,集計!$D:$R,$B28,0)<>SUM(M26:M27),"NG",SUM(M26:M27)) -> #N/A | N28: =N26+N27 -> #N/A | O28: =IF(VLOOKUP(O$2&$C28&$A28,集計!$D:$R,$B28,0)<>SUM(O26:O27),"NG",SUM(O26:O27)) -> #N/A | P28: =IF(VLOOKUP(P$2&$C28&$A28,集計!$D:$R,$B28,0)<>SUM(P26:P27),"NG",SUM(P26:P27)) -> #N/A | Q28: =IF(VLOOKUP(Q$2&$C28&$A28,集計!$D:$R,$B28,0)<>SUM(Q26:Q27),"NG",SUM(Q26:Q27)) -> #N/A | R28: =IF(VLOOKUP(R$2&$C28&$A28,集計!$D:$R,$B28,0)<>SUM(R26:R27),"NG",SUM(R26:R27)) -> #N/A | S28: =IF(VLOOKUP(S$2&$C28&$A28,集計!$D:$R,$B28,0)<>SUM(S26:S27),"NG",SUM(S26:S27)) -> #N/A | T28: =T26+T27 -> #N/A | U28: =IF(VLOOKUP(U$2&$C28&$A28,集計!$D:$R,$B28,0)<>SUM(U26:U27),"NG",SUM(U26:U27)) -> #N/A | V28: =IF(VLOOKUP(V$2&$C28&$A28,集計!$D:$R,$B28,0)<>SUM(V26:V27),"NG",SUM(V26:V27)) -> #N/A | W28: =IF(VLOOKUP(W$2&$C28&$A28,集計!$D:$R,$B28,0)<>SUM(W26:W27),"NG",SUM(W26:W27)) -> #N/A | X28: =SUM(X26:X27) -> #N/A | Y28: =IF(VLOOKUP(Y$2&$C28&$A28,集計!$D:$R,$B28,0)<>SUM(Y26:Y27),"NG",SUM(Y26:Y27)) -> #N/A | Z28: =IF(VLOOKUP(Z$2&$C28&$A28,集計!$D:$R,$B28,0)<>SUM(Z26:Z27),"NG",SUM(Z26:Z27)) -> #N/A | AA28: =IF(VLOOKUP(AA$2&$C28&$A28,集計!$D:$R,$B28,0)<>SUM(AA26:AA27),"NG",SUM(AA26:AA27)) -> #N/A | AB28: =SUM(AB26:AB27) -> #N/A | AC28: =SUM(AC26:AC27) -> #N/A | AD28: =IF(VLOOKUP(AD$2&$C28&$A28,集計!$D:$R,$B28,0)<>SUM(AD26:AD27),"NG",SUM(AD26:AD27)) -> #N/A | AE28: =IF(VLOOKUP(AE$2&$C28&$A28,集計!$D:$R,$B28,0)<>SUM(AE26:AE27),"NG",SUM(AE26:AE27)) -> #N/A | AF28: =IF(VLOOKUP(AF$2&$C28&$A28,集計!$D:$R,$B28,0)<>SUM(AF26:AF27),"NG",SUM(AF26:AF27)) -> #N/A | AG28: =IF(VLOOKUP(AG$2&$C28&$A28,集計!$D:$R,$B28,0)<>SUM(AG26:AG27),"NG",SUM(AG26:AG27)) -> #N/A | AH28: =SUM(AH26:AH27) -> #N/A | AI28: =IF(VLOOKUP(AI$2&$C28&$A28,集計!$D:$R,$B28,0)<>SUM(AI26:AI27),"NG",SUM(AI26:AI27)) -> #N/A | AJ28: =IF(VLOOKUP(AJ$2&$C28&$A28,集計!$D:$R,$B28,0)<>SUM(AJ26:AJ27),"NG",SUM(AJ26:AJ27)) -> #N/A | AK28: =IF(VLOOKUP(AK$2&$C28&$A28,集計!$D:$R,$B28,0)<>SUM(AK26:AK27),"NG",SUM(AK26:AK27)) -> #N/A | AL28: =SUM(AL26:AL27) -> #N/A | AM28: =IF(VLOOKUP(AM$2&$C28&$A28,集計!$D:$R,$B28,0)<>SUM(AM26:AM27),"NG",SUM(AM26:AM27)) -> #N/A | AN28: =IF(VLOOKUP(AN$2&$C28&$A28,集計!$D:$R,$B28,0)<>SUM(AN26:AN27),"NG",SUM(AN26:AN27)) -> #N/A | AO28: =SUM(AO26:AO27) -> #N/A | AP28: =IF(VLOOKUP(AP$2&$C28&$A28,集計!$D:$R,$B28,0)<>SUM(AP26:AP27),"NG",SUM(AP26:AP27)) -> #N/A | AQ28: =IF(VLOOKUP(AQ$2&$C28&$A28,集計!$D:$R,$B28,0)<>SUM(AQ26:AQ27),"NG",SUM(AQ26:AQ27)) -> #N/A | AR28: =IF(VLOOKUP(AR$2&$C28&$A28,集計!$D:$R,$B28,0)<>SUM(AR26:AR27),"NG",SUM(AR26:AR27)) -> #N/A | AS28: =SUM(AS26:AS27) -> #N/A | AT28: =SUM(AT26:AT27) -> #N/A | AU28: =IF(VLOOKUP(AU$2&$C28&$A28,集計!$D:$R,$B28,0)<>SUM(AU26:AU27),"NG",SUM(AU26:AU27)) -> #N/A | AV28: =IF(VLOOKUP(AV$2&$C28&$A28,集計!$D:$R,$B28,0)<>SUM(AV26:AV27),"NG",SUM(AV26:AV27)) -> #N/A | AW28: =IF(VLOOKUP(AW$2&$C28&$A28,集計!$D:$R,$B28,0)<>SUM(AW26:AW27),"NG",SUM(AW26:AW27)) -> #N/A | AX28: =IF(VLOOKUP(AX$2&$C28&$A28,集計!$D:$R,$B28,0)<>SUM(AX26:AX27),"NG",SUM(AX26:AX27)) -> #N/A | AY28: =IF(VLOOKUP(AY$2&$C28&$A28,集計!$D:$R,$B28,0)<>SUM(AY26:AY27),"NG",SUM(AY26:AY27)) -> #N/A | AZ28: =AZ26+AZ27 -> #N/A | BA28: =BA26+BA27 -> #N/A | BB28: =IF(VLOOKUP(BB$2&$C28&$A28,集計!$D:$R,$B28,0)<>SUM(BB26:BB27),"NG",SUM(BB26:BB27)) -> #N/A | BC28: =IF(VLOOKUP(BC$2&$C28&$A28,集計!$D:$R,$B28,0)<>SUM(BC26:BC27),"NG",SUM(BC26:BC27)) -> #N/A | BD28: =SUM(BD26:BD27) -> #N/A | BE28: =IF(VLOOKUP(BE$2&$C28&$A28,集計!$D:$R,$B28,0)<>SUM(BE26:BE27),"NG",SUM(BE26:BE27)) -> #N/A | BF28: =IF(VLOOKUP(BF$2&$C28&$A28,集計!$D:$R,$B28,0)<>SUM(BF26:BF27),"NG",SUM(BF26:BF27)) -> #N/A | BG28: =IF(VLOOKUP(BG$2&$C28&$A28,集計!$D:$R,$B28,0)<>SUM(BG26:BG27),"NG",SUM(BG26:BG27)) -> #N/A | BH28: =IF(VLOOKUP(BH$2&$C28&$A28,集計!$D:$R,$B28,0)<>SUM(BH26:BH27),"NG",SUM(BH26:BH27)) -> #N/A | BI28: =IF(VLOOKUP(BI$2&$C28&$A28,集計!$D:$R,$B28,0)<>SUM(BI26:BI27),"NG",SUM(BI26:BI27)) -> #N/A | BJ28: =BJ26+BJ27 -> #N/A | BK28: =IF(VLOOKUP(BK$2&$C28&$A28,集計!$D:$R,$B28,0)<>SUM(BK26:BK27),"NG",SUM(BK26:BK27)) -> #N/A | BL28: =IF(VLOOKUP(BL$2&$C28&$A28,集計!$D:$R,$B28,0)<>SUM(BL26:BL27),"NG",SUM(BL26:BL27)) -> #N/A | BM28: =IF(VLOOKUP(BM$2&$C28&$A28,集計!$D:$R,$B28,0)<>SUM(BM26:BM27),"NG",SUM(BM26:BM27)) -> #N/A | BN28: =IF(VLOOKUP(BN$2&$C28&$A28,集計!$D:$R,$B28,0)<>SUM(BN26:BN27),"NG",SUM(BN26:BN27)) -> #N/A | BO28: =IF(VLOOKUP(BO$2&$C28&$A28,集計!$D:$R,$B28,0)<>SUM(BO26:BO27),"NG",SUM(BO26:BO27)) -> #N/A | BP28: =IF(VLOOKUP(BP$2&$C28&$A28,集計!$D:$R,$B28,0)<>SUM(BP26:BP27),"NG",SUM(BP26:BP27)) -> #N/A | BQ28: =BQ26+BQ27 -> #N/A | BR28: =IF(VLOOKUP(BR$2&$C28&$A28,集計!$D:$R,$B28,0)<>SUM(BR26:BR27),"NG",SUM(BR26:BR27)) -> #N/A | BS28: =IF(VLOOKUP(BS$2&$C28&$A28,集計!$D:$R,$B28,0)<>SUM(BS26:BS27),"NG",SUM(BS26:BS27)) -> #N/A | BT28: =IF(VLOOKUP(BT$2&$C28&$A28,集計!$D:$R,$B28,0)<>SUM(BT26:BT27),"NG",SUM(BT26:BT27)) -> #N/A | BU28: =BU26+BU27 -> #N/A | BV28: =IF(VLOOKUP(BV$2&$C28&$A28,集計!$D:$R,$B28,0)<>SUM(BV26:BV27),"NG",SUM(BV26:BV27)) -> #N/A | BW28: =SUM(BW26:BW27) -> #N/A | BX28: =SUM(BX26:BX27) -> #N/A
A29: 人員 | B29: 7 | C29: 人員合計 | D29: =IF(VLOOKUP(D$2&$C29&$A29,集計!$D:$R,$B29,0)<>SUM(D25,D28),"NG",SUM(D25,D28)) -> #N/A | E29: =IF(VLOOKUP(E$2&$C29&$A29,集計!$D:$R,$B29,0)<>SUM(E25,E28),"NG",SUM(E25,E28)) -> #N/A | F29: =IF(VLOOKUP(F$2&$C29&$A29,集計!$D:$R,$B29,0)<>SUM(F25,F28),"NG",SUM(F25,F28)) -> #N/A | G29: =IF(VLOOKUP(G$2&$C29&$A29,集計!$D:$R,$B29,0)<>SUM(G25,G28),"NG",SUM(G25,G28)) -> #N/A | H29: =IF(VLOOKUP(H$2&$C29&$A29,集計!$D:$R,$B29,0)<>SUM(H25,H28),"NG",SUM(H25,H28)) -> #N/A | I29: =I25+I28 -> #N/A | J29: =IF(VLOOKUP(J$2&$C29&$A29,集計!$D:$R,$B29,0)<>SUM(J25,J28),"NG",SUM(J25,J28)) -> #N/A | K29: =IF(VLOOKUP(K$2&$C29&$A29,集計!$D:$R,$B29,0)<>SUM(K25,K28),"NG",SUM(K25,K28)) -> #N/A | L29: =IF(VLOOKUP(L$2&$C29&$A29,集計!$D:$R,$B29,0)<>SUM(L25,L28),"NG",SUM(L25,L28)) -> #N/A | M29: =IF(VLOOKUP(M$2&$C29&$A29,集計!$D:$R,$B29,0)<>SUM(M25,M28),"NG",SUM(M25,M28)) -> #N/A | N29: =N25+N28 -> #N/A | O29: =IF(VLOOKUP(O$2&$C29&$A29,集計!$D:$R,$B29,0)<>SUM(O25,O28),"NG",SUM(O25,O28)) -> #N/A | P29: =IF(VLOOKUP(P$2&$C29&$A29,集計!$D:$R,$B29,0)<>SUM(P25,P28),"NG",SUM(P25,P28)) -> #N/A | Q29: =IF(VLOOKUP(Q$2&$C29&$A29,集計!$D:$R,$B29,0)<>SUM(Q25,Q28),"NG",SUM(Q25,Q28)) -> #N/A | R29: =IF(VLOOKUP(R$2&$C29&$A29,集計!$D:$R,$B29,0)<>SUM(R25,R28),"NG",SUM(R25,R28)) -> #N/A | S29: =IF(VLOOKUP(S$2&$C29&$A29,集計!$D:$R,$B29,0)<>SUM(S25,S28),"NG",SUM(S25,S28)) -> #N/A | T29: =T25+T28 -> #N/A | U29: =IF(VLOOKUP(U$2&$C29&$A29,集計!$D:$R,$B29,0)<>SUM(U25,U28),"NG",SUM(U25,U28)) -> #N/A | V29: =IF(VLOOKUP(V$2&$C29&$A29,集計!$D:$R,$B29,0)<>SUM(V25,V28),"NG",SUM(V25,V28)) -> #N/A | W29: =IF(VLOOKUP(W$2&$C29&$A29,集計!$D:$R,$B29,0)<>SUM(W25,W28),"NG",SUM(W25,W28)) -> #N/A | X29: =X25+X28 -> #N/A | Y29: =IF(VLOOKUP(Y$2&$C29&$A29,集計!$D:$R,$B29,0)<>SUM(Y25,Y28),"NG",SUM(Y25,Y28)) -> #N/A | Z29: =IF(VLOOKUP(Z$2&$C29&$A29,集計!$D:$R,$B29,0)<>SUM(Z25,Z28),"NG",SUM(Z25,Z28)) -> #N/A | AA29: =IF(VLOOKUP(AA$2&$C29&$A29,集計!$D:$R,$B29,0)<>SUM(AA25,AA28),"NG",SUM(AA25,AA28)) -> #N/A | AB29: =AB25+AB28 -> #N/A | AC29: =AC25+AC28 -> #N/A | AD29: =IF(VLOOKUP(AD$2&$C29&$A29,集計!$D:$R,$B29,0)<>SUM(AD25,AD28),"NG",SUM(AD25,AD28)) -> #N/A | AE29: =IF(VLOOKUP(AE$2&$C29&$A29,集計!$D:$R,$B29,0)<>SUM(AE25,AE28),"NG",SUM(AE25,AE28)) -> #N/A | AF29: =IF(VLOOKUP(AF$2&$C29&$A29,集計!$D:$R,$B29,0)<>SUM(AF25,AF28),"NG",SUM(AF25,AF28)) -> #N/A | AG29: =IF(VLOOKUP(AG$2&$C29&$A29,集計!$D:$R,$B29,0)<>SUM(AG25,AG28),"NG",SUM(AG25,AG28)) -> #N/A | AH29: =AH25+AH28 -> #N/A | AI29: =IF(VLOOKUP(AI$2&$C29&$A29,集計!$D:$R,$B29,0)<>SUM(AI25,AI28),"NG",SUM(AI25,AI28)) -> #N/A | AJ29: =IF(VLOOKUP(AJ$2&$C29&$A29,集計!$D:$R,$B29,0)<>SUM(AJ25,AJ28),"NG",SUM(AJ25,AJ28)) -> #N/A | AK29: =IF(VLOOKUP(AK$2&$C29&$A29,集計!$D:$R,$B29,0)<>SUM(AK25,AK28),"NG",SUM(AK25,AK28)) -> #N/A | AL29: =AL25+AL28 -> #N/A | AM29: =IF(VLOOKUP(AM$2&$C29&$A29,集計!$D:$R,$B29,0)<>SUM(AM25,AM28),"NG",SUM(AM25,AM28)) -> #N/A | AN29: =IF(VLOOKUP(AN$2&$C29&$A29,集計!$D:$R,$B29,0)<>SUM(AN25,AN28),"NG",SUM(AN25,AN28)) -> #N/A | AO29: =AO25+AO28 -> #N/A | AP29: =IF(VLOOKUP(AP$2&$C29&$A29,集計!$D:$R,$B29,0)<>SUM(AP25,AP28),"NG",SUM(AP25,AP28)) -> #N/A | AQ29: =IF(VLOOKUP(AQ$2&$C29&$A29,集計!$D:$R,$B29,0)<>SUM(AQ25,AQ28),"NG",SUM(AQ25,AQ28)) -> #N/A | AR29: =IF(VLOOKUP(AR$2&$C29&$A29,集計!$D:$R,$B29,0)<>SUM(AR25,AR28),"NG",SUM(AR25,AR28)) -> #N/A | AS29: =AS25+AS28 -> #N/A | AT29: =AT25+AT28 -> #N/A | AU29: =IF(VLOOKUP(AU$2&$C29&$A29,集計!$D:$R,$B29,0)<>SUM(AU25,AU28),"NG",SUM(AU25,AU28)) -> #N/A | AV29: =IF(VLOOKUP(AV$2&$C29&$A29,集計!$D:$R,$B29,0)<>SUM(AV25,AV28),"NG",SUM(AV25,AV28)) -> #N/A | AW29: =IF(VLOOKUP(AW$2&$C29&$A29,集計!$D:$R,$B29,0)<>SUM(AW25,AW28),"NG",SUM(AW25,AW28)) -> #N/A | AX29: =IF(VLOOKUP(AX$2&$C29&$A29,集計!$D:$R,$B29,0)<>SUM(AX25,AX28),"NG",SUM(AX25,AX28)) -> #N/A | AY29: =IF(VLOOKUP(AY$2&$C29&$A29,集計!$D:$R,$B29,0)<>SUM(AY25,AY28),"NG",SUM(AY25,AY28)) -> #N/A | AZ29: =AZ25+AZ28 -> #N/A | BA29: =BA25+BA28 -> #N/A | BB29: =IF(VLOOKUP(BB$2&$C29&$A29,集計!$D:$R,$B29,0)<>SUM(BB25,BB28),"NG",SUM(BB25,BB28)) -> #N/A | BC29: =IF(VLOOKUP(BC$2&$C29&$A29,集計!$D:$R,$B29,0)<>SUM(BC25,BC28),"NG",SUM(BC25,BC28)) -> #N/A | BD29: =BD25+BD28 -> #N/A | BE29: =IF(VLOOKUP(BE$2&$C29&$A29,集計!$D:$R,$B29,0)<>SUM(BE25,BE28),"NG",SUM(BE25,BE28)) -> #N/A | BF29: =IF(VLOOKUP(BF$2&$C29&$A29,集計!$D:$R,$B29,0)<>SUM(BF25,BF28),"NG",SUM(BF25,BF28)) -> #N/A | BG29: =IF(VLOOKUP(BG$2&$C29&$A29,集計!$D:$R,$B29,0)<>SUM(BG25,BG28),"NG",SUM(BG25,BG28)) -> #N/A | BH29: =IF(VLOOKUP(BH$2&$C29&$A29,集計!$D:$R,$B29,0)<>SUM(BH25,BH28),"NG",SUM(BH25,BH28)) -> #N/A | BI29: =IF(VLOOKUP(BI$2&$C29&$A29,集計!$D:$R,$B29,0)<>SUM(BI25,BI28),"NG",SUM(BI25,BI28)) -> #N/A | BJ29: =BJ25+BJ28 -> #N/A | BK29: =IF(VLOOKUP(BK$2&$C29&$A29,集計!$D:$R,$B29,0)<>SUM(BK25,BK28),"NG",SUM(BK25,BK28)) -> #N/A | BL29: =IF(VLOOKUP(BL$2&$C29&$A29,集計!$D:$R,$B29,0)<>SUM(BL25,BL28),"NG",SUM(BL25,BL28)) -> #N/A | BM29: =IF(VLOOKUP(BM$2&$C29&$A29,集計!$D:$R,$B29,0)<>SUM(BM25,BM28),"NG",SUM(BM25,BM28)) -> #N/A | BN29: =IF(VLOOKUP(BN$2&$C29&$A29,集計!$D:$R,$B29,0)<>SUM(BN25,BN28),"NG",SUM(BN25,BN28)) -> #N/A | BO29: =IF(VLOOKUP(BO$2&$C29&$A29,集計!$D:$R,$B29,0)<>SUM(BO25,BO28),"NG",SUM(BO25,BO28)) -> #N/A | BP29: =IF(VLOOKUP(BP$2&$C29&$A29,集計!$D:$R,$B29,0)<>SUM(BP25,BP28),"NG",SUM(BP25,BP28)) -> #N/A | BQ29: =BQ25+BQ28 -> #N/A | BR29: =IF(VLOOKUP(BR$2&$C29&$A29,集計!$D:$R,$B29,0)<>SUM(BR25,BR28),"NG",SUM(BR25,BR28)) -> #N/A | BS29: =IF(VLOOKUP(BS$2&$C29&$A29,集計!$D:$R,$B29,0)<>SUM(BS25,BS28),"NG",SUM(BS25,BS28)) -> #N/A | BT29: =IF(VLOOKUP(BT$2&$C29&$A29,集計!$D:$R,$B29,0)<>SUM(BT25,BT28),"NG",SUM(BT25,BT28)) -> #N/A | BU29: =BU25+BU28 -> #N/A | BV29: =IF(VLOOKUP(BV$2&$C29&$A29,集計!$D:$R,$B29,0)<>SUM(BV25,BV28),"NG",SUM(BV25,BV28)) -> #N/A | BW29: =BW25+BW28 -> #N/A | BX29: =BX25+BX28 -> #N/A
B31: 8 | C31: 人員
A32: 人員 | B32: 8 | C32: 出向社員 | D32: =VLOOKUP(D$2&$C32&$A32,集計!$D:$R,$B32,0) -> #N/A | E32: =VLOOKUP(E$2&$C32&$A32,集計!$D:$R,$B32,0) -> #N/A | F32: =VLOOKUP(F$2&$C32&$A32,集計!$D:$R,$B32,0) -> #N/A | G32: =VLOOKUP(G$2&$C32&$A32,集計!$D:$R,$B32,0) -> #N/A | H32: =VLOOKUP(H$2&$C32&$A32,集計!$D:$R,$B32,0) -> #N/A | I32: =D32+E32+F32+G32+H32 -> #N/A | J32: =VLOOKUP(J$2&$C32&$A32,集計!$D:$R,$B32,0) -> #N/A | K32: =VLOOKUP(K$2&$C32&$A32,集計!$D:$R,$B32,0) -> #N/A | L32: =VLOOKUP(L$2&$C32&$A32,集計!$D:$R,$B32,0) -> #N/A | M32: =VLOOKUP(M$2&$C32&$A32,集計!$D:$R,$B32,0) -> #N/A | N32: =J32+K32+L32+M32 -> #N/A | O32: =VLOOKUP(O$2&$C32&$A32,集計!$D:$R,$B32,0) -> #N/A | P32: =VLOOKUP(P$2&$C32&$A32,集計!$D:$R,$B32,0) -> #N/A | Q32: =VLOOKUP(Q$2&$C32&$A32,集計!$D:$R,$B32,0) -> #N/A | R32: =VLOOKUP(R$2&$C32&$A32,集計!$D:$R,$B32,0) -> #N/A | S32: =VLOOKUP(S$2&$C32&$A32,集計!$D:$R,$B32,0) -> #N/A | T32: =O32+P32+Q32+R32+S32 -> #N/A | U32: =VLOOKUP(U$2&$C32&$A32,集計!$D:$R,$B32,0) -> #N/A | V32: =VLOOKUP(V$2&$C32&$A32,集計!$D:$R,$B32,0) -> #N/A | W32: =VLOOKUP(W$2&$C32&$A32,集計!$D:$R,$B32,0) -> #N/A | X32: =U32+V32+W32 -> #N/A | Y32: =VLOOKUP(Y$2&$C32&$A32,集計!$D:$R,$B32,0) -> #N/A | Z32: =VLOOKUP(Z$2&$C32&$A32,集計!$D:$R,$B32,0) -> #N/A | AA32: =VLOOKUP(AA$2&$C32&$A32,集計!$D:$R,$B32,0) -> #N/A | AB32: =Y32+Z32+AA32 -> #N/A | AC32: =I32+N32+T32+X32+AB32 -> #N/A | AD32: =VLOOKUP(AD$2&$C32&$A32,集計!$D:$R,$B32,0) -> #N/A | AE32: =VLOOKUP(AE$2&$C32&$A32,集計!$D:$R,$B32,0) -> #N/A | AF32: =VLOOKUP(AF$2&$C32&$A32,集計!$D:$R,$B32,0) -> #N/A | AG32: =VLOOKUP(AG$2&$C32&$A32,集計!$D:$R,$B32,0) -> #N/A | AH32: =AD32+AE32+AF32+AG32 -> #N/A | AI32: =VLOOKUP(AI$2&$C32&$A32,集計!$D:$R,$B32,0) -> #N/A | AJ32: =VLOOKUP(AJ$2&$C32&$A32,集計!$D:$R,$B32,0) -> #N/A | AK32: =VLOOKUP(AK$2&$C32&$A32,集計!$D:$R,$B32,0) -> #N/A | AL32: =AI32+AJ32+AK32 -> #N/A | AM32: =VLOOKUP(AM$2&$C32&$A32,集計!$D:$R,$B32,0) -> #N/A | AN32: =VLOOKUP(AN$2&$C32&$A32,集計!$D:$R,$B32,0) -> #N/A | AO32: =AM32+AN32 -> #N/A | AP32: =VLOOKUP(AP$2&$C32&$A32,集計!$D:$R,$B32,0) -> #N/A | AQ32: =VLOOKUP(AQ$2&$C32&$A32,集計!$D:$R,$B32,0) -> #N/A | AR32: =VLOOKUP(AR$2&$C32&$A32,集計!$D:$R,$B32,0) -> #N/A | AS32: =AP32+AQ32+AR32 -> #N/A | AT32: =AH32+AL32+AO32+AS32 -> #N/A | AU32: =VLOOKUP(AU$2&$C32&$A32,集計!$D:$R,$B32,0) -> #N/A | AV32: =VLOOKUP(AV$2&$C32&$A32,集計!$D:$R,$B32,0) -> #N/A | AW32: =VLOOKUP(AW$2&$C32&$A32,集計!$D:$R,$B32,0) -> #N/A | AX32: =VLOOKUP(AX$2&$C32&$A32,集計!$D:$R,$B32,0) -> #N/A | AY32: =VLOOKUP(AY$2&$C32&$A32,集計!$D:$R,$B32,0) -> #N/A | AZ32: =AU32+AV32+AW32+AX32+AY32 -> #N/A | BA32: =AZ32 -> #N/A | BB32: =VLOOKUP(BB$2&$C32&$A32,集計!$D:$R,$B32,0) -> #N/A | BC32: =VLOOKUP(BC$2&$C32&$A32,集計!$D:$R,$B32,0) -> #N/A | BD32: =BB32+BC32 -> #N/A | BE32: =VLOOKUP(BE$2&$C32&$A32,集計!$D:$R,$B32,0) -> #N/A | BF32: =VLOOKUP(BF$2&$C32&$A32,集計!$D:$R,$B32,0) -> #N/A | BG32: =VLOOKUP(BG$2&$C32&$A32,集計!$D:$R,$B32,0) -> #N/A | BH32: =VLOOKUP(BH$2&$C32&$A32,集計!$D:$R,$B32,0) -> #N/A | BI32: =VLOOKUP(BI$2&$C32&$A32,集計!$D:$R,$B32,0) -> #N/A | BJ32: =BE32+BF32+BG32+BH32+BI32 -> #N/A | BK32: =VLOOKUP(BK$2&$C32&$A32,集計!$D:$R,$B32,0) -> #N/A | BL32: =VLOOKUP(BL$2&$C32&$A32,集計!$D:$R,$B32,0) -> #N/A | BM32: =VLOOKUP(BM$2&$C32&$A32,集計!$D:$R,$B32,0) -> #N/A | BN32: =VLOOKUP(BN$2&$C32&$A32,集計!$D:$R,$B32,0) -> #N/A | BO32: =VLOOKUP(BO$2&$C32&$A32,集計!$D:$R,$B32,0) -> #N/A | BP32: =VLOOKUP(BP$2&$C32&$A32,集計!$D:$R,$B32,0) -> #N/A | BQ32: =BK32+BL32+BM32+BN32+BO32+BP32 -> #N/A | BR32: =VLOOKUP(BR$2&$C32&$A32,集計!$D:$R,$B32,0) -> #N/A | BS32: =VLOOKUP(BS$2&$C32&$A32,集計!$D:$R,$B32,0) -> #N/A | BT32: =VLOOKUP(BT$2&$C32&$A32,集計!$D:$R,$B32,0) -> #N/A | BU32: =BR32+BS32+BT32 -> #N/A | BV32: =VLOOKUP(BV$2&$C32&$A32,集計!$D:$R,$B32,0) -> #N/A | BW32: =BV32 -> #N/A | BX32: =AC32+AT32+BA32+BD32+BJ32+BQ32+BU32+BW32 -> #N/A
A33: 人員 | B33: 8 | C33: G5以上 | D33: =VLOOKUP(D$2&$C33&$A33,集計!$D:$R,$B33,0) -> #N/A | E33: =VLOOKUP(E$2&$C33&$A33,集計!$D:$R,$B33,0) -> #N/A | F33: =VLOOKUP(F$2&$C33&$A33,集計!$D:$R,$B33,0) -> #N/A | G33: =VLOOKUP(G$2&$C33&$A33,集計!$D:$R,$B33,0) -> #N/A | H33: =VLOOKUP(H$2&$C33&$A33,集計!$D:$R,$B33,0) -> #N/A | I33: =D33+E33+F33+G33+H33 -> #N/A | J33: =VLOOKUP(J$2&$C33&$A33,集計!$D:$R,$B33,0) -> #N/A | K33: =VLOOKUP(K$2&$C33&$A33,集計!$D:$R,$B33,0) -> #N/A | L33: =VLOOKUP(L$2&$C33&$A33,集計!$D:$R,$B33,0) -> #N/A | M33: =VLOOKUP(M$2&$C33&$A33,集計!$D:$R,$B33,0) -> #N/A | N33: =J33+K33+L33+M33 -> #N/A | O33: =VLOOKUP(O$2&$C33&$A33,集計!$D:$R,$B33,0) -> #N/A | P33: =VLOOKUP(P$2&$C33&$A33,集計!$D:$R,$B33,0) -> #N/A | Q33: =VLOOKUP(Q$2&$C33&$A33,集計!$D:$R,$B33,0) -> #N/A | R33: =VLOOKUP(R$2&$C33&$A33,集計!$D:$R,$B33,0) -> #N/A | S33: =VLOOKUP(S$2&$C33&$A33,集計!$D:$R,$B33,0) -> #N/A | T33: =O33+P33+Q33+R33+S33 -> #N/A | U33: =VLOOKUP(U$2&$C33&$A33,集計!$D:$R,$B33,0) -> #N/A | V33: =VLOOKUP(V$2&$C33&$A33,集計!$D:$R,$B33,0) -> #N/A | W33: =VLOOKUP(W$2&$C33&$A33,集計!$D:$R,$B33,0) -> #N/A | X33: =U33+V33+W33 -> #N/A | Y33: =VLOOKUP(Y$2&$C33&$A33,集計!$D:$R,$B33,0) -> #N/A | Z33: =VLOOKUP(Z$2&$C33&$A33,集計!$D:$R,$B33,0) -> #N/A | AA33: =VLOOKUP(AA$2&$C33&$A33,集計!$D:$R,$B33,0) -> #N/A | AB33: =Y33+Z33+AA33 -> #N/A | AC33: =I33+N33+T33+X33+AB33 -> #N/A | AD33: =VLOOKUP(AD$2&$C33&$A33,集計!$D:$R,$B33,0) -> #N/A | AE33: =VLOOKUP(AE$2&$C33&$A33,集計!$D:$R,$B33,0) -> #N/A | AF33: =VLOOKUP(AF$2&$C33&$A33,集計!$D:$R,$B33,0) -> #N/A | AG33: =VLOOKUP(AG$2&$C33&$A33,集計!$D:$R,$B33,0) -> #N/A | AH33: =AD33+AE33+AF33+AG33 -> #N/A | AI33: =VLOOKUP(AI$2&$C33&$A33,集計!$D:$R,$B33,0) -> #N/A | AJ33: =VLOOKUP(AJ$2&$C33&$A33,集計!$D:$R,$B33,0) -> #N/A | AK33: =VLOOKUP(AK$2&$C33&$A33,集計!$D:$R,$B33,0) -> #N/A | AL33: =AI33+AJ33+AK33 -> #N/A | AM33: =VLOOKUP(AM$2&$C33&$A33,集計!$D:$R,$B33,0) -> #N/A | AN33: =VLOOKUP(AN$2&$C33&$A33,集計!$D:$R,$B33,0) -> #N/A | AO33: =AM33+AN33 -> #N/A | AP33: =VLOOKUP(AP$2&$C33&$A33,集計!$D:$R,$B33,0) -> #N/A | AQ33: =VLOOKUP(AQ$2&$C33&$A33,集計!$D:$R,$B33,0) -> #N/A | AR33: =VLOOKUP(AR$2&$C33&$A33,集計!$D:$R,$B33,0) -> #N/A | AS33: =AP33+AQ33+AR33 -> #N/A | AT33: =AH33+AL33+AO33+AS33 -> #N/A | AU33: =VLOOKUP(AU$2&$C33&$A33,集計!$D:$R,$B33,0) -> #N/A | AV33: =VLOOKUP(AV$2&$C33&$A33,集計!$D:$R,$B33,0) -> #N/A | AW33: =VLOOKUP(AW$2&$C33&$A33,集計!$D:$R,$B33,0) -> #N/A | AX33: =VLOOKUP(AX$2&$C33&$A33,集計!$D:$R,$B33,0) -> #N/A | AY33: =VLOOKUP(AY$2&$C33&$A33,集計!$D:$R,$B33,0) -> #N/A | AZ33: =AU33+AV33+AW33+AX33+AY33 -> #N/A | BA33: =AZ33 -> #N/A | BB33: =VLOOKUP(BB$2&$C33&$A33,集計!$D:$R,$B33,0) -> #N/A | BC33: =VLOOKUP(BC$2&$C33&$A33,集計!$D:$R,$B33,0) -> #N/A | BD33: =BB33+BC33 -> #N/A | BE33: =VLOOKUP(BE$2&$C33&$A33,集計!$D:$R,$B33,0) -> #N/A | BF33: =VLOOKUP(BF$2&$C33&$A33,集計!$D:$R,$B33,0) -> #N/A | BG33: =VLOOKUP(BG$2&$C33&$A33,集計!$D:$R,$B33,0) -> #N/A | BH33: =VLOOKUP(BH$2&$C33&$A33,集計!$D:$R,$B33,0) -> #N/A | BI33: =VLOOKUP(BI$2&$C33&$A33,集計!$D:$R,$B33,0) -> #N/A | BJ33: =BE33+BF33+BG33+BH33+BI33 -> #N/A | BK33: =VLOOKUP(BK$2&$C33&$A33,集計!$D:$R,$B33,0) -> #N/A | BL33: =VLOOKUP(BL$2&$C33&$A33,集計!$D:$R,$B33,0) -> #N/A | BM33: =VLOOKUP(BM$2&$C33&$A33,集計!$D:$R,$B33,0) -> #N/A | BN33: =VLOOKUP(BN$2&$C33&$A33,集計!$D:$R,$B33,0) -> #N/A | BO33: =VLOOKUP(BO$2&$C33&$A33,集計!$D:$R,$B33,0) -> #N/A | BP33: =VLOOKUP(BP$2&$C33&$A33,集計!$D:$R,$B33,0) -> #N/A | BQ33: =BK33+BL33+BM33+BN33+BO33+BP33 -> #N/A | BR33: =VLOOKUP(BR$2&$C33&$A33,集計!$D:$R,$B33,0) -> #N/A | BS33: =VLOOKUP(BS$2&$C33&$A33,集計!$D:$R,$B33,0) -> #N/A | BT33: =VLOOKUP(BT$2&$C33&$A33,集計!$D:$R,$B33,0) -> #N/A | BU33: =BR33+BS33+BT33 -> #N/A | BV33: =VLOOKUP(BV$2&$C33&$A33,集計!$D:$R,$B33,0) -> #N/A | BW33: =BV33 -> #N/A | BX33: =AC33+AT33+BA33+BD33+BJ33+BQ33+BU33+BW33 -> #N/A
A34: 人員 | B34: 8 | C34: G7, G6 | D34: =VLOOKUP(D$2&$C34&$A34,集計!$D:$R,$B34,0) -> #N/A | E34: =VLOOKUP(E$2&$C34&$A34,集計!$D:$R,$B34,0) -> #N/A | F34: =VLOOKUP(F$2&$C34&$A34,集計!$D:$R,$B34,0) -> #N/A | G34: =VLOOKUP(G$2&$C34&$A34,集計!$D:$R,$B34,0) -> #N/A | H34: =VLOOKUP(H$2&$C34&$A34,集計!$D:$R,$B34,0) -> #N/A | I34: =D34+E34+F34+G34+H34 -> #N/A | J34: =VLOOKUP(J$2&$C34&$A34,集計!$D:$R,$B34,0) -> #N/A | K34: =VLOOKUP(K$2&$C34&$A34,集計!$D:$R,$B34,0) -> #N/A | L34: =VLOOKUP(L$2&$C34&$A34,集計!$D:$R,$B34,0) -> #N/A | M34: =VLOOKUP(M$2&$C34&$A34,集計!$D:$R,$B34,0) -> #N/A | N34: =J34+K34+L34+M34 -> #N/A | O34: =VLOOKUP(O$2&$C34&$A34,集計!$D:$R,$B34,0) -> #N/A | P34: =VLOOKUP(P$2&$C34&$A34,集計!$D:$R,$B34,0) -> #N/A | Q34: =VLOOKUP(Q$2&$C34&$A34,集計!$D:$R,$B34,0) -> #N/A | R34: =VLOOKUP(R$2&$C34&$A34,集計!$D:$R,$B34,0) -> #N/A | S34: =VLOOKUP(S$2&$C34&$A34,集計!$D:$R,$B34,0) -> #N/A | T34: =O34+P34+Q34+R34+S34 -> #N/A | U34: =VLOOKUP(U$2&$C34&$A34,集計!$D:$R,$B34,0) -> #N/A | V34: =VLOOKUP(V$2&$C34&$A34,集計!$D:$R,$B34,0) -> #N/A | W34: =VLOOKUP(W$2&$C34&$A34,集計!$D:$R,$B34,0) -> #N/A | X34: =U34+V34+W34 -> #N/A | Y34: =VLOOKUP(Y$2&$C34&$A34,集計!$D:$R,$B34,0) -> #N/A | Z34: =VLOOKUP(Z$2&$C34&$A34,集計!$D:$R,$B34,0) -> #N/A | AA34: =VLOOKUP(AA$2&$C34&$A34,集計!$D:$R,$B34,0) -> #N/A | AB34: =Y34+Z34+AA34 -> #N/A | AC34: =I34+N34+T34+X34+AB34 -> #N/A | AD34: =VLOOKUP(AD$2&$C34&$A34,集計!$D:$R,$B34,0) -> #N/A | AE34: =VLOOKUP(AE$2&$C34&$A34,集計!$D:$R,$B34,0) -> #N/A | AF34: =VLOOKUP(AF$2&$C34&$A34,集計!$D:$R,$B34,0) -> #N/A | AG34: =VLOOKUP(AG$2&$C34&$A34,集計!$D:$R,$B34,0) -> #N/A | AH34: =AD34+AE34+AF34+AG34 -> #N/A | AI34: =VLOOKUP(AI$2&$C34&$A34,集計!$D:$R,$B34,0) -> #N/A | AJ34: =VLOOKUP(AJ$2&$C34&$A34,集計!$D:$R,$B34,0) -> #N/A | AK34: =VLOOKUP(AK$2&$C34&$A34,集計!$D:$R,$B34,0) -> #N/A | AL34: =AI34+AJ34+AK34 -> #N/A | AM34: =VLOOKUP(AM$2&$C34&$A34,集計!$D:$R,$B34,0) -> #N/A | AN34: =VLOOKUP(AN$2&$C34&$A34,集計!$D:$R,$B34,0) -> #N/A | AO34: =AM34+AN34 -> #N/A | AP34: =VLOOKUP(AP$2&$C34&$A34,集計!$D:$R,$B34,0) -> #N/A | AQ34: =VLOOKUP(AQ$2&$C34&$A34,集計!$D:$R,$B34,0) -> #N/A | AR34: =VLOOKUP(AR$2&$C34&$A34,集計!$D:$R,$B34,0) -> #N/A | AS34: =AP34+AQ34+AR34 -> #N/A | AT34: =AH34+AL34+AO34+AS34 -> #N/A | AU34: =VLOOKUP(AU$2&$C34&$A34,集計!$D:$R,$B34,0) -> #N/A | AV34: =VLOOKUP(AV$2&$C34&$A34,集計!$D:$R,$B34,0) -> #N/A | AW34: =VLOOKUP(AW$2&$C34&$A34,集計!$D:$R,$B34,0) -> #N/A | AX34: =VLOOKUP(AX$2&$C34&$A34,集計!$D:$R,$B34,0) -> #N/A | AY34: =VLOOKUP(AY$2&$C34&$A34,集計!$D:$R,$B34,0) -> #N/A | AZ34: =AU34+AV34+AW34+AX34+AY34 -> #N/A | BA34: =AZ34 -> #N/A | BB34: =VLOOKUP(BB$2&$C34&$A34,集計!$D:$R,$B34,0) -> #N/A | BC34: =VLOOKUP(BC$2&$C34&$A34,集計!$D:$R,$B34,0) -> #N/A | BD34: =BB34+BC34 -> #N/A | BE34: =VLOOKUP(BE$2&$C34&$A34,集計!$D:$R,$B34,0) -> #N/A | BF34: =VLOOKUP(BF$2&$C34&$A34,集計!$D:$R,$B34,0) -> #N/A | BG34: =VLOOKUP(BG$2&$C34&$A34,集計!$D:$R,$B34,0) -> #N/A | BH34: =VLOOKUP(BH$2&$C34&$A34,集計!$D:$R,$B34,0) -> #N/A | BI34: =VLOOKUP(BI$2&$C34&$A34,集計!$D:$R,$B34,0) -> #N/A | BJ34: =BE34+BF34+BG34+BH34+BI34 -> #N/A | BK34: =VLOOKUP(BK$2&$C34&$A34,集計!$D:$R,$B34,0) -> #N/A | BL34: =VLOOKUP(BL$2&$C34&$A34,集計!$D:$R,$B34,0) -> #N/A | BM34: =VLOOKUP(BM$2&$C34&$A34,集計!$D:$R,$B34,0) -> #N/A | BN34: =VLOOKUP(BN$2&$C34&$A34,集計!$D:$R,$B34,0) -> #N/A | BO34: =VLOOKUP(BO$2&$C34&$A34,集計!$D:$R,$B34,0) -> #N/A | BP34: =VLOOKUP(BP$2&$C34&$A34,集計!$D:$R,$B34,0) -> #N/A | BQ34: =BK34+BL34+BM34+BN34+BO34+BP34 -> #N/A | BR34: =VLOOKUP(BR$2&$C34&$A34,集計!$D:$R,$B34,0) -> #N/A | BS34: =VLOOKUP(BS$2&$C34&$A34,集計!$D:$R,$B34,0) -> #N/A | BT34: =VLOOKUP(BT$2&$C34&$A34,集計!$D:$R,$B34,0) -> #N/A | BU34: =BR34+BS34+BT34 -> #N/A | BV34: =VLOOKUP(BV$2&$C34&$A34,集計!$D:$R,$B34,0) -> #N/A | BW34: =BV34 -> #N/A | BX34: =AC34+AT34+BA34+BD34+BJ34+BQ34+BU34+BW34 -> #N/A
A35: 人員 | B35: 8 | C35: ローカル社員 | D35: =IF(VLOOKUP(D$2&$C35&$A35,集計!$D:$R,$B35,0)<>SUM(D33:D34),"NG",SUM(D33:D34)) -> #N/A | E35: =IF(VLOOKUP(E$2&$C35&$A35,集計!$D:$R,$B35,0)<>SUM(E33:E34),"NG",SUM(E33:E34)) -> #N/A | F35: =IF(VLOOKUP(F$2&$C35&$A35,集計!$D:$R,$B35,0)<>SUM(F33:F34),"NG",SUM(F33:F34)) -> #N/A | G35: =IF(VLOOKUP(G$2&$C35&$A35,集計!$D:$R,$B35,0)<>SUM(G33:G34),"NG",SUM(G33:G34)) -> #N/A | H35: =IF(VLOOKUP(H$2&$C35&$A35,集計!$D:$R,$B35,0)<>SUM(H33:H34),"NG",SUM(H33:H34)) -> #N/A | I35: =I33+I34 -> #N/A | J35: =IF(VLOOKUP(J$2&$C35&$A35,集計!$D:$R,$B35,0)<>SUM(J33:J34),"NG",SUM(J33:J34)) -> #N/A | K35: =IF(VLOOKUP(K$2&$C35&$A35,集計!$D:$R,$B35,0)<>SUM(K33:K34),"NG",SUM(K33:K34)) -> #N/A | L35: =IF(VLOOKUP(L$2&$C35&$A35,集計!$D:$R,$B35,0)<>SUM(L33:L34),"NG",SUM(L33:L34)) -> #N/A | M35: =IF(VLOOKUP(M$2&$C35&$A35,集計!$D:$R,$B35,0)<>SUM(M33:M34),"NG",SUM(M33:M34)) -> #N/A | N35: =N33+N34 -> #N/A | O35: =IF(VLOOKUP(O$2&$C35&$A35,集計!$D:$R,$B35,0)<>SUM(O33:O34),"NG",SUM(O33:O34)) -> #N/A | P35: =IF(VLOOKUP(P$2&$C35&$A35,集計!$D:$R,$B35,0)<>SUM(P33:P34),"NG",SUM(P33:P34)) -> #N/A | Q35: =IF(VLOOKUP(Q$2&$C35&$A35,集計!$D:$R,$B35,0)<>SUM(Q33:Q34),"NG",SUM(Q33:Q34)) -> #N/A | R35: =IF(VLOOKUP(R$2&$C35&$A35,集計!$D:$R,$B35,0)<>SUM(R33:R34),"NG",SUM(R33:R34)) -> #N/A | S35: =IF(VLOOKUP(S$2&$C35&$A35,集計!$D:$R,$B35,0)<>SUM(S33:S34),"NG",SUM(S33:S34)) -> #N/A | T35: =T33+T34 -> #N/A | U35: =IF(VLOOKUP(U$2&$C35&$A35,集計!$D:$R,$B35,0)<>SUM(U33:U34),"NG",SUM(U33:U34)) -> #N/A | V35: =IF(VLOOKUP(V$2&$C35&$A35,集計!$D:$R,$B35,0)<>SUM(V33:V34),"NG",SUM(V33:V34)) -> #N/A | W35: =IF(VLOOKUP(W$2&$C35&$A35,集計!$D:$R,$B35,0)<>SUM(W33:W34),"NG",SUM(W33:W34)) -> #N/A | X35: =SUM(X33:X34) -> #N/A | Y35: =IF(VLOOKUP(Y$2&$C35&$A35,集計!$D:$R,$B35,0)<>SUM(Y33:Y34),"NG",SUM(Y33:Y34)) -> #N/A | Z35: =IF(VLOOKUP(Z$2&$C35&$A35,集計!$D:$R,$B35,0)<>SUM(Z33:Z34),"NG",SUM(Z33:Z34)) -> #N/A | AA35: =IF(VLOOKUP(AA$2&$C35&$A35,集計!$D:$R,$B35,0)<>SUM(AA33:AA34),"NG",SUM(AA33:AA34)) -> #N/A | AB35: =SUM(AB33:AB34) -> #N/A | AC35: =SUM(AC33:AC34) -> #N/A | AD35: =IF(VLOOKUP(AD$2&$C35&$A35,集計!$D:$R,$B35,0)<>SUM(AD33:AD34),"NG",SUM(AD33:AD34)) -> #N/A | AE35: =IF(VLOOKUP(AE$2&$C35&$A35,集計!$D:$R,$B35,0)<>SUM(AE33:AE34),"NG",SUM(AE33:AE34)) -> #N/A | AF35: =IF(VLOOKUP(AF$2&$C35&$A35,集計!$D:$R,$B35,0)<>SUM(AF33:AF34),"NG",SUM(AF33:AF34)) -> #N/A | AG35: =IF(VLOOKUP(AG$2&$C35&$A35,集計!$D:$R,$B35,0)<>SUM(AG33:AG34),"NG",SUM(AG33:AG34)) -> #N/A | AH35: =SUM(AH33:AH34) -> #N/A | AI35: =IF(VLOOKUP(AI$2&$C35&$A35,集計!$D:$R,$B35,0)<>SUM(AI33:AI34),"NG",SUM(AI33:AI34)) -> #N/A | AJ35: =IF(VLOOKUP(AJ$2&$C35&$A35,集計!$D:$R,$B35,0)<>SUM(AJ33:AJ34),"NG",SUM(AJ33:AJ34)) -> #N/A | AK35: =IF(VLOOKUP(AK$2&$C35&$A35,集計!$D:$R,$B35,0)<>SUM(AK33:AK34),"NG",SUM(AK33:AK34)) -> #N/A | AL35: =SUM(AL33:AL34) -> #N/A | AM35: =IF(VLOOKUP(AM$2&$C35&$A35,集計!$D:$R,$B35,0)<>SUM(AM33:AM34),"NG",SUM(AM33:AM34)) -> #N/A | AN35: =IF(VLOOKUP(AN$2&$C35&$A35,集計!$D:$R,$B35,0)<>SUM(AN33:AN34),"NG",SUM(AN33:AN34)) -> #N/A | AO35: =SUM(AO33:AO34) -> #N/A | AP35: =IF(VLOOKUP(AP$2&$C35&$A35,集計!$D:$R,$B35,0)<>SUM(AP33:AP34),"NG",SUM(AP33:AP34)) -> #N/A | AQ35: =IF(VLOOKUP(AQ$2&$C35&$A35,集計!$D:$R,$B35,0)<>SUM(AQ33:AQ34),"NG",SUM(AQ33:AQ34)) -> #N/A | AR35: =IF(VLOOKUP(AR$2&$C35&$A35,集計!$D:$R,$B35,0)<>SUM(AR33:AR34),"NG",SUM(AR33:AR34)) -> #N/A | AS35: =SUM(AS33:AS34) -> #N/A | AT35: =SUM(AT33:AT34) -> #N/A | AU35: =IF(VLOOKUP(AU$2&$C35&$A35,集計!$D:$R,$B35,0)<>SUM(AU33:AU34),"NG",SUM(AU33:AU34)) -> #N/A | AV35: =IF(VLOOKUP(AV$2&$C35&$A35,集計!$D:$R,$B35,0)<>SUM(AV33:AV34),"NG",SUM(AV33:AV34)) -> #N/A | AW35: =IF(VLOOKUP(AW$2&$C35&$A35,集計!$D:$R,$B35,0)<>SUM(AW33:AW34),"NG",SUM(AW33:AW34)) -> #N/A | AX35: =IF(VLOOKUP(AX$2&$C35&$A35,集計!$D:$R,$B35,0)<>SUM(AX33:AX34),"NG",SUM(AX33:AX34)) -> #N/A | AY35: =IF(VLOOKUP(AY$2&$C35&$A35,集計!$D:$R,$B35,0)<>SUM(AY33:AY34),"NG",SUM(AY33:AY34)) -> #N/A | AZ35: =AZ33+AZ34 -> #N/A | BA35: =BA33+BA34 -> #N/A | BB35: =IF(VLOOKUP(BB$2&$C35&$A35,集計!$D:$R,$B35,0)<>SUM(BB33:BB34),"NG",SUM(BB33:BB34)) -> #N/A | BC35: =IF(VLOOKUP(BC$2&$C35&$A35,集計!$D:$R,$B35,0)<>SUM(BC33:BC34),"NG",SUM(BC33:BC34)) -> #N/A | BD35: =SUM(BD33:BD34) -> #N/A | BE35: =IF(VLOOKUP(BE$2&$C35&$A35,集計!$D:$R,$B35,0)<>SUM(BE33:BE34),"NG",SUM(BE33:BE34)) -> #N/A | BF35: =IF(VLOOKUP(BF$2&$C35&$A35,集計!$D:$R,$B35,0)<>SUM(BF33:BF34),"NG",SUM(BF33:BF34)) -> #N/A | BG35: =IF(VLOOKUP(BG$2&$C35&$A35,集計!$D:$R,$B35,0)<>SUM(BG33:BG34),"NG",SUM(BG33:BG34)) -> #N/A | BH35: =IF(VLOOKUP(BH$2&$C35&$A35,集計!$D:$R,$B35,0)<>SUM(BH33:BH34),"NG",SUM(BH33:BH34)) -> #N/A | BI35: =IF(VLOOKUP(BI$2&$C35&$A35,集計!$D:$R,$B35,0)<>SUM(BI33:BI34),"NG",SUM(BI33:BI34)) -> #N/A | BJ35: =BJ33+BJ34 -> #N/A | BK35: =IF(VLOOKUP(BK$2&$C35&$A35,集計!$D:$R,$B35,0)<>SUM(BK33:BK34),"NG",SUM(BK33:BK34)) -> #N/A | BL35: =IF(VLOOKUP(BL$2&$C35&$A35,集計!$D:$R,$B35,0)<>SUM(BL33:BL34),"NG",SUM(BL33:BL34)) -> #N/A | BM35: =IF(VLOOKUP(BM$2&$C35&$A35,集計!$D:$R,$B35,0)<>SUM(BM33:BM34),"NG",SUM(BM33:BM34)) -> #N/A | BN35: =IF(VLOOKUP(BN$2&$C35&$A35,集計!$D:$R,$B35,0)<>SUM(BN33:BN34),"NG",SUM(BN33:BN34)) -> #N/A | BO35: =IF(VLOOKUP(BO$2&$C35&$A35,集計!$D:$R,$B35,0)<>SUM(BO33:BO34),"NG",SUM(BO33:BO34)) -> #N/A | BP35: =IF(VLOOKUP(BP$2&$C35&$A35,集計!$D:$R,$B35,0)<>SUM(BP33:BP34),"NG",SUM(BP33:BP34)) -> #N/A | BQ35: =BQ33+BQ34 -> #N/A | BR35: =IF(VLOOKUP(BR$2&$C35&$A35,集計!$D:$R,$B35,0)<>SUM(BR33:BR34),"NG",SUM(BR33:BR34)) -> #N/A | BS35: =IF(VLOOKUP(BS$2&$C35&$A35,集計!$D:$R,$B35,0)<>SUM(BS33:BS34),"NG",SUM(BS33:BS34)) -> #N/A | BT35: =IF(VLOOKUP(BT$2&$C35&$A35,集計!$D:$R,$B35,0)<>SUM(BT33:BT34),"NG",SUM(BT33:BT34)) -> #N/A | BU35: =BU33+BU34 -> #N/A | BV35: =IF(VLOOKUP(BV$2&$C35&$A35,集計!$D:$R,$B35,0)<>SUM(BV33:BV34),"NG",SUM(BV33:BV34)) -> #N/A | BW35: =SUM(BW33:BW34) -> #N/A | BX35: =SUM(BX33:BX34) -> #N/A
A36: 人員 | B36: 8 | C36: 人員合計 | D36: =IF(VLOOKUP(D$2&$C36&$A36,集計!$D:$R,$B36,0)<>SUM(D32,D35),"NG",SUM(D32,D35)) -> #N/A | E36: =IF(VLOOKUP(E$2&$C36&$A36,集計!$D:$R,$B36,0)<>SUM(E32,E35),"NG",SUM(E32,E35)) -> #N/A | F36: =IF(VLOOKUP(F$2&$C36&$A36,集計!$D:$R,$B36,0)<>SUM(F32,F35),"NG",SUM(F32,F35)) -> #N/A | G36: =IF(VLOOKUP(G$2&$C36&$A36,集計!$D:$R,$B36,0)<>SUM(G32,G35),"NG",SUM(G32,G35)) -> #N/A | H36: =IF(VLOOKUP(H$2&$C36&$A36,集計!$D:$R,$B36,0)<>SUM(H32,H35),"NG",SUM(H32,H35)) -> #N/A | I36: =I32+I35 -> #N/A | J36: =IF(VLOOKUP(J$2&$C36&$A36,集計!$D:$R,$B36,0)<>SUM(J32,J35),"NG",SUM(J32,J35)) -> #N/A | K36: =IF(VLOOKUP(K$2&$C36&$A36,集計!$D:$R,$B36,0)<>SUM(K32,K35),"NG",SUM(K32,K35)) -> #N/A | L36: =IF(VLOOKUP(L$2&$C36&$A36,集計!$D:$R,$B36,0)<>SUM(L32,L35),"NG",SUM(L32,L35)) -> #N/A | M36: =IF(VLOOKUP(M$2&$C36&$A36,集計!$D:$R,$B36,0)<>SUM(M32,M35),"NG",SUM(M32,M35)) -> #N/A | N36: =N32+N35 -> #N/A | O36: =IF(VLOOKUP(O$2&$C36&$A36,集計!$D:$R,$B36,0)<>SUM(O32,O35),"NG",SUM(O32,O35)) -> #N/A | P36: =IF(VLOOKUP(P$2&$C36&$A36,集計!$D:$R,$B36,0)<>SUM(P32,P35),"NG",SUM(P32,P35)) -> #N/A | Q36: =IF(VLOOKUP(Q$2&$C36&$A36,集計!$D:$R,$B36,0)<>SUM(Q32,Q35),"NG",SUM(Q32,Q35)) -> #N/A | R36: =IF(VLOOKUP(R$2&$C36&$A36,集計!$D:$R,$B36,0)<>SUM(R32,R35),"NG",SUM(R32,R35)) -> #N/A | S36: =IF(VLOOKUP(S$2&$C36&$A36,集計!$D:$R,$B36,0)<>SUM(S32,S35),"NG",SUM(S32,S35)) -> #N/A | T36: =T32+T35 -> #N/A | U36: =IF(VLOOKUP(U$2&$C36&$A36,集計!$D:$R,$B36,0)<>SUM(U32,U35),"NG",SUM(U32,U35)) -> #N/A | V36: =IF(VLOOKUP(V$2&$C36&$A36,集計!$D:$R,$B36,0)<>SUM(V32,V35),"NG",SUM(V32,V35)) -> #N/A | W36: =IF(VLOOKUP(W$2&$C36&$A36,集計!$D:$R,$B36,0)<>SUM(W32,W35),"NG",SUM(W32,W35)) -> #N/A | X36: =X32+X35 -> #N/A | Y36: =IF(VLOOKUP(Y$2&$C36&$A36,集計!$D:$R,$B36,0)<>SUM(Y32,Y35),"NG",SUM(Y32,Y35)) -> #N/A | Z36: =IF(VLOOKUP(Z$2&$C36&$A36,集計!$D:$R,$B36,0)<>SUM(Z32,Z35),"NG",SUM(Z32,Z35)) -> #N/A | AA36: =IF(VLOOKUP(AA$2&$C36&$A36,集計!$D:$R,$B36,0)<>SUM(AA32,AA35),"NG",SUM(AA32,AA35)) -> #N/A | AB36: =AB32+AB35 -> #N/A | AC36: =AC32+AC35 -> #N/A | AD36: =IF(VLOOKUP(AD$2&$C36&$A36,集計!$D:$R,$B36,0)<>SUM(AD32,AD35),"NG",SUM(AD32,AD35)) -> #N/A | AE36: =IF(VLOOKUP(AE$2&$C36&$A36,集計!$D:$R,$B36,0)<>SUM(AE32,AE35),"NG",SUM(AE32,AE35)) -> #N/A | AF36: =IF(VLOOKUP(AF$2&$C36&$A36,集計!$D:$R,$B36,0)<>SUM(AF32,AF35),"NG",SUM(AF32,AF35)) -> #N/A | AG36: =IF(VLOOKUP(AG$2&$C36&$A36,集計!$D:$R,$B36,0)<>SUM(AG32,AG35),"NG",SUM(AG32,AG35)) -> #N/A | AH36: =AH32+AH35 -> #N/A | AI36: =IF(VLOOKUP(AI$2&$C36&$A36,集計!$D:$R,$B36,0)<>SUM(AI32,AI35),"NG",SUM(AI32,AI35)) -> #N/A | AJ36: =IF(VLOOKUP(AJ$2&$C36&$A36,集計!$D:$R,$B36,0)<>SUM(AJ32,AJ35),"NG",SUM(AJ32,AJ35)) -> #N/A | AK36: =IF(VLOOKUP(AK$2&$C36&$A36,集計!$D:$R,$B36,0)<>SUM(AK32,AK35),"NG",SUM(AK32,AK35)) -> #N/A | AL36: =AL32+AL35 -> #N/A | AM36: =IF(VLOOKUP(AM$2&$C36&$A36,集計!$D:$R,$B36,0)<>SUM(AM32,AM35),"NG",SUM(AM32,AM35)) -> #N/A | AN36: =IF(VLOOKUP(AN$2&$C36&$A36,集計!$D:$R,$B36,0)<>SUM(AN32,AN35),"NG",SUM(AN32,AN35)) -> #N/A | AO36: =AO32+AO35 -> #N/A | AP36: =IF(VLOOKUP(AP$2&$C36&$A36,集計!$D:$R,$B36,0)<>SUM(AP32,AP35),"NG",SUM(AP32,AP35)) -> #N/A | AQ36: =IF(VLOOKUP(AQ$2&$C36&$A36,集計!$D:$R,$B36,0)<>SUM(AQ32,AQ35),"NG",SUM(AQ32,AQ35)) -> #N/A | AR36: =IF(VLOOKUP(AR$2&$C36&$A36,集計!$D:$R,$B36,0)<>SUM(AR32,AR35),"NG",SUM(AR32,AR35)) -> #N/A | AS36: =AS32+AS35 -> #N/A | AT36: =AT32+AT35 -> #N/A | AU36: =IF(VLOOKUP(AU$2&$C36&$A36,集計!$D:$R,$B36,0)<>SUM(AU32,AU35),"NG",SUM(AU32,AU35)) -> #N/A | AV36: =IF(VLOOKUP(AV$2&$C36&$A36,集計!$D:$R,$B36,0)<>SUM(AV32,AV35),"NG",SUM(AV32,AV35)) -> #N/A | AW36: =IF(VLOOKUP(AW$2&$C36&$A36,集計!$D:$R,$B36,0)<>SUM(AW32,AW35),"NG",SUM(AW32,AW35)) -> #N/A | AX36: =IF(VLOOKUP(AX$2&$C36&$A36,集計!$D:$R,$B36,0)<>SUM(AX32,AX35),"NG",SUM(AX32,AX35)) -> #N/A | AY36: =IF(VLOOKUP(AY$2&$C36&$A36,集計!$D:$R,$B36,0)<>SUM(AY32,AY35),"NG",SUM(AY32,AY35)) -> #N/A | AZ36: =AZ32+AZ35 -> #N/A | BA36: =BA32+BA35 -> #N/A | BB36: =IF(VLOOKUP(BB$2&$C36&$A36,集計!$D:$R,$B36,0)<>SUM(BB32,BB35),"NG",SUM(BB32,BB35)) -> #N/A | BC36: =IF(VLOOKUP(BC$2&$C36&$A36,集計!$D:$R,$B36,0)<>SUM(BC32,BC35),"NG",SUM(BC32,BC35)) -> #N/A | BD36: =BD32+BD35 -> #N/A | BE36: =IF(VLOOKUP(BE$2&$C36&$A36,集計!$D:$R,$B36,0)<>SUM(BE32,BE35),"NG",SUM(BE32,BE35)) -> #N/A | BF36: =IF(VLOOKUP(BF$2&$C36&$A36,集計!$D:$R,$B36,0)<>SUM(BF32,BF35),"NG",SUM(BF32,BF35)) -> #N/A | BG36: =IF(VLOOKUP(BG$2&$C36&$A36,集計!$D:$R,$B36,0)<>SUM(BG32,BG35),"NG",SUM(BG32,BG35)) -> #N/A | BH36: =IF(VLOOKUP(BH$2&$C36&$A36,集計!$D:$R,$B36,0)<>SUM(BH32,BH35),"NG",SUM(BH32,BH35)) -> #N/A | BI36: =IF(VLOOKUP(BI$2&$C36&$A36,集計!$D:$R,$B36,0)<>SUM(BI32,BI35),"NG",SUM(BI32,BI35)) -> #N/A | BJ36: =BJ32+BJ35 -> #N/A | BK36: =IF(VLOOKUP(BK$2&$C36&$A36,集計!$D:$R,$B36,0)<>SUM(BK32,BK35),"NG",SUM(BK32,BK35)) -> #N/A | BL36: =IF(VLOOKUP(BL$2&$C36&$A36,集計!$D:$R,$B36,0)<>SUM(BL32,BL35),"NG",SUM(BL32,BL35)) -> #N/A | BM36: =IF(VLOOKUP(BM$2&$C36&$A36,集計!$D:$R,$B36,0)<>SUM(BM32,BM35),"NG",SUM(BM32,BM35)) -> #N/A | BN36: =IF(VLOOKUP(BN$2&$C36&$A36,集計!$D:$R,$B36,0)<>SUM(BN32,BN35),"NG",SUM(BN32,BN35)) -> #N/A | BO36: =IF(VLOOKUP(BO$2&$C36&$A36,集計!$D:$R,$B36,0)<>SUM(BO32,BO35),"NG",SUM(BO32,BO35)) -> #N/A | BP36: =IF(VLOOKUP(BP$2&$C36&$A36,集計!$D:$R,$B36,0)<>SUM(BP32,BP35),"NG",SUM(BP32,BP35)) -> #N/A | BQ36: =BQ32+BQ35 -> #N/A | BR36: =IF(VLOOKUP(BR$2&$C36&$A36,集計!$D:$R,$B36,0)<>SUM(BR32,BR35),"NG",SUM(BR32,BR35)) -> #N/A | BS36: =IF(VLOOKUP(BS$2&$C36&$A36,集計!$D:$R,$B36,0)<>SUM(BS32,BS35),"NG",SUM(BS32,BS35)) -> #N/A | BT36: =IF(VLOOKUP(BT$2&$C36&$A36,集計!$D:$R,$B36,0)<>SUM(BT32,BT35),"NG",SUM(BT32,BT35)) -> #N/A | BU36: =BU32+BU35 -> #N/A | BV36: =IF(VLOOKUP(BV$2&$C36&$A36,集計!$D:$R,$B36,0)<>SUM(BV32,BV35),"NG",SUM(BV32,BV35)) -> #N/A | BW36: =BW32+BW35 -> #N/A | BX36: =BX32+BX35 -> #N/A
B38: 9 | C38: 人員
A39: 人員 | B39: 9 | C39: 出向社員 | D39: =VLOOKUP(D$2&$C39&$A39,集計!$D:$R,$B39,0) -> #N/A | E39: =VLOOKUP(E$2&$C39&$A39,集計!$D:$R,$B39,0) -> #N/A | F39: =VLOOKUP(F$2&$C39&$A39,集計!$D:$R,$B39,0) -> #N/A | G39: =VLOOKUP(G$2&$C39&$A39,集計!$D:$R,$B39,0) -> #N/A | H39: =VLOOKUP(H$2&$C39&$A39,集計!$D:$R,$B39,0) -> #N/A | I39: =D39+E39+F39+G39+H39 -> #N/A | J39: =VLOOKUP(J$2&$C39&$A39,集計!$D:$R,$B39,0) -> #N/A | K39: =VLOOKUP(K$2&$C39&$A39,集計!$D:$R,$B39,0) -> #N/A | L39: =VLOOKUP(L$2&$C39&$A39,集計!$D:$R,$B39,0) -> #N/A | M39: =VLOOKUP(M$2&$C39&$A39,集計!$D:$R,$B39,0) -> #N/A | N39: =J39+K39+L39+M39 -> #N/A | O39: =VLOOKUP(O$2&$C39&$A39,集計!$D:$R,$B39,0) -> #N/A | P39: =VLOOKUP(P$2&$C39&$A39,集計!$D:$R,$B39,0) -> #N/A | Q39: =VLOOKUP(Q$2&$C39&$A39,集計!$D:$R,$B39,0) -> #N/A | R39: =VLOOKUP(R$2&$C39&$A39,集計!$D:$R,$B39,0) -> #N/A | S39: =VLOOKUP(S$2&$C39&$A39,集計!$D:$R,$B39,0) -> #N/A | T39: =O39+P39+Q39+R39+S39 -> #N/A | U39: =VLOOKUP(U$2&$C39&$A39,集計!$D:$R,$B39,0) -> #N/A | V39: =VLOOKUP(V$2&$C39&$A39,集計!$D:$R,$B39,0) -> #N/A | W39: =VLOOKUP(W$2&$C39&$A39,集計!$D:$R,$B39,0) -> #N/A | X39: =U39+V39+W39 -> #N/A | Y39: =VLOOKUP(Y$2&$C39&$A39,集計!$D:$R,$B39,0) -> #N/A | Z39: =VLOOKUP(Z$2&$C39&$A39,集計!$D:$R,$B39,0) -> #N/A | AA39: =VLOOKUP(AA$2&$C39&$A39,集計!$D:$R,$B39,0) -> #N/A | AB39: =Y39+Z39+AA39 -> #N/A | AC39: =I39+N39+T39+X39+AB39 -> #N/A | AD39: =VLOOKUP(AD$2&$C39&$A39,集計!$D:$R,$B39,0) -> #N/A | AE39: =VLOOKUP(AE$2&$C39&$A39,集計!$D:$R,$B39,0) -> #N/A | AF39: =VLOOKUP(AF$2&$C39&$A39,集計!$D:$R,$B39,0) -> #N/A | AG39: =VLOOKUP(AG$2&$C39&$A39,集計!$D:$R,$B39,0) -> #N/A | AH39: =AD39+AE39+AF39+AG39 -> #N/A | AI39: =VLOOKUP(AI$2&$C39&$A39,集計!$D:$R,$B39,0) -> #N/A | AJ39: =VLOOKUP(AJ$2&$C39&$A39,集計!$D:$R,$B39,0) -> #N/A | AK39: =VLOOKUP(AK$2&$C39&$A39,集計!$D:$R,$B39,0) -> #N/A | AL39: =AI39+AJ39+AK39 -> #N/A | AM39: =VLOOKUP(AM$2&$C39&$A39,集計!$D:$R,$B39,0) -> #N/A | AN39: =VLOOKUP(AN$2&$C39&$A39,集計!$D:$R,$B39,0) -> #N/A | AO39: =AM39+AN39 -> #N/A | AP39: =VLOOKUP(AP$2&$C39&$A39,集計!$D:$R,$B39,0) -> #N/A | AQ39: =VLOOKUP(AQ$2&$C39&$A39,集計!$D:$R,$B39,0) -> #N/A | AR39: =VLOOKUP(AR$2&$C39&$A39,集計!$D:$R,$B39,0) -> #N/A | AS39: =AP39+AQ39+AR39 -> #N/A | AT39: =AH39+AL39+AO39+AS39 -> #N/A | AU39: =VLOOKUP(AU$2&$C39&$A39,集計!$D:$R,$B39,0) -> #N/A | AV39: =VLOOKUP(AV$2&$C39&$A39,集計!$D:$R,$B39,0) -> #N/A | AW39: =VLOOKUP(AW$2&$C39&$A39,集計!$D:$R,$B39,0) -> #N/A | AX39: =VLOOKUP(AX$2&$C39&$A39,集計!$D:$R,$B39,0) -> #N/A | AY39: =VLOOKUP(AY$2&$C39&$A39,集計!$D:$R,$B39,0) -> #N/A | AZ39: =AU39+AV39+AW39+AX39+AY39 -> #N/A | BA39: =AZ39 -> #N/A | BB39: =VLOOKUP(BB$2&$C39&$A39,集計!$D:$R,$B39,0) -> #N/A | BC39: =VLOOKUP(BC$2&$C39&$A39,集計!$D:$R,$B39,0) -> #N/A | BD39: =BB39+BC39 -> #N/A | BE39: =VLOOKUP(BE$2&$C39&$A39,集計!$D:$R,$B39,0) -> #N/A | BF39: =VLOOKUP(BF$2&$C39&$A39,集計!$D:$R,$B39,0) -> #N/A | BG39: =VLOOKUP(BG$2&$C39&$A39,集計!$D:$R,$B39,0) -> #N/A | BH39: =VLOOKUP(BH$2&$C39&$A39,集計!$D:$R,$B39,0) -> #N/A | BI39: =VLOOKUP(BI$2&$C39&$A39,集計!$D:$R,$B39,0) -> #N/A | BJ39: =BE39+BF39+BG39+BH39+BI39 -> #N/A | BK39: =VLOOKUP(BK$2&$C39&$A39,集計!$D:$R,$B39,0) -> #N/A | BL39: =VLOOKUP(BL$2&$C39&$A39,集計!$D:$R,$B39,0) -> #N/A | BM39: =VLOOKUP(BM$2&$C39&$A39,集計!$D:$R,$B39,0) -> #N/A | BN39: =VLOOKUP(BN$2&$C39&$A39,集計!$D:$R,$B39,0) -> #N/A | BO39: =VLOOKUP(BO$2&$C39&$A39,集計!$D:$R,$B39,0) -> #N/A | BP39: =VLOOKUP(BP$2&$C39&$A39,集計!$D:$R,$B39,0) -> #N/A | BQ39: =BK39+BL39+BM39+BN39+BO39+BP39 -> #N/A | BR39: =VLOOKUP(BR$2&$C39&$A39,集計!$D:$R,$B39,0) -> #N/A | BS39: =VLOOKUP(BS$2&$C39&$A39,集計!$D:$R,$B39,0) -> #N/A | BT39: =VLOOKUP(BT$2&$C39&$A39,集計!$D:$R,$B39,0) -> #N/A | BU39: =BR39+BS39+BT39 -> #N/A | BV39: =VLOOKUP(BV$2&$C39&$A39,集計!$D:$R,$B39,0) -> #N/A | BW39: =BV39 -> #N/A | BX39: =AC39+AT39+BA39+BD39+BJ39+BQ39+BU39+BW39 -> #N/A
A40: 人員 | B40: 9 | C40: G5以上 | D40: =VLOOKUP(D$2&$C40&$A40,集計!$D:$R,$B40,0) -> #N/A | E40: =VLOOKUP(E$2&$C40&$A40,集計!$D:$R,$B40,0) -> #N/A | F40: =VLOOKUP(F$2&$C40&$A40,集計!$D:$R,$B40,0) -> #N/A | G40: =VLOOKUP(G$2&$C40&$A40,集計!$D:$R,$B40,0) -> #N/A | H40: =VLOOKUP(H$2&$C40&$A40,集計!$D:$R,$B40,0) -> #N/A | I40: =D40+E40+F40+G40+H40 -> #N/A | J40: =VLOOKUP(J$2&$C40&$A40,集計!$D:$R,$B40,0) -> #N/A | K40: =VLOOKUP(K$2&$C40&$A40,集計!$D:$R,$B40,0) -> #N/A | L40: =VLOOKUP(L$2&$C40&$A40,集計!$D:$R,$B40,0) -> #N/A | M40: =VLOOKUP(M$2&$C40&$A40,集計!$D:$R,$B40,0) -> #N/A | N40: =J40+K40+L40+M40 -> #N/A | O40: =VLOOKUP(O$2&$C40&$A40,集計!$D:$R,$B40,0) -> #N/A | P40: =VLOOKUP(P$2&$C40&$A40,集計!$D:$R,$B40,0) -> #N/A | Q40: =VLOOKUP(Q$2&$C40&$A40,集計!$D:$R,$B40,0) -> #N/A | R40: =VLOOKUP(R$2&$C40&$A40,集計!$D:$R,$B40,0) -> #N/A | S40: =VLOOKUP(S$2&$C40&$A40,集計!$D:$R,$B40,0) -> #N/A | T40: =O40+P40+Q40+R40+S40 -> #N/A | U40: =VLOOKUP(U$2&$C40&$A40,集計!$D:$R,$B40,0) -> #N/A | V40: =VLOOKUP(V$2&$C40&$A40,集計!$D:$R,$B40,0) -> #N/A | W40: =VLOOKUP(W$2&$C40&$A40,集計!$D:$R,$B40,0) -> #N/A | X40: =U40+V40+W40 -> #N/A | Y40: =VLOOKUP(Y$2&$C40&$A40,集計!$D:$R,$B40,0) -> #N/A | Z40: =VLOOKUP(Z$2&$C40&$A40,集計!$D:$R,$B40,0) -> #N/A | AA40: =VLOOKUP(AA$2&$C40&$A40,集計!$D:$R,$B40,0) -> #N/A | AB40: =Y40+Z40+AA40 -> #N/A | AC40: =I40+N40+T40+X40+AB40 -> #N/A | AD40: =VLOOKUP(AD$2&$C40&$A40,集計!$D:$R,$B40,0) -> #N/A | AE40: =VLOOKUP(AE$2&$C40&$A40,集計!$D:$R,$B40,0) -> #N/A | AF40: =VLOOKUP(AF$2&$C40&$A40,集計!$D:$R,$B40,0) -> #N/A | AG40: =VLOOKUP(AG$2&$C40&$A40,集計!$D:$R,$B40,0) -> #N/A | AH40: =AD40+AE40+AF40+AG40 -> #N/A | AI40: =VLOOKUP(AI$2&$C40&$A40,集計!$D:$R,$B40,0) -> #N/A | AJ40: =VLOOKUP(AJ$2&$C40&$A40,集計!$D:$R,$B40,0) -> #N/A | AK40: =VLOOKUP(AK$2&$C40&$A40,集計!$D:$R,$B40,0) -> #N/A | AL40: =AI40+AJ40+AK40 -> #N/A | AM40: =VLOOKUP(AM$2&$C40&$A40,集計!$D:$R,$B40,0) -> #N/A | AN40: =VLOOKUP(AN$2&$C40&$A40,集計!$D:$R,$B40,0) -> #N/A | AO40: =AM40+AN40 -> #N/A | AP40: =VLOOKUP(AP$2&$C40&$A40,集計!$D:$R,$B40,0) -> #N/A | AQ40: =VLOOKUP(AQ$2&$C40&$A40,集計!$D:$R,$B40,0) -> #N/A | AR40: =VLOOKUP(AR$2&$C40&$A40,集計!$D:$R,$B40,0) -> #N/A | AS40: =AP40+AQ40+AR40 -> #N/A | AT40: =AH40+AL40+AO40+AS40 -> #N/A | AU40: =VLOOKUP(AU$2&$C40&$A40,集計!$D:$R,$B40,0) -> #N/A | AV40: =VLOOKUP(AV$2&$C40&$A40,集計!$D:$R,$B40,0) -> #N/A | AW40: =VLOOKUP(AW$2&$C40&$A40,集計!$D:$R,$B40,0) -> #N/A | AX40: =VLOOKUP(AX$2&$C40&$A40,集計!$D:$R,$B40,0) -> #N/A | AY40: =VLOOKUP(AY$2&$C40&$A40,集計!$D:$R,$B40,0) -> #N/A | AZ40: =AU40+AV40+AW40+AX40+AY40 -> #N/A | BA40: =AZ40 -> #N/A | BB40: =VLOOKUP(BB$2&$C40&$A40,集計!$D:$R,$B40,0) -> #N/A | BC40: =VLOOKUP(BC$2&$C40&$A40,集計!$D:$R,$B40,0) -> #N/A | BD40: =BB40+BC40 -> #N/A | BE40: =VLOOKUP(BE$2&$C40&$A40,集計!$D:$R,$B40,0) -> #N/A | BF40: =VLOOKUP(BF$2&$C40&$A40,集計!$D:$R,$B40,0) -> #N/A | BG40: =VLOOKUP(BG$2&$C40&$A40,集計!$D:$R,$B40,0) -> #N/A | BH40: =VLOOKUP(BH$2&$C40&$A40,集計!$D:$R,$B40,0) -> #N/A | BI40: =VLOOKUP(BI$2&$C40&$A40,集計!$D:$R,$B40,0) -> #N/A | BJ40: =BE40+BF40+BG40+BH40+BI40 -> #N/A | BK40: =VLOOKUP(BK$2&$C40&$A40,集計!$D:$R,$B40,0) -> #N/A | BL40: =VLOOKUP(BL$2&$C40&$A40,集計!$D:$R,$B40,0) -> #N/A | BM40: =VLOOKUP(BM$2&$C40&$A40,集計!$D:$R,$B40,0) -> #N/A | BN40: =VLOOKUP(BN$2&$C40&$A40,集計!$D:$R,$B40,0) -> #N/A | BO40: =VLOOKUP(BO$2&$C40&$A40,集計!$D:$R,$B40,0) -> #N/A | BP40: =VLOOKUP(BP$2&$C40&$A40,集計!$D:$R,$B40,0) -> #N/A | BQ40: =BK40+BL40+BM40+BN40+BO40+BP40 -> #N/A | BR40: =VLOOKUP(BR$2&$C40&$A40,集計!$D:$R,$B40,0) -> #N/A | BS40: =VLOOKUP(BS$2&$C40&$A40,集計!$D:$R,$B40,0) -> #N/A | BT40: =VLOOKUP(BT$2&$C40&$A40,集計!$D:$R,$B40,0) -> #N/A | BU40: =BR40+BS40+BT40 -> #N/A | BV40: =VLOOKUP(BV$2&$C40&$A40,集計!$D:$R,$B40,0) -> #N/A | BW40: =BV40 -> #N/A | BX40: =AC40+AT40+BA40+BD40+BJ40+BQ40+BU40+BW40 -> #N/A
A41: 人員 | B41: 9 | C41: G7, G6 | D41: =VLOOKUP(D$2&$C41&$A41,集計!$D:$R,$B41,0) -> #N/A | E41: =VLOOKUP(E$2&$C41&$A41,集計!$D:$R,$B41,0) -> #N/A | F41: =VLOOKUP(F$2&$C41&$A41,集計!$D:$R,$B41,0) -> #N/A | G41: =VLOOKUP(G$2&$C41&$A41,集計!$D:$R,$B41,0) -> #N/A | H41: =VLOOKUP(H$2&$C41&$A41,集計!$D:$R,$B41,0) -> #N/A | I41: =D41+E41+F41+G41+H41 -> #N/A | J41: =VLOOKUP(J$2&$C41&$A41,集計!$D:$R,$B41,0) -> #N/A | K41: =VLOOKUP(K$2&$C41&$A41,集計!$D:$R,$B41,0) -> #N/A | L41: =VLOOKUP(L$2&$C41&$A41,集計!$D:$R,$B41,0) -> #N/A | M41: =VLOOKUP(M$2&$C41&$A41,集計!$D:$R,$B41,0) -> #N/A | N41: =J41+K41+L41+M41 -> #N/A | O41: =VLOOKUP(O$2&$C41&$A41,集計!$D:$R,$B41,0) -> #N/A | P41: =VLOOKUP(P$2&$C41&$A41,集計!$D:$R,$B41,0) -> #N/A | Q41: =VLOOKUP(Q$2&$C41&$A41,集計!$D:$R,$B41,0) -> #N/A | R41: =VLOOKUP(R$2&$C41&$A41,集計!$D:$R,$B41,0) -> #N/A | S41: =VLOOKUP(S$2&$C41&$A41,集計!$D:$R,$B41,0) -> #N/A | T41: =O41+P41+Q41+R41+S41 -> #N/A | U41: =VLOOKUP(U$2&$C41&$A41,集計!$D:$R,$B41,0) -> #N/A | V41: =VLOOKUP(V$2&$C41&$A41,集計!$D:$R,$B41,0) -> #N/A | W41: =VLOOKUP(W$2&$C41&$A41,集計!$D:$R,$B41,0) -> #N/A | X41: =U41+V41+W41 -> #N/A | Y41: =VLOOKUP(Y$2&$C41&$A41,集計!$D:$R,$B41,0) -> #N/A | Z41: =VLOOKUP(Z$2&$C41&$A41,集計!$D:$R,$B41,0) -> #N/A | AA41: =VLOOKUP(AA$2&$C41&$A41,集計!$D:$R,$B41,0) -> #N/A | AB41: =Y41+Z41+AA41 -> #N/A | AC41: =I41+N41+T41+X41+AB41 -> #N/A | AD41: =VLOOKUP(AD$2&$C41&$A41,集計!$D:$R,$B41,0) -> #N/A | AE41: =VLOOKUP(AE$2&$C41&$A41,集計!$D:$R,$B41,0) -> #N/A | AF41: =VLOOKUP(AF$2&$C41&$A41,集計!$D:$R,$B41,0) -> #N/A | AG41: =VLOOKUP(AG$2&$C41&$A41,集計!$D:$R,$B41,0) -> #N/A | AH41: =AD41+AE41+AF41+AG41 -> #N/A | AI41: =VLOOKUP(AI$2&$C41&$A41,集計!$D:$R,$B41,0) -> #N/A | AJ41: =VLOOKUP(AJ$2&$C41&$A41,集計!$D:$R,$B41,0) -> #N/A | AK41: =VLOOKUP(AK$2&$C41&$A41,集計!$D:$R,$B41,0) -> #N/A | AL41: =AI41+AJ41+AK41 -> #N/A | AM41: =VLOOKUP(AM$2&$C41&$A41,集計!$D:$R,$B41,0) -> #N/A | AN41: =VLOOKUP(AN$2&$C41&$A41,集計!$D:$R,$B41,0) -> #N/A | AO41: =AM41+AN41 -> #N/A | AP41: =VLOOKUP(AP$2&$C41&$A41,集計!$D:$R,$B41,0) -> #N/A | AQ41: =VLOOKUP(AQ$2&$C41&$A41,集計!$D:$R,$B41,0) -> #N/A | AR41: =VLOOKUP(AR$2&$C41&$A41,集計!$D:$R,$B41,0) -> #N/A | AS41: =AP41+AQ41+AR41 -> #N/A | AT41: =AH41+AL41+AO41+AS41 -> #N/A | AU41: =VLOOKUP(AU$2&$C41&$A41,集計!$D:$R,$B41,0) -> #N/A | AV41: =VLOOKUP(AV$2&$C41&$A41,集計!$D:$R,$B41,0) -> #N/A | AW41: =VLOOKUP(AW$2&$C41&$A41,集計!$D:$R,$B41,0) -> #N/A | AX41: =VLOOKUP(AX$2&$C41&$A41,集計!$D:$R,$B41,0) -> #N/A | AY41: =VLOOKUP(AY$2&$C41&$A41,集計!$D:$R,$B41,0) -> #N/A | AZ41: =AU41+AV41+AW41+AX41+AY41 -> #N/A | BA41: =AZ41 -> #N/A | BB41: =VLOOKUP(BB$2&$C41&$A41,集計!$D:$R,$B41,0) -> #N/A | BC41: =VLOOKUP(BC$2&$C41&$A41,集計!$D:$R,$B41,0) -> #N/A | BD41: =BB41+BC41 -> #N/A | BE41: =VLOOKUP(BE$2&$C41&$A41,集計!$D:$R,$B41,0) -> #N/A | BF41: =VLOOKUP(BF$2&$C41&$A41,集計!$D:$R,$B41,0) -> #N/A | BG41: =VLOOKUP(BG$2&$C41&$A41,集計!$D:$R,$B41,0) -> #N/A | BH41: =VLOOKUP(BH$2&$C41&$A41,集計!$D:$R,$B41,0) -> #N/A | BI41: =VLOOKUP(BI$2&$C41&$A41,集計!$D:$R,$B41,0) -> #N/A | BJ41: =BE41+BF41+BG41+BH41+BI41 -> #N/A | BK41: =VLOOKUP(BK$2&$C41&$A41,集計!$D:$R,$B41,0) -> #N/A | BL41: =VLOOKUP(BL$2&$C41&$A41,集計!$D:$R,$B41,0) -> #N/A | BM41: =VLOOKUP(BM$2&$C41&$A41,集計!$D:$R,$B41,0) -> #N/A | BN41: =VLOOKUP(BN$2&$C41&$A41,集計!$D:$R,$B41,0) -> #N/A | BO41: =VLOOKUP(BO$2&$C41&$A41,集計!$D:$R,$B41,0) -> #N/A | BP41: =VLOOKUP(BP$2&$C41&$A41,集計!$D:$R,$B41,0) -> #N/A | BQ41: =BK41+BL41+BM41+BN41+BO41+BP41 -> #N/A | BR41: =VLOOKUP(BR$2&$C41&$A41,集計!$D:$R,$B41,0) -> #N/A | BS41: =VLOOKUP(BS$2&$C41&$A41,集計!$D:$R,$B41,0) -> #N/A | BT41: =VLOOKUP(BT$2&$C41&$A41,集計!$D:$R,$B41,0) -> #N/A | BU41: =BR41+BS41+BT41 -> #N/A | BV41: =VLOOKUP(BV$2&$C41&$A41,集計!$D:$R,$B41,0) -> #N/A | BW41: =BV41 -> #N/A | BX41: =AC41+AT41+BA41+BD41+BJ41+BQ41+BU41+BW41 -> #N/A
A42: 人員 | B42: 9 | C42: ローカル社員 | D42: =IF(VLOOKUP(D$2&$C42&$A42,集計!$D:$R,$B42,0)<>SUM(D40:D41),"NG",SUM(D40:D41)) -> #N/A | E42: =IF(VLOOKUP(E$2&$C42&$A42,集計!$D:$R,$B42,0)<>SUM(E40:E41),"NG",SUM(E40:E41)) -> #N/A | F42: =IF(VLOOKUP(F$2&$C42&$A42,集計!$D:$R,$B42,0)<>SUM(F40:F41),"NG",SUM(F40:F41)) -> #N/A | G42: =IF(VLOOKUP(G$2&$C42&$A42,集計!$D:$R,$B42,0)<>SUM(G40:G41),"NG",SUM(G40:G41)) -> #N/A | H42: =IF(VLOOKUP(H$2&$C42&$A42,集計!$D:$R,$B42,0)<>SUM(H40:H41),"NG",SUM(H40:H41)) -> #N/A | I42: =I40+I41 -> #N/A | J42: =IF(VLOOKUP(J$2&$C42&$A42,集計!$D:$R,$B42,0)<>SUM(J40:J41),"NG",SUM(J40:J41)) -> #N/A | K42: =IF(VLOOKUP(K$2&$C42&$A42,集計!$D:$R,$B42,0)<>SUM(K40:K41),"NG",SUM(K40:K41)) -> #N/A | L42: =IF(VLOOKUP(L$2&$C42&$A42,集計!$D:$R,$B42,0)<>SUM(L40:L41),"NG",SUM(L40:L41)) -> #N/A | M42: =IF(VLOOKUP(M$2&$C42&$A42,集計!$D:$R,$B42,0)<>SUM(M40:M41),"NG",SUM(M40:M41)) -> #N/A | N42: =N40+N41 -> #N/A | O42: =IF(VLOOKUP(O$2&$C42&$A42,集計!$D:$R,$B42,0)<>SUM(O40:O41),"NG",SUM(O40:O41)) -> #N/A | P42: =IF(VLOOKUP(P$2&$C42&$A42,集計!$D:$R,$B42,0)<>SUM(P40:P41),"NG",SUM(P40:P41)) -> #N/A | Q42: =IF(VLOOKUP(Q$2&$C42&$A42,集計!$D:$R,$B42,0)<>SUM(Q40:Q41),"NG",SUM(Q40:Q41)) -> #N/A | R42: =IF(VLOOKUP(R$2&$C42&$A42,集計!$D:$R,$B42,0)<>SUM(R40:R41),"NG",SUM(R40:R41)) -> #N/A | S42: =IF(VLOOKUP(S$2&$C42&$A42,集計!$D:$R,$B42,0)<>SUM(S40:S41),"NG",SUM(S40:S41)) -> #N/A | T42: =T40+T41 -> #N/A | U42: =IF(VLOOKUP(U$2&$C42&$A42,集計!$D:$R,$B42,0)<>SUM(U40:U41),"NG",SUM(U40:U41)) -> #N/A | V42: =IF(VLOOKUP(V$2&$C42&$A42,集計!$D:$R,$B42,0)<>SUM(V40:V41),"NG",SUM(V40:V41)) -> #N/A | W42: =IF(VLOOKUP(W$2&$C42&$A42,集計!$D:$R,$B42,0)<>SUM(W40:W41),"NG",SUM(W40:W41)) -> #N/A | X42: =SUM(X40:X41) -> #N/A | Y42: =IF(VLOOKUP(Y$2&$C42&$A42,集計!$D:$R,$B42,0)<>SUM(Y40:Y41),"NG",SUM(Y40:Y41)) -> #N/A | Z42: =IF(VLOOKUP(Z$2&$C42&$A42,集計!$D:$R,$B42,0)<>SUM(Z40:Z41),"NG",SUM(Z40:Z41)) -> #N/A | AA42: =IF(VLOOKUP(AA$2&$C42&$A42,集計!$D:$R,$B42,0)<>SUM(AA40:AA41),"NG",SUM(AA40:AA41)) -> #N/A | AB42: =SUM(AB40:AB41) -> #N/A | AC42: =SUM(AC40:AC41) -> #N/A | AD42: =IF(VLOOKUP(AD$2&$C42&$A42,集計!$D:$R,$B42,0)<>SUM(AD40:AD41),"NG",SUM(AD40:AD41)) -> #N/A | AE42: =IF(VLOOKUP(AE$2&$C42&$A42,集計!$D:$R,$B42,0)<>SUM(AE40:AE41),"NG",SUM(AE40:AE41)) -> #N/A | AF42: =IF(VLOOKUP(AF$2&$C42&$A42,集計!$D:$R,$B42,0)<>SUM(AF40:AF41),"NG",SUM(AF40:AF41)) -> #N/A | AG42: =IF(VLOOKUP(AG$2&$C42&$A42,集計!$D:$R,$B42,0)<>SUM(AG40:AG41),"NG",SUM(AG40:AG41)) -> #N/A | AH42: =SUM(AH40:AH41) -> #N/A | AI42: =IF(VLOOKUP(AI$2&$C42&$A42,集計!$D:$R,$B42,0)<>SUM(AI40:AI41),"NG",SUM(AI40:AI41)) -> #N/A | AJ42: =IF(VLOOKUP(AJ$2&$C42&$A42,集計!$D:$R,$B42,0)<>SUM(AJ40:AJ41),"NG",SUM(AJ40:AJ41)) -> #N/A | AK42: =IF(VLOOKUP(AK$2&$C42&$A42,集計!$D:$R,$B42,0)<>SUM(AK40:AK41),"NG",SUM(AK40:AK41)) -> #N/A | AL42: =SUM(AL40:AL41) -> #N/A | AM42: =IF(VLOOKUP(AM$2&$C42&$A42,集計!$D:$R,$B42,0)<>SUM(AM40:AM41),"NG",SUM(AM40:AM41)) -> #N/A | AN42: =IF(VLOOKUP(AN$2&$C42&$A42,集計!$D:$R,$B42,0)<>SUM(AN40:AN41),"NG",SUM(AN40:AN41)) -> #N/A | AO42: =SUM(AO40:AO41) -> #N/A | AP42: =IF(VLOOKUP(AP$2&$C42&$A42,集計!$D:$R,$B42,0)<>SUM(AP40:AP41),"NG",SUM(AP40:AP41)) -> #N/A | AQ42: =IF(VLOOKUP(AQ$2&$C42&$A42,集計!$D:$R,$B42,0)<>SUM(AQ40:AQ41),"NG",SUM(AQ40:AQ41)) -> #N/A | AR42: =IF(VLOOKUP(AR$2&$C42&$A42,集計!$D:$R,$B42,0)<>SUM(AR40:AR41),"NG",SUM(AR40:AR41)) -> #N/A | AS42: =SUM(AS40:AS41) -> #N/A | AT42: =SUM(AT40:AT41) -> #N/A | AU42: =IF(VLOOKUP(AU$2&$C42&$A42,集計!$D:$R,$B42,0)<>SUM(AU40:AU41),"NG",SUM(AU40:AU41)) -> #N/A | AV42: =IF(VLOOKUP(AV$2&$C42&$A42,集計!$D:$R,$B42,0)<>SUM(AV40:AV41),"NG",SUM(AV40:AV41)) -> #N/A | AW42: =IF(VLOOKUP(AW$2&$C42&$A42,集計!$D:$R,$B42,0)<>SUM(AW40:AW41),"NG",SUM(AW40:AW41)) -> #N/A | AX42: =IF(VLOOKUP(AX$2&$C42&$A42,集計!$D:$R,$B42,0)<>SUM(AX40:AX41),"NG",SUM(AX40:AX41)) -> #N/A | AY42: =IF(VLOOKUP(AY$2&$C42&$A42,集計!$D:$R,$B42,0)<>SUM(AY40:AY41),"NG",SUM(AY40:AY41)) -> #N/A | AZ42: =AZ40+AZ41 -> #N/A | BA42: =BA40+BA41 -> #N/A | BB42: =IF(VLOOKUP(BB$2&$C42&$A42,集計!$D:$R,$B42,0)<>SUM(BB40:BB41),"NG",SUM(BB40:BB41)) -> #N/A | BC42: =IF(VLOOKUP(BC$2&$C42&$A42,集計!$D:$R,$B42,0)<>SUM(BC40:BC41),"NG",SUM(BC40:BC41)) -> #N/A | BD42: =SUM(BD40:BD41) -> #N/A | BE42: =IF(VLOOKUP(BE$2&$C42&$A42,集計!$D:$R,$B42,0)<>SUM(BE40:BE41),"NG",SUM(BE40:BE41)) -> #N/A | BF42: =IF(VLOOKUP(BF$2&$C42&$A42,集計!$D:$R,$B42,0)<>SUM(BF40:BF41),"NG",SUM(BF40:BF41)) -> #N/A | BG42: =IF(VLOOKUP(BG$2&$C42&$A42,集計!$D:$R,$B42,0)<>SUM(BG40:BG41),"NG",SUM(BG40:BG41)) -> #N/A | BH42: =IF(VLOOKUP(BH$2&$C42&$A42,集計!$D:$R,$B42,0)<>SUM(BH40:BH41),"NG",SUM(BH40:BH41)) -> #N/A | BI42: =IF(VLOOKUP(BI$2&$C42&$A42,集計!$D:$R,$B42,0)<>SUM(BI40:BI41),"NG",SUM(BI40:BI41)) -> #N/A | BJ42: =BJ40+BJ41 -> #N/A | BK42: =IF(VLOOKUP(BK$2&$C42&$A42,集計!$D:$R,$B42,0)<>SUM(BK40:BK41),"NG",SUM(BK40:BK41)) -> #N/A | BL42: =IF(VLOOKUP(BL$2&$C42&$A42,集計!$D:$R,$B42,0)<>SUM(BL40:BL41),"NG",SUM(BL40:BL41)) -> #N/A | BM42: =IF(VLOOKUP(BM$2&$C42&$A42,集計!$D:$R,$B42,0)<>SUM(BM40:BM41),"NG",SUM(BM40:BM41)) -> #N/A | BN42: =IF(VLOOKUP(BN$2&$C42&$A42,集計!$D:$R,$B42,0)<>SUM(BN40:BN41),"NG",SUM(BN40:BN41)) -> #N/A | BO42: =IF(VLOOKUP(BO$2&$C42&$A42,集計!$D:$R,$B42,0)<>SUM(BO40:BO41),"NG",SUM(BO40:BO41)) -> #N/A | BP42: =IF(VLOOKUP(BP$2&$C42&$A42,集計!$D:$R,$B42,0)<>SUM(BP40:BP41),"NG",SUM(BP40:BP41)) -> #N/A | BQ42: =BQ40+BQ41 -> #N/A | BR42: =IF(VLOOKUP(BR$2&$C42&$A42,集計!$D:$R,$B42,0)<>SUM(BR40:BR41),"NG",SUM(BR40:BR41)) -> #N/A | BS42: =IF(VLOOKUP(BS$2&$C42&$A42,集計!$D:$R,$B42,0)<>SUM(BS40:BS41),"NG",SUM(BS40:BS41)) -> #N/A | BT42: =IF(VLOOKUP(BT$2&$C42&$A42,集計!$D:$R,$B42,0)<>SUM(BT40:BT41),"NG",SUM(BT40:BT41)) -> #N/A | BU42: =BU40+BU41 -> #N/A | BV42: =IF(VLOOKUP(BV$2&$C42&$A42,集計!$D:$R,$B42,0)<>SUM(BV40:BV41),"NG",SUM(BV40:BV41)) -> #N/A | BW42: =SUM(BW40:BW41) -> #N/A | BX42: =SUM(BX40:BX41) -> #N/A
A43: 人員 | B43: 9 | C43: 人員合計 | D43: =IF(VLOOKUP(D$2&$C43&$A43,集計!$D:$R,$B43,0)<>SUM(D39,D42),"NG",SUM(D39,D42)) -> #N/A | E43: =IF(VLOOKUP(E$2&$C43&$A43,集計!$D:$R,$B43,0)<>SUM(E39,E42),"NG",SUM(E39,E42)) -> #N/A | F43: =IF(VLOOKUP(F$2&$C43&$A43,集計!$D:$R,$B43,0)<>SUM(F39,F42),"NG",SUM(F39,F42)) -> #N/A | G43: =IF(VLOOKUP(G$2&$C43&$A43,集計!$D:$R,$B43,0)<>SUM(G39,G42),"NG",SUM(G39,G42)) -> #N/A | H43: =IF(VLOOKUP(H$2&$C43&$A43,集計!$D:$R,$B43,0)<>SUM(H39,H42),"NG",SUM(H39,H42)) -> #N/A | I43: =I39+I42 -> #N/A | J43: =IF(VLOOKUP(J$2&$C43&$A43,集計!$D:$R,$B43,0)<>SUM(J39,J42),"NG",SUM(J39,J42)) -> #N/A | K43: =IF(VLOOKUP(K$2&$C43&$A43,集計!$D:$R,$B43,0)<>SUM(K39,K42),"NG",SUM(K39,K42)) -> #N/A | L43: =IF(VLOOKUP(L$2&$C43&$A43,集計!$D:$R,$B43,0)<>SUM(L39,L42),"NG",SUM(L39,L42)) -> #N/A | M43: =IF(VLOOKUP(M$2&$C43&$A43,集計!$D:$R,$B43,0)<>SUM(M39,M42),"NG",SUM(M39,M42)) -> #N/A | N43: =N39+N42 -> #N/A | O43: =IF(VLOOKUP(O$2&$C43&$A43,集計!$D:$R,$B43,0)<>SUM(O39,O42),"NG",SUM(O39,O42)) -> #N/A | P43: =IF(VLOOKUP(P$2&$C43&$A43,集計!$D:$R,$B43,0)<>SUM(P39,P42),"NG",SUM(P39,P42)) -> #N/A | Q43: =IF(VLOOKUP(Q$2&$C43&$A43,集計!$D:$R,$B43,0)<>SUM(Q39,Q42),"NG",SUM(Q39,Q42)) -> #N/A | R43: =IF(VLOOKUP(R$2&$C43&$A43,集計!$D:$R,$B43,0)<>SUM(R39,R42),"NG",SUM(R39,R42)) -> #N/A | S43: =IF(VLOOKUP(S$2&$C43&$A43,集計!$D:$R,$B43,0)<>SUM(S39,S42),"NG",SUM(S39,S42)) -> #N/A | T43: =T39+T42 -> #N/A | U43: =IF(VLOOKUP(U$2&$C43&$A43,集計!$D:$R,$B43,0)<>SUM(U39,U42),"NG",SUM(U39,U42)) -> #N/A | V43: =IF(VLOOKUP(V$2&$C43&$A43,集計!$D:$R,$B43,0)<>SUM(V39,V42),"NG",SUM(V39,V42)) -> #N/A | W43: =IF(VLOOKUP(W$2&$C43&$A43,集計!$D:$R,$B43,0)<>SUM(W39,W42),"NG",SUM(W39,W42)) -> #N/A | X43: =X39+X42 -> #N/A | Y43: =IF(VLOOKUP(Y$2&$C43&$A43,集計!$D:$R,$B43,0)<>SUM(Y39,Y42),"NG",SUM(Y39,Y42)) -> #N/A | Z43: =IF(VLOOKUP(Z$2&$C43&$A43,集計!$D:$R,$B43,0)<>SUM(Z39,Z42),"NG",SUM(Z39,Z42)) -> #N/A | AA43: =IF(VLOOKUP(AA$2&$C43&$A43,集計!$D:$R,$B43,0)<>SUM(AA39,AA42),"NG",SUM(AA39,AA42)) -> #N/A | AB43: =AB39+AB42 -> #N/A | AC43: =AC39+AC42 -> #N/A | AD43: =IF(VLOOKUP(AD$2&$C43&$A43,集計!$D:$R,$B43,0)<>SUM(AD39,AD42),"NG",SUM(AD39,AD42)) -> #N/A | AE43: =IF(VLOOKUP(AE$2&$C43&$A43,集計!$D:$R,$B43,0)<>SUM(AE39,AE42),"NG",SUM(AE39,AE42)) -> #N/A | AF43: =IF(VLOOKUP(AF$2&$C43&$A43,集計!$D:$R,$B43,0)<>SUM(AF39,AF42),"NG",SUM(AF39,AF42)) -> #N/A | AG43: =IF(VLOOKUP(AG$2&$C43&$A43,集計!$D:$R,$B43,0)<>SUM(AG39,AG42),"NG",SUM(AG39,AG42)) -> #N/A | AH43: =AH39+AH42 -> #N/A | AI43: =IF(VLOOKUP(AI$2&$C43&$A43,集計!$D:$R,$B43,0)<>SUM(AI39,AI42),"NG",SUM(AI39,AI42)) -> #N/A | AJ43: =IF(VLOOKUP(AJ$2&$C43&$A43,集計!$D:$R,$B43,0)<>SUM(AJ39,AJ42),"NG",SUM(AJ39,AJ42)) -> #N/A | AK43: =IF(VLOOKUP(AK$2&$C43&$A43,集計!$D:$R,$B43,0)<>SUM(AK39,AK42),"NG",SUM(AK39,AK42)) -> #N/A | AL43: =AL39+AL42 -> #N/A | AM43: =IF(VLOOKUP(AM$2&$C43&$A43,集計!$D:$R,$B43,0)<>SUM(AM39,AM42),"NG",SUM(AM39,AM42)) -> #N/A | AN43: =IF(VLOOKUP(AN$2&$C43&$A43,集計!$D:$R,$B43,0)<>SUM(AN39,AN42),"NG",SUM(AN39,AN42)) -> #N/A | AO43: =AO39+AO42 -> #N/A | AP43: =IF(VLOOKUP(AP$2&$C43&$A43,集計!$D:$R,$B43,0)<>SUM(AP39,AP42),"NG",SUM(AP39,AP42)) -> #N/A | AQ43: =IF(VLOOKUP(AQ$2&$C43&$A43,集計!$D:$R,$B43,0)<>SUM(AQ39,AQ42),"NG",SUM(AQ39,AQ42)) -> #N/A | AR43: =IF(VLOOKUP(AR$2&$C43&$A43,集計!$D:$R,$B43,0)<>SUM(AR39,AR42),"NG",SUM(AR39,AR42)) -> #N/A | AS43: =AS39+AS42 -> #N/A | AT43: =AT39+AT42 -> #N/A | AU43: =IF(VLOOKUP(AU$2&$C43&$A43,集計!$D:$R,$B43,0)<>SUM(AU39,AU42),"NG",SUM(AU39,AU42)) -> #N/A | AV43: =IF(VLOOKUP(AV$2&$C43&$A43,集計!$D:$R,$B43,0)<>SUM(AV39,AV42),"NG",SUM(AV39,AV42)) -> #N/A | AW43: =IF(VLOOKUP(AW$2&$C43&$A43,集計!$D:$R,$B43,0)<>SUM(AW39,AW42),"NG",SUM(AW39,AW42)) -> #N/A | AX43: =IF(VLOOKUP(AX$2&$C43&$A43,集計!$D:$R,$B43,0)<>SUM(AX39,AX42),"NG",SUM(AX39,AX42)) -> #N/A | AY43: =IF(VLOOKUP(AY$2&$C43&$A43,集計!$D:$R,$B43,0)<>SUM(AY39,AY42),"NG",SUM(AY39,AY42)) -> #N/A | AZ43: =AZ39+AZ42 -> #N/A | BA43: =BA39+BA42 -> #N/A | BB43: =IF(VLOOKUP(BB$2&$C43&$A43,集計!$D:$R,$B43,0)<>SUM(BB39,BB42),"NG",SUM(BB39,BB42)) -> #N/A | BC43: =IF(VLOOKUP(BC$2&$C43&$A43,集計!$D:$R,$B43,0)<>SUM(BC39,BC42),"NG",SUM(BC39,BC42)) -> #N/A | BD43: =BD39+BD42 -> #N/A | BE43: =IF(VLOOKUP(BE$2&$C43&$A43,集計!$D:$R,$B43,0)<>SUM(BE39,BE42),"NG",SUM(BE39,BE42)) -> #N/A | BF43: =IF(VLOOKUP(BF$2&$C43&$A43,集計!$D:$R,$B43,0)<>SUM(BF39,BF42),"NG",SUM(BF39,BF42)) -> #N/A | BG43: =IF(VLOOKUP(BG$2&$C43&$A43,集計!$D:$R,$B43,0)<>SUM(BG39,BG42),"NG",SUM(BG39,BG42)) -> #N/A | BH43: =IF(VLOOKUP(BH$2&$C43&$A43,集計!$D:$R,$B43,0)<>SUM(BH39,BH42),"NG",SUM(BH39,BH42)) -> #N/A | BI43: =IF(VLOOKUP(BI$2&$C43&$A43,集計!$D:$R,$B43,0)<>SUM(BI39,BI42),"NG",SUM(BI39,BI42)) -> #N/A | BJ43: =BJ39+BJ42 -> #N/A | BK43: =IF(VLOOKUP(BK$2&$C43&$A43,集計!$D:$R,$B43,0)<>SUM(BK39,BK42),"NG",SUM(BK39,BK42)) -> #N/A | BL43: =IF(VLOOKUP(BL$2&$C43&$A43,集計!$D:$R,$B43,0)<>SUM(BL39,BL42),"NG",SUM(BL39,BL42)) -> #N/A | BM43: =IF(VLOOKUP(BM$2&$C43&$A43,集計!$D:$R,$B43,0)<>SUM(BM39,BM42),"NG",SUM(BM39,BM42)) -> #N/A | BN43: =IF(VLOOKUP(BN$2&$C43&$A43,集計!$D:$R,$B43,0)<>SUM(BN39,BN42),"NG",SUM(BN39,BN42)) -> #N/A | BO43: =IF(VLOOKUP(BO$2&$C43&$A43,集計!$D:$R,$B43,0)<>SUM(BO39,BO42),"NG",SUM(BO39,BO42)) -> #N/A | BP43: =IF(VLOOKUP(BP$2&$C43&$A43,集計!$D:$R,$B43,0)<>SUM(BP39,BP42),"NG",SUM(BP39,BP42)) -> #N/A | BQ43: =BQ39+BQ42 -> #N/A | BR43: =IF(VLOOKUP(BR$2&$C43&$A43,集計!$D:$R,$B43,0)<>SUM(BR39,BR42),"NG",SUM(BR39,BR42)) -> #N/A | BS43: =IF(VLOOKUP(BS$2&$C43&$A43,集計!$D:$R,$B43,0)<>SUM(BS39,BS42),"NG",SUM(BS39,BS42)) -> #N/A | BT43: =IF(VLOOKUP(BT$2&$C43&$A43,集計!$D:$R,$B43,0)<>SUM(BT39,BT42),"NG",SUM(BT39,BT42)) -> #N/A | BU43: =BU39+BU42 -> #N/A | BV43: =IF(VLOOKUP(BV$2&$C43&$A43,集計!$D:$R,$B43,0)<>SUM(BV39,BV42),"NG",SUM(BV39,BV42)) -> #N/A | BW43: =BW39+BW42 -> #N/A | BX43: =BX39+BX42 -> #N/A
B45: 10 | C45: 人員
A46: 人員 | B46: 10 | C46: 出向社員 | D46: =VLOOKUP(D$2&$C46&$A46,集計!$D:$R,$B46,0) -> #N/A | E46: =VLOOKUP(E$2&$C46&$A46,集計!$D:$R,$B46,0) -> #N/A | F46: =VLOOKUP(F$2&$C46&$A46,集計!$D:$R,$B46,0) -> #N/A | G46: =VLOOKUP(G$2&$C46&$A46,集計!$D:$R,$B46,0) -> #N/A | H46: =VLOOKUP(H$2&$C46&$A46,集計!$D:$R,$B46,0) -> #N/A | I46: =D46+E46+F46+G46+H46 -> #N/A | J46: =VLOOKUP(J$2&$C46&$A46,集計!$D:$R,$B46,0) -> #N/A | K46: =VLOOKUP(K$2&$C46&$A46,集計!$D:$R,$B46,0) -> #N/A | L46: =VLOOKUP(L$2&$C46&$A46,集計!$D:$R,$B46,0) -> #N/A | M46: =VLOOKUP(M$2&$C46&$A46,集計!$D:$R,$B46,0) -> #N/A | N46: =J46+K46+L46+M46 -> #N/A | O46: =VLOOKUP(O$2&$C46&$A46,集計!$D:$R,$B46,0) -> #N/A | P46: =VLOOKUP(P$2&$C46&$A46,集計!$D:$R,$B46,0) -> #N/A | Q46: =VLOOKUP(Q$2&$C46&$A46,集計!$D:$R,$B46,0) -> #N/A | R46: =VLOOKUP(R$2&$C46&$A46,集計!$D:$R,$B46,0) -> #N/A | S46: =VLOOKUP(S$2&$C46&$A46,集計!$D:$R,$B46,0) -> #N/A | T46: =O46+P46+Q46+R46+S46 -> #N/A | U46: =VLOOKUP(U$2&$C46&$A46,集計!$D:$R,$B46,0) -> #N/A | V46: =VLOOKUP(V$2&$C46&$A46,集計!$D:$R,$B46,0) -> #N/A | W46: =VLOOKUP(W$2&$C46&$A46,集計!$D:$R,$B46,0) -> #N/A | X46: =U46+V46+W46 -> #N/A | Y46: =VLOOKUP(Y$2&$C46&$A46,集計!$D:$R,$B46,0) -> #N/A | Z46: =VLOOKUP(Z$2&$C46&$A46,集計!$D:$R,$B46,0) -> #N/A | AA46: =VLOOKUP(AA$2&$C46&$A46,集計!$D:$R,$B46,0) -> #N/A | AB46: =Y46+Z46+AA46 -> #N/A | AC46: =I46+N46+T46+X46+AB46 -> #N/A | AD46: =VLOOKUP(AD$2&$C46&$A46,集計!$D:$R,$B46,0) -> #N/A | AE46: =VLOOKUP(AE$2&$C46&$A46,集計!$D:$R,$B46,0) -> #N/A | AF46: =VLOOKUP(AF$2&$C46&$A46,集計!$D:$R,$B46,0) -> #N/A | AG46: =VLOOKUP(AG$2&$C46&$A46,集計!$D:$R,$B46,0) -> #N/A | AH46: =AD46+AE46+AF46+AG46 -> #N/A | AI46: =VLOOKUP(AI$2&$C46&$A46,集計!$D:$R,$B46,0) -> #N/A | AJ46: =VLOOKUP(AJ$2&$C46&$A46,集計!$D:$R,$B46,0) -> #N/A | AK46: =VLOOKUP(AK$2&$C46&$A46,集計!$D:$R,$B46,0) -> #N/A | AL46: =AI46+AJ46+AK46 -> #N/A | AM46: =VLOOKUP(AM$2&$C46&$A46,集計!$D:$R,$B46,0) -> #N/A | AN46: =VLOOKUP(AN$2&$C46&$A46,集計!$D:$R,$B46,0) -> #N/A | AO46: =AM46+AN46 -> #N/A | AP46: =VLOOKUP(AP$2&$C46&$A46,集計!$D:$R,$B46,0) -> #N/A | AQ46: =VLOOKUP(AQ$2&$C46&$A46,集計!$D:$R,$B46,0) -> #N/A | AR46: =VLOOKUP(AR$2&$C46&$A46,集計!$D:$R,$B46,0) -> #N/A | AS46: =AP46+AQ46+AR46 -> #N/A | AT46: =AH46+AL46+AO46+AS46 -> #N/A | AU46: =VLOOKUP(AU$2&$C46&$A46,集計!$D:$R,$B46,0) -> #N/A | AV46: =VLOOKUP(AV$2&$C46&$A46,集計!$D:$R,$B46,0) -> #N/A | AW46: =VLOOKUP(AW$2&$C46&$A46,集計!$D:$R,$B46,0) -> #N/A | AX46: =VLOOKUP(AX$2&$C46&$A46,集計!$D:$R,$B46,0) -> #N/A | AY46: =VLOOKUP(AY$2&$C46&$A46,集計!$D:$R,$B46,0) -> #N/A | AZ46: =AU46+AV46+AW46+AX46+AY46 -> #N/A | BA46: =AZ46 -> #N/A | BB46: =VLOOKUP(BB$2&$C46&$A46,集計!$D:$R,$B46,0) -> #N/A | BC46: =VLOOKUP(BC$2&$C46&$A46,集計!$D:$R,$B46,0) -> #N/A | BD46: =BB46+BC46 -> #N/A | BE46: =VLOOKUP(BE$2&$C46&$A46,集計!$D:$R,$B46,0) -> #N/A | BF46: =VLOOKUP(BF$2&$C46&$A46,集計!$D:$R,$B46,0) -> #N/A | BG46: =VLOOKUP(BG$2&$C46&$A46,集計!$D:$R,$B46,0) -> #N/A | BH46: =VLOOKUP(BH$2&$C46&$A46,集計!$D:$R,$B46,0) -> #N/A | BI46: =VLOOKUP(BI$2&$C46&$A46,集計!$D:$R,$B46,0) -> #N/A | BJ46: =BE46+BF46+BG46+BH46+BI46 -> #N/A | BK46: =VLOOKUP(BK$2&$C46&$A46,集計!$D:$R,$B46,0) -> #N/A | BL46: =VLOOKUP(BL$2&$C46&$A46,集計!$D:$R,$B46,0) -> #N/A | BM46: =VLOOKUP(BM$2&$C46&$A46,集計!$D:$R,$B46,0) -> #N/A | BN46: =VLOOKUP(BN$2&$C46&$A46,集計!$D:$R,$B46,0) -> #N/A | BO46: =VLOOKUP(BO$2&$C46&$A46,集計!$D:$R,$B46,0) -> #N/A | BP46: =VLOOKUP(BP$2&$C46&$A46,集計!$D:$R,$B46,0) -> #N/A | BQ46: =BK46+BL46+BM46+BN46+BO46+BP46 -> #N/A | BR46: =VLOOKUP(BR$2&$C46&$A46,集計!$D:$R,$B46,0) -> #N/A | BS46: =VLOOKUP(BS$2&$C46&$A46,集計!$D:$R,$B46,0) -> #N/A | BT46: =VLOOKUP(BT$2&$C46&$A46,集計!$D:$R,$B46,0) -> #N/A | BU46: =BR46+BS46+BT46 -> #N/A | BV46: =VLOOKUP(BV$2&$C46&$A46,集計!$D:$R,$B46,0) -> #N/A | BW46: =BV46 -> #N/A | BX46: =AC46+AT46+BA46+BD46+BJ46+BQ46+BU46+BW46 -> #N/A
A47: 人員 | B47: 10 | C47: G5以上 | D47: =VLOOKUP(D$2&$C47&$A47,集計!$D:$R,$B47,0) -> #N/A | E47: =VLOOKUP(E$2&$C47&$A47,集計!$D:$R,$B47,0) -> #N/A | F47: =VLOOKUP(F$2&$C47&$A47,集計!$D:$R,$B47,0) -> #N/A | G47: =VLOOKUP(G$2&$C47&$A47,集計!$D:$R,$B47,0) -> #N/A | H47: =VLOOKUP(H$2&$C47&$A47,集計!$D:$R,$B47,0) -> #N/A | I47: =D47+E47+F47+G47+H47 -> #N/A | J47: =VLOOKUP(J$2&$C47&$A47,集計!$D:$R,$B47,0) -> #N/A | K47: =VLOOKUP(K$2&$C47&$A47,集計!$D:$R,$B47,0) -> #N/A | L47: =VLOOKUP(L$2&$C47&$A47,集計!$D:$R,$B47,0) -> #N/A | M47: =VLOOKUP(M$2&$C47&$A47,集計!$D:$R,$B47,0) -> #N/A | N47: =J47+K47+L47+M47 -> #N/A | O47: =VLOOKUP(O$2&$C47&$A47,集計!$D:$R,$B47,0) -> #N/A | P47: =VLOOKUP(P$2&$C47&$A47,集計!$D:$R,$B47,0) -> #N/A | Q47: =VLOOKUP(Q$2&$C47&$A47,集計!$D:$R,$B47,0) -> #N/A | R47: =VLOOKUP(R$2&$C47&$A47,集計!$D:$R,$B47,0) -> #N/A | S47: =VLOOKUP(S$2&$C47&$A47,集計!$D:$R,$B47,0) -> #N/A | T47: =O47+P47+Q47+R47+S47 -> #N/A | U47: =VLOOKUP(U$2&$C47&$A47,集計!$D:$R,$B47,0) -> #N/A | V47: =VLOOKUP(V$2&$C47&$A47,集計!$D:$R,$B47,0) -> #N/A | W47: =VLOOKUP(W$2&$C47&$A47,集計!$D:$R,$B47,0) -> #N/A | X47: =U47+V47+W47 -> #N/A | Y47: =VLOOKUP(Y$2&$C47&$A47,集計!$D:$R,$B47,0) -> #N/A | Z47: =VLOOKUP(Z$2&$C47&$A47,集計!$D:$R,$B47,0) -> #N/A | AA47: =VLOOKUP(AA$2&$C47&$A47,集計!$D:$R,$B47,0) -> #N/A | AB47: =Y47+Z47+AA47 -> #N/A | AC47: =I47+N47+T47+X47+AB47 -> #N/A | AD47: =VLOOKUP(AD$2&$C47&$A47,集計!$D:$R,$B47,0) -> #N/A | AE47: =VLOOKUP(AE$2&$C47&$A47,集計!$D:$R,$B47,0) -> #N/A | AF47: =VLOOKUP(AF$2&$C47&$A47,集計!$D:$R,$B47,0) -> #N/A | AG47: =VLOOKUP(AG$2&$C47&$A47,集計!$D:$R,$B47,0) -> #N/A | AH47: =AD47+AE47+AF47+AG47 -> #N/A | AI47: =VLOOKUP(AI$2&$C47&$A47,集計!$D:$R,$B47,0) -> #N/A | AJ47: =VLOOKUP(AJ$2&$C47&$A47,集計!$D:$R,$B47,0) -> #N/A | AK47: =VLOOKUP(AK$2&$C47&$A47,集計!$D:$R,$B47,0) -> #N/A | AL47: =AI47+AJ47+AK47 -> #N/A | AM47: =VLOOKUP(AM$2&$C47&$A47,集計!$D:$R,$B47,0) -> #N/A | AN47: =VLOOKUP(AN$2&$C47&$A47,集計!$D:$R,$B47,0) -> #N/A | AO47: =AM47+AN47 -> #N/A | AP47: =VLOOKUP(AP$2&$C47&$A47,集計!$D:$R,$B47,0) -> #N/A | AQ47: =VLOOKUP(AQ$2&$C47&$A47,集計!$D:$R,$B47,0) -> #N/A | AR47: =VLOOKUP(AR$2&$C47&$A47,集計!$D:$R,$B47,0) -> #N/A | AS47: =AP47+AQ47+AR47 -> #N/A | AT47: =AH47+AL47+AO47+AS47 -> #N/A | AU47: =VLOOKUP(AU$2&$C47&$A47,集計!$D:$R,$B47,0) -> #N/A | AV47: =VLOOKUP(AV$2&$C47&$A47,集計!$D:$R,$B47,0) -> #N/A | AW47: =VLOOKUP(AW$2&$C47&$A47,集計!$D:$R,$B47,0) -> #N/A | AX47: =VLOOKUP(AX$2&$C47&$A47,集計!$D:$R,$B47,0) -> #N/A | AY47: =VLOOKUP(AY$2&$C47&$A47,集計!$D:$R,$B47,0) -> #N/A | AZ47: =AU47+AV47+AW47+AX47+AY47 -> #N/A | BA47: =AZ47 -> #N/A | BB47: =VLOOKUP(BB$2&$C47&$A47,集計!$D:$R,$B47,0) -> #N/A | BC47: =VLOOKUP(BC$2&$C47&$A47,集計!$D:$R,$B47,0) -> #N/A | BD47: =BB47+BC47 -> #N/A | BE47: =VLOOKUP(BE$2&$C47&$A47,集計!$D:$R,$B47,0) -> #N/A | BF47: =VLOOKUP(BF$2&$C47&$A47,集計!$D:$R,$B47,0) -> #N/A | BG47: =VLOOKUP(BG$2&$C47&$A47,集計!$D:$R,$B47,0) -> #N/A | BH47: =VLOOKUP(BH$2&$C47&$A47,集計!$D:$R,$B47,0) -> #N/A | BI47: =VLOOKUP(BI$2&$C47&$A47,集計!$D:$R,$B47,0) -> #N/A | BJ47: =BE47+BF47+BG47+BH47+BI47 -> #N/A | BK47: =VLOOKUP(BK$2&$C47&$A47,集計!$D:$R,$B47,0) -> #N/A | BL47: =VLOOKUP(BL$2&$C47&$A47,集計!$D:$R,$B47,0) -> #N/A | BM47: =VLOOKUP(BM$2&$C47&$A47,集計!$D:$R,$B47,0) -> #N/A | BN47: =VLOOKUP(BN$2&$C47&$A47,集計!$D:$R,$B47,0) -> #N/A | BO47: =VLOOKUP(BO$2&$C47&$A47,集計!$D:$R,$B47,0) -> #N/A | BP47: =VLOOKUP(BP$2&$C47&$A47,集計!$D:$R,$B47,0) -> #N/A | BQ47: =BK47+BL47+BM47+BN47+BO47+BP47 -> #N/A | BR47: =VLOOKUP(BR$2&$C47&$A47,集計!$D:$R,$B47,0) -> #N/A | BS47: =VLOOKUP(BS$2&$C47&$A47,集計!$D:$R,$B47,0) -> #N/A | BT47: =VLOOKUP(BT$2&$C47&$A47,集計!$D:$R,$B47,0) -> #N/A | BU47: =BR47+BS47+BT47 -> #N/A | BV47: =VLOOKUP(BV$2&$C47&$A47,集計!$D:$R,$B47,0) -> #N/A | BW47: =BV47 -> #N/A | BX47: =AC47+AT47+BA47+BD47+BJ47+BQ47+BU47+BW47 -> #N/A
A48: 人員 | B48: 10 | C48: G7, G6 | D48: =VLOOKUP(D$2&$C48&$A48,集計!$D:$R,$B48,0) -> #N/A | E48: =VLOOKUP(E$2&$C48&$A48,集計!$D:$R,$B48,0) -> #N/A | F48: =VLOOKUP(F$2&$C48&$A48,集計!$D:$R,$B48,0) -> #N/A | G48: =VLOOKUP(G$2&$C48&$A48,集計!$D:$R,$B48,0) -> #N/A | H48: =VLOOKUP(H$2&$C48&$A48,集計!$D:$R,$B48,0) -> #N/A | I48: =D48+E48+F48+G48+H48 -> #N/A | J48: =VLOOKUP(J$2&$C48&$A48,集計!$D:$R,$B48,0) -> #N/A | K48: =VLOOKUP(K$2&$C48&$A48,集計!$D:$R,$B48,0) -> #N/A | L48: =VLOOKUP(L$2&$C48&$A48,集計!$D:$R,$B48,0) -> #N/A | M48: =VLOOKUP(M$2&$C48&$A48,集計!$D:$R,$B48,0) -> #N/A | N48: =J48+K48+L48+M48 -> #N/A | O48: =VLOOKUP(O$2&$C48&$A48,集計!$D:$R,$B48,0) -> #N/A | P48: =VLOOKUP(P$2&$C48&$A48,集計!$D:$R,$B48,0) -> #N/A | Q48: =VLOOKUP(Q$2&$C48&$A48,集計!$D:$R,$B48,0) -> #N/A | R48: =VLOOKUP(R$2&$C48&$A48,集計!$D:$R,$B48,0) -> #N/A | S48: =VLOOKUP(S$2&$C48&$A48,集計!$D:$R,$B48,0) -> #N/A | T48: =O48+P48+Q48+R48+S48 -> #N/A | U48: =VLOOKUP(U$2&$C48&$A48,集計!$D:$R,$B48,0) -> #N/A | V48: =VLOOKUP(V$2&$C48&$A48,集計!$D:$R,$B48,0) -> #N/A | W48: =VLOOKUP(W$2&$C48&$A48,集計!$D:$R,$B48,0) -> #N/A | X48: =U48+V48+W48 -> #N/A | Y48: =VLOOKUP(Y$2&$C48&$A48,集計!$D:$R,$B48,0) -> #N/A | Z48: =VLOOKUP(Z$2&$C48&$A48,集計!$D:$R,$B48,0) -> #N/A | AA48: =VLOOKUP(AA$2&$C48&$A48,集計!$D:$R,$B48,0) -> #N/A | AB48: =Y48+Z48+AA48 -> #N/A | AC48: =I48+N48+T48+X48+AB48 -> #N/A | AD48: =VLOOKUP(AD$2&$C48&$A48,集計!$D:$R,$B48,0) -> #N/A | AE48: =VLOOKUP(AE$2&$C48&$A48,集計!$D:$R,$B48,0) -> #N/A | AF48: =VLOOKUP(AF$2&$C48&$A48,集計!$D:$R,$B48,0) -> #N/A | AG48: =VLOOKUP(AG$2&$C48&$A48,集計!$D:$R,$B48,0) -> #N/A | AH48: =AD48+AE48+AF48+AG48 -> #N/A | AI48: =VLOOKUP(AI$2&$C48&$A48,集計!$D:$R,$B48,0) -> #N/A | AJ48: =VLOOKUP(AJ$2&$C48&$A48,集計!$D:$R,$B48,0) -> #N/A | AK48: =VLOOKUP(AK$2&$C48&$A48,集計!$D:$R,$B48,0) -> #N/A | AL48: =AI48+AJ48+AK48 -> #N/A | AM48: =VLOOKUP(AM$2&$C48&$A48,集計!$D:$R,$B48,0) -> #N/A | AN48: =VLOOKUP(AN$2&$C48&$A48,集計!$D:$R,$B48,0) -> #N/A | AO48: =AM48+AN48 -> #N/A | AP48: =VLOOKUP(AP$2&$C48&$A48,集計!$D:$R,$B48,0) -> #N/A | AQ48: =VLOOKUP(AQ$2&$C48&$A48,集計!$D:$R,$B48,0) -> #N/A | AR48: =VLOOKUP(AR$2&$C48&$A48,集計!$D:$R,$B48,0) -> #N/A | AS48: =AP48+AQ48+AR48 -> #N/A | AT48: =AH48+AL48+AO48+AS48 -> #N/A | AU48: =VLOOKUP(AU$2&$C48&$A48,集計!$D:$R,$B48,0) -> #N/A | AV48: =VLOOKUP(AV$2&$C48&$A48,集計!$D:$R,$B48,0) -> #N/A | AW48: =VLOOKUP(AW$2&$C48&$A48,集計!$D:$R,$B48,0) -> #N/A | AX48: =VLOOKUP(AX$2&$C48&$A48,集計!$D:$R,$B48,0) -> #N/A | AY48: =VLOOKUP(AY$2&$C48&$A48,集計!$D:$R,$B48,0) -> #N/A | AZ48: =AU48+AV48+AW48+AX48+AY48 -> #N/A | BA48: =AZ48 -> #N/A | BB48: =VLOOKUP(BB$2&$C48&$A48,集計!$D:$R,$B48,0) -> #N/A | BC48: =VLOOKUP(BC$2&$C48&$A48,集計!$D:$R,$B48,0) -> #N/A | BD48: =BB48+BC48 -> #N/A | BE48: =VLOOKUP(BE$2&$C48&$A48,集計!$D:$R,$B48,0) -> #N/A | BF48: =VLOOKUP(BF$2&$C48&$A48,集計!$D:$R,$B48,0) -> #N/A | BG48: =VLOOKUP(BG$2&$C48&$A48,集計!$D:$R,$B48,0) -> #N/A | BH48: =VLOOKUP(BH$2&$C48&$A48,集計!$D:$R,$B48,0) -> #N/A | BI48: =VLOOKUP(BI$2&$C48&$A48,集計!$D:$R,$B48,0) -> #N/A | BJ48: =BE48+BF48+BG48+BH48+BI48 -> #N/A | BK48: =VLOOKUP(BK$2&$C48&$A48,集計!$D:$R,$B48,0) -> #N/A | BL48: =VLOOKUP(BL$2&$C48&$A48,集計!$D:$R,$B48,0) -> #N/A | BM48: =VLOOKUP(BM$2&$C48&$A48,集計!$D:$R,$B48,0) -> #N/A | BN48: =VLOOKUP(BN$2&$C48&$A48,集計!$D:$R,$B48,0) -> #N/A | BO48: =VLOOKUP(BO$2&$C48&$A48,集計!$D:$R,$B48,0) -> #N/A | BP48: =VLOOKUP(BP$2&$C48&$A48,集計!$D:$R,$B48,0) -> #N/A | BQ48: =BK48+BL48+BM48+BN48+BO48+BP48 -> #N/A | BR48: =VLOOKUP(BR$2&$C48&$A48,集計!$D:$R,$B48,0) -> #N/A | BS48: =VLOOKUP(BS$2&$C48&$A48,集計!$D:$R,$B48,0) -> #N/A | BT48: =VLOOKUP(BT$2&$C48&$A48,集計!$D:$R,$B48,0) -> #N/A | BU48: =BR48+BS48+BT48 -> #N/A | BV48: =VLOOKUP(BV$2&$C48&$A48,集計!$D:$R,$B48,0) -> #N/A | BW48: =BV48 -> #N/A | BX48: =AC48+AT48+BA48+BD48+BJ48+BQ48+BU48+BW48 -> #N/A
A49: 人員 | B49: 10 | C49: ローカル社員 | D49: =IF(VLOOKUP(D$2&$C49&$A49,集計!$D:$R,$B49,0)<>SUM(D47:D48),"NG",SUM(D47:D48)) -> #N/A | E49: =IF(VLOOKUP(E$2&$C49&$A49,集計!$D:$R,$B49,0)<>SUM(E47:E48),"NG",SUM(E47:E48)) -> #N/A | F49: =IF(VLOOKUP(F$2&$C49&$A49,集計!$D:$R,$B49,0)<>SUM(F47:F48),"NG",SUM(F47:F48)) -> #N/A | G49: =IF(VLOOKUP(G$2&$C49&$A49,集計!$D:$R,$B49,0)<>SUM(G47:G48),"NG",SUM(G47:G48)) -> #N/A | H49: =IF(VLOOKUP(H$2&$C49&$A49,集計!$D:$R,$B49,0)<>SUM(H47:H48),"NG",SUM(H47:H48)) -> #N/A | I49: =I47+I48 -> #N/A | J49: =IF(VLOOKUP(J$2&$C49&$A49,集計!$D:$R,$B49,0)<>SUM(J47:J48),"NG",SUM(J47:J48)) -> #N/A | K49: =IF(VLOOKUP(K$2&$C49&$A49,集計!$D:$R,$B49,0)<>SUM(K47:K48),"NG",SUM(K47:K48)) -> #N/A | L49: =IF(VLOOKUP(L$2&$C49&$A49,集計!$D:$R,$B49,0)<>SUM(L47:L48),"NG",SUM(L47:L48)) -> #N/A | M49: =IF(VLOOKUP(M$2&$C49&$A49,集計!$D:$R,$B49,0)<>SUM(M47:M48),"NG",SUM(M47:M48)) -> #N/A | N49: =N47+N48 -> #N/A | O49: =IF(VLOOKUP(O$2&$C49&$A49,集計!$D:$R,$B49,0)<>SUM(O47:O48),"NG",SUM(O47:O48)) -> #N/A | P49: =IF(VLOOKUP(P$2&$C49&$A49,集計!$D:$R,$B49,0)<>SUM(P47:P48),"NG",SUM(P47:P48)) -> #N/A | Q49: =IF(VLOOKUP(Q$2&$C49&$A49,集計!$D:$R,$B49,0)<>SUM(Q47:Q48),"NG",SUM(Q47:Q48)) -> #N/A | R49: =IF(VLOOKUP(R$2&$C49&$A49,集計!$D:$R,$B49,0)<>SUM(R47:R48),"NG",SUM(R47:R48)) -> #N/A | S49: =IF(VLOOKUP(S$2&$C49&$A49,集計!$D:$R,$B49,0)<>SUM(S47:S48),"NG",SUM(S47:S48)) -> #N/A | T49: =T47+T48 -> #N/A | U49: =IF(VLOOKUP(U$2&$C49&$A49,集計!$D:$R,$B49,0)<>SUM(U47:U48),"NG",SUM(U47:U48)) -> #N/A | V49: =IF(VLOOKUP(V$2&$C49&$A49,集計!$D:$R,$B49,0)<>SUM(V47:V48),"NG",SUM(V47:V48)) -> #N/A | W49: =IF(VLOOKUP(W$2&$C49&$A49,集計!$D:$R,$B49,0)<>SUM(W47:W48),"NG",SUM(W47:W48)) -> #N/A | X49: =SUM(X47:X48) -> #N/A | Y49: =IF(VLOOKUP(Y$2&$C49&$A49,集計!$D:$R,$B49,0)<>SUM(Y47:Y48),"NG",SUM(Y47:Y48)) -> #N/A | Z49: =IF(VLOOKUP(Z$2&$C49&$A49,集計!$D:$R,$B49,0)<>SUM(Z47:Z48),"NG",SUM(Z47:Z48)) -> #N/A | AA49: =IF(VLOOKUP(AA$2&$C49&$A49,集計!$D:$R,$B49,0)<>SUM(AA47:AA48),"NG",SUM(AA47:AA48)) -> #N/A | AB49: =SUM(AB47:AB48) -> #N/A | AC49: =SUM(AC47:AC48) -> #N/A | AD49: =IF(VLOOKUP(AD$2&$C49&$A49,集計!$D:$R,$B49,0)<>SUM(AD47:AD48),"NG",SUM(AD47:AD48)) -> #N/A | AE49: =IF(VLOOKUP(AE$2&$C49&$A49,集計!$D:$R,$B49,0)<>SUM(AE47:AE48),"NG",SUM(AE47:AE48)) -> #N/A | AF49: =IF(VLOOKUP(AF$2&$C49&$A49,集計!$D:$R,$B49,0)<>SUM(AF47:AF48),"NG",SUM(AF47:AF48)) -> #N/A | AG49: =IF(VLOOKUP(AG$2&$C49&$A49,集計!$D:$R,$B49,0)<>SUM(AG47:AG48),"NG",SUM(AG47:AG48)) -> #N/A | AH49: =SUM(AH47:AH48) -> #N/A | AI49: =IF(VLOOKUP(AI$2&$C49&$A49,集計!$D:$R,$B49,0)<>SUM(AI47:AI48),"NG",SUM(AI47:AI48)) -> #N/A | AJ49: =IF(VLOOKUP(AJ$2&$C49&$A49,集計!$D:$R,$B49,0)<>SUM(AJ47:AJ48),"NG",SUM(AJ47:AJ48)) -> #N/A | AK49: =IF(VLOOKUP(AK$2&$C49&$A49,集計!$D:$R,$B49,0)<>SUM(AK47:AK48),"NG",SUM(AK47:AK48)) -> #N/A | AL49: =SUM(AL47:AL48) -> #N/A | AM49: =IF(VLOOKUP(AM$2&$C49&$A49,集計!$D:$R,$B49,0)<>SUM(AM47:AM48),"NG",SUM(AM47:AM48)) -> #N/A | AN49: =IF(VLOOKUP(AN$2&$C49&$A49,集計!$D:$R,$B49,0)<>SUM(AN47:AN48),"NG",SUM(AN47:AN48)) -> #N/A | AO49: =SUM(AO47:AO48) -> #N/A | AP49: =IF(VLOOKUP(AP$2&$C49&$A49,集計!$D:$R,$B49,0)<>SUM(AP47:AP48),"NG",SUM(AP47:AP48)) -> #N/A | AQ49: =IF(VLOOKUP(AQ$2&$C49&$A49,集計!$D:$R,$B49,0)<>SUM(AQ47:AQ48),"NG",SUM(AQ47:AQ48)) -> #N/A | AR49: =IF(VLOOKUP(AR$2&$C49&$A49,集計!$D:$R,$B49,0)<>SUM(AR47:AR48),"NG",SUM(AR47:AR48)) -> #N/A | AS49: =SUM(AS47:AS48) -> #N/A | AT49: =SUM(AT47:AT48) -> #N/A | AU49: =IF(VLOOKUP(AU$2&$C49&$A49,集計!$D:$R,$B49,0)<>SUM(AU47:AU48),"NG",SUM(AU47:AU48)) -> #N/A | AV49: =IF(VLOOKUP(AV$2&$C49&$A49,集計!$D:$R,$B49,0)<>SUM(AV47:AV48),"NG",SUM(AV47:AV48)) -> #N/A | AW49: =IF(VLOOKUP(AW$2&$C49&$A49,集計!$D:$R,$B49,0)<>SUM(AW47:AW48),"NG",SUM(AW47:AW48)) -> #N/A | AX49: =IF(VLOOKUP(AX$2&$C49&$A49,集計!$D:$R,$B49,0)<>SUM(AX47:AX48),"NG",SUM(AX47:AX48)) -> #N/A | AY49: =IF(VLOOKUP(AY$2&$C49&$A49,集計!$D:$R,$B49,0)<>SUM(AY47:AY48),"NG",SUM(AY47:AY48)) -> #N/A | AZ49: =AZ47+AZ48 -> #N/A | BA49: =BA47+BA48 -> #N/A | BB49: =IF(VLOOKUP(BB$2&$C49&$A49,集計!$D:$R,$B49,0)<>SUM(BB47:BB48),"NG",SUM(BB47:BB48)) -> #N/A | BC49: =IF(VLOOKUP(BC$2&$C49&$A49,集計!$D:$R,$B49,0)<>SUM(BC47:BC48),"NG",SUM(BC47:BC48)) -> #N/A | BD49: =SUM(BD47:BD48) -> #N/A | BE49: =IF(VLOOKUP(BE$2&$C49&$A49,集計!$D:$R,$B49,0)<>SUM(BE47:BE48),"NG",SUM(BE47:BE48)) -> #N/A | BF49: =IF(VLOOKUP(BF$2&$C49&$A49,集計!$D:$R,$B49,0)<>SUM(BF47:BF48),"NG",SUM(BF47:BF48)) -> #N/A | BG49: =IF(VLOOKUP(BG$2&$C49&$A49,集計!$D:$R,$B49,0)<>SUM(BG47:BG48),"NG",SUM(BG47:BG48)) -> #N/A | BH49: =IF(VLOOKUP(BH$2&$C49&$A49,集計!$D:$R,$B49,0)<>SUM(BH47:BH48),"NG",SUM(BH47:BH48)) -> #N/A | BI49: =IF(VLOOKUP(BI$2&$C49&$A49,集計!$D:$R,$B49,0)<>SUM(BI47:BI48),"NG",SUM(BI47:BI48)) -> #N/A | BJ49: =BJ47+BJ48 -> #N/A | BK49: =IF(VLOOKUP(BK$2&$C49&$A49,集計!$D:$R,$B49,0)<>SUM(BK47:BK48),"NG",SUM(BK47:BK48)) -> #N/A | BL49: =IF(VLOOKUP(BL$2&$C49&$A49,集計!$D:$R,$B49,0)<>SUM(BL47:BL48),"NG",SUM(BL47:BL48)) -> #N/A | BM49: =IF(VLOOKUP(BM$2&$C49&$A49,集計!$D:$R,$B49,0)<>SUM(BM47:BM48),"NG",SUM(BM47:BM48)) -> #N/A | BN49: =IF(VLOOKUP(BN$2&$C49&$A49,集計!$D:$R,$B49,0)<>SUM(BN47:BN48),"NG",SUM(BN47:BN48)) -> #N/A | BO49: =IF(VLOOKUP(BO$2&$C49&$A49,集計!$D:$R,$B49,0)<>SUM(BO47:BO48),"NG",SUM(BO47:BO48)) -> #N/A | BP49: =IF(VLOOKUP(BP$2&$C49&$A49,集計!$D:$R,$B49,0)<>SUM(BP47:BP48),"NG",SUM(BP47:BP48)) -> #N/A | BQ49: =BQ47+BQ48 -> #N/A | BR49: =IF(VLOOKUP(BR$2&$C49&$A49,集計!$D:$R,$B49,0)<>SUM(BR47:BR48),"NG",SUM(BR47:BR48)) -> #N/A | BS49: =IF(VLOOKUP(BS$2&$C49&$A49,集計!$D:$R,$B49,0)<>SUM(BS47:BS48),"NG",SUM(BS47:BS48)) -> #N/A | BT49: =IF(VLOOKUP(BT$2&$C49&$A49,集計!$D:$R,$B49,0)<>SUM(BT47:BT48),"NG",SUM(BT47:BT48)) -> #N/A | BU49: =BU47+BU48 -> #N/A | BV49: =IF(VLOOKUP(BV$2&$C49&$A49,集計!$D:$R,$B49,0)<>SUM(BV47:BV48),"NG",SUM(BV47:BV48)) -> #N/A | BW49: =SUM(BW47:BW48) -> #N/A | BX49: =SUM(BX47:BX48) -> #N/A
A50: 人員 | B50: 10 | C50: 人員合計 | D50: =IF(VLOOKUP(D$2&$C50&$A50,集計!$D:$R,$B50,0)<>SUM(D46,D49),"NG",SUM(D46,D49)) -> #N/A | E50: =IF(VLOOKUP(E$2&$C50&$A50,集計!$D:$R,$B50,0)<>SUM(E46,E49),"NG",SUM(E46,E49)) -> #N/A | F50: =IF(VLOOKUP(F$2&$C50&$A50,集計!$D:$R,$B50,0)<>SUM(F46,F49),"NG",SUM(F46,F49)) -> #N/A | G50: =IF(VLOOKUP(G$2&$C50&$A50,集計!$D:$R,$B50,0)<>SUM(G46,G49),"NG",SUM(G46,G49)) -> #N/A | H50: =IF(VLOOKUP(H$2&$C50&$A50,集計!$D:$R,$B50,0)<>SUM(H46,H49),"NG",SUM(H46,H49)) -> #N/A | I50: =I46+I49 -> #N/A | J50: =IF(VLOOKUP(J$2&$C50&$A50,集計!$D:$R,$B50,0)<>SUM(J46,J49),"NG",SUM(J46,J49)) -> #N/A | K50: =IF(VLOOKUP(K$2&$C50&$A50,集計!$D:$R,$B50,0)<>SUM(K46,K49),"NG",SUM(K46,K49)) -> #N/A | L50: =IF(VLOOKUP(L$2&$C50&$A50,集計!$D:$R,$B50,0)<>SUM(L46,L49),"NG",SUM(L46,L49)) -> #N/A | M50: =IF(VLOOKUP(M$2&$C50&$A50,集計!$D:$R,$B50,0)<>SUM(M46,M49),"NG",SUM(M46,M49)) -> #N/A | N50: =N46+N49 -> #N/A | O50: =IF(VLOOKUP(O$2&$C50&$A50,集計!$D:$R,$B50,0)<>SUM(O46,O49),"NG",SUM(O46,O49)) -> #N/A | P50: =IF(VLOOKUP(P$2&$C50&$A50,集計!$D:$R,$B50,0)<>SUM(P46,P49),"NG",SUM(P46,P49)) -> #N/A | Q50: =IF(VLOOKUP(Q$2&$C50&$A50,集計!$D:$R,$B50,0)<>SUM(Q46,Q49),"NG",SUM(Q46,Q49)) -> #N/A | R50: =IF(VLOOKUP(R$2&$C50&$A50,集計!$D:$R,$B50,0)<>SUM(R46,R49),"NG",SUM(R46,R49)) -> #N/A | S50: =IF(VLOOKUP(S$2&$C50&$A50,集計!$D:$R,$B50,0)<>SUM(S46,S49),"NG",SUM(S46,S49)) -> #N/A | T50: =T46+T49 -> #N/A | U50: =IF(VLOOKUP(U$2&$C50&$A50,集計!$D:$R,$B50,0)<>SUM(U46,U49),"NG",SUM(U46,U49)) -> #N/A | V50: =IF(VLOOKUP(V$2&$C50&$A50,集計!$D:$R,$B50,0)<>SUM(V46,V49),"NG",SUM(V46,V49)) -> #N/A | W50: =IF(VLOOKUP(W$2&$C50&$A50,集計!$D:$R,$B50,0)<>SUM(W46,W49),"NG",SUM(W46,W49)) -> #N/A | X50: =X46+X49 -> #N/A | Y50: =IF(VLOOKUP(Y$2&$C50&$A50,集計!$D:$R,$B50,0)<>SUM(Y46,Y49),"NG",SUM(Y46,Y49)) -> #N/A | Z50: =IF(VLOOKUP(Z$2&$C50&$A50,集計!$D:$R,$B50,0)<>SUM(Z46,Z49),"NG",SUM(Z46,Z49)) -> #N/A | AA50: =IF(VLOOKUP(AA$2&$C50&$A50,集計!$D:$R,$B50,0)<>SUM(AA46,AA49),"NG",SUM(AA46,AA49)) -> #N/A | AB50: =AB46+AB49 -> #N/A | AC50: =AC46+AC49 -> #N/A | AD50: =IF(VLOOKUP(AD$2&$C50&$A50,集計!$D:$R,$B50,0)<>SUM(AD46,AD49),"NG",SUM(AD46,AD49)) -> #N/A | AE50: =IF(VLOOKUP(AE$2&$C50&$A50,集計!$D:$R,$B50,0)<>SUM(AE46,AE49),"NG",SUM(AE46,AE49)) -> #N/A | AF50: =IF(VLOOKUP(AF$2&$C50&$A50,集計!$D:$R,$B50,0)<>SUM(AF46,AF49),"NG",SUM(AF46,AF49)) -> #N/A | AG50: =IF(VLOOKUP(AG$2&$C50&$A50,集計!$D:$R,$B50,0)<>SUM(AG46,AG49),"NG",SUM(AG46,AG49)) -> #N/A | AH50: =AH46+AH49 -> #N/A | AI50: =IF(VLOOKUP(AI$2&$C50&$A50,集計!$D:$R,$B50,0)<>SUM(AI46,AI49),"NG",SUM(AI46,AI49)) -> #N/A | AJ50: =IF(VLOOKUP(AJ$2&$C50&$A50,集計!$D:$R,$B50,0)<>SUM(AJ46,AJ49),"NG",SUM(AJ46,AJ49)) -> #N/A | AK50: =IF(VLOOKUP(AK$2&$C50&$A50,集計!$D:$R,$B50,0)<>SUM(AK46,AK49),"NG",SUM(AK46,AK49)) -> #N/A | AL50: =AL46+AL49 -> #N/A | AM50: =IF(VLOOKUP(AM$2&$C50&$A50,集計!$D:$R,$B50,0)<>SUM(AM46,AM49),"NG",SUM(AM46,AM49)) -> #N/A | AN50: =IF(VLOOKUP(AN$2&$C50&$A50,集計!$D:$R,$B50,0)<>SUM(AN46,AN49),"NG",SUM(AN46,AN49)) -> #N/A | AO50: =AO46+AO49 -> #N/A | AP50: =IF(VLOOKUP(AP$2&$C50&$A50,集計!$D:$R,$B50,0)<>SUM(AP46,AP49),"NG",SUM(AP46,AP49)) -> #N/A | AQ50: =IF(VLOOKUP(AQ$2&$C50&$A50,集計!$D:$R,$B50,0)<>SUM(AQ46,AQ49),"NG",SUM(AQ46,AQ49)) -> #N/A | AR50: =IF(VLOOKUP(AR$2&$C50&$A50,集計!$D:$R,$B50,0)<>SUM(AR46,AR49),"NG",SUM(AR46,AR49)) -> #N/A | AS50: =AS46+AS49 -> #N/A | AT50: =AT46+AT49 -> #N/A | AU50: =IF(VLOOKUP(AU$2&$C50&$A50,集計!$D:$R,$B50,0)<>SUM(AU46,AU49),"NG",SUM(AU46,AU49)) -> #N/A | AV50: =IF(VLOOKUP(AV$2&$C50&$A50,集計!$D:$R,$B50,0)<>SUM(AV46,AV49),"NG",SUM(AV46,AV49)) -> #N/A | AW50: =IF(VLOOKUP(AW$2&$C50&$A50,集計!$D:$R,$B50,0)<>SUM(AW46,AW49),"NG",SUM(AW46,AW49)) -> #N/A | AX50: =IF(VLOOKUP(AX$2&$C50&$A50,集計!$D:$R,$B50,0)<>SUM(AX46,AX49),"NG",SUM(AX46,AX49)) -> #N/A | AY50: =IF(VLOOKUP(AY$2&$C50&$A50,集計!$D:$R,$B50,0)<>SUM(AY46,AY49),"NG",SUM(AY46,AY49)) -> #N/A | AZ50: =AZ46+AZ49 -> #N/A | BA50: =BA46+BA49 -> #N/A | BB50: =IF(VLOOKUP(BB$2&$C50&$A50,集計!$D:$R,$B50,0)<>SUM(BB46,BB49),"NG",SUM(BB46,BB49)) -> #N/A | BC50: =IF(VLOOKUP(BC$2&$C50&$A50,集計!$D:$R,$B50,0)<>SUM(BC46,BC49),"NG",SUM(BC46,BC49)) -> #N/A | BD50: =BD46+BD49 -> #N/A | BE50: =IF(VLOOKUP(BE$2&$C50&$A50,集計!$D:$R,$B50,0)<>SUM(BE46,BE49),"NG",SUM(BE46,BE49)) -> #N/A | BF50: =IF(VLOOKUP(BF$2&$C50&$A50,集計!$D:$R,$B50,0)<>SUM(BF46,BF49),"NG",SUM(BF46,BF49)) -> #N/A | BG50: =IF(VLOOKUP(BG$2&$C50&$A50,集計!$D:$R,$B50,0)<>SUM(BG46,BG49),"NG",SUM(BG46,BG49)) -> #N/A | BH50: =IF(VLOOKUP(BH$2&$C50&$A50,集計!$D:$R,$B50,0)<>SUM(BH46,BH49),"NG",SUM(BH46,BH49)) -> #N/A | BI50: =IF(VLOOKUP(BI$2&$C50&$A50,集計!$D:$R,$B50,0)<>SUM(BI46,BI49),"NG",SUM(BI46,BI49)) -> #N/A | BJ50: =BJ46+BJ49 -> #N/A | BK50: =IF(VLOOKUP(BK$2&$C50&$A50,集計!$D:$R,$B50,0)<>SUM(BK46,BK49),"NG",SUM(BK46,BK49)) -> #N/A | BL50: =IF(VLOOKUP(BL$2&$C50&$A50,集計!$D:$R,$B50,0)<>SUM(BL46,BL49),"NG",SUM(BL46,BL49)) -> #N/A | BM50: =IF(VLOOKUP(BM$2&$C50&$A50,集計!$D:$R,$B50,0)<>SUM(BM46,BM49),"NG",SUM(BM46,BM49)) -> #N/A | BN50: =IF(VLOOKUP(BN$2&$C50&$A50,集計!$D:$R,$B50,0)<>SUM(BN46,BN49),"NG",SUM(BN46,BN49)) -> #N/A | BO50: =IF(VLOOKUP(BO$2&$C50&$A50,集計!$D:$R,$B50,0)<>SUM(BO46,BO49),"NG",SUM(BO46,BO49)) -> #N/A | BP50: =IF(VLOOKUP(BP$2&$C50&$A50,集計!$D:$R,$B50,0)<>SUM(BP46,BP49),"NG",SUM(BP46,BP49)) -> #N/A | BQ50: =BQ46+BQ49 -> #N/A | BR50: =IF(VLOOKUP(BR$2&$C50&$A50,集計!$D:$R,$B50,0)<>SUM(BR46,BR49),"NG",SUM(BR46,BR49)) -> #N/A | BS50: =IF(VLOOKUP(BS$2&$C50&$A50,集計!$D:$R,$B50,0)<>SUM(BS46,BS49),"NG",SUM(BS46,BS49)) -> #N/A | BT50: =IF(VLOOKUP(BT$2&$C50&$A50,集計!$D:$R,$B50,0)<>SUM(BT46,BT49),"NG",SUM(BT46,BT49)) -> #N/A | BU50: =BU46+BU49 -> #N/A | BV50: =IF(VLOOKUP(BV$2&$C50&$A50,集計!$D:$R,$B50,0)<>SUM(BV46,BV49),"NG",SUM(BV46,BV49)) -> #N/A | BW50: =BW46+BW49 -> #N/A | BX50: =BX46+BX49 -> #N/A
B52: 11 | C52: 人員
A53: 人員 | B53: 11 | C53: 出向社員 | D53: =VLOOKUP(D$2&$C53&$A53,集計!$D:$R,$B53,0) -> #N/A | E53: =VLOOKUP(E$2&$C53&$A53,集計!$D:$R,$B53,0) -> #N/A | F53: =VLOOKUP(F$2&$C53&$A53,集計!$D:$R,$B53,0) -> #N/A | G53: =VLOOKUP(G$2&$C53&$A53,集計!$D:$R,$B53,0) -> #N/A | H53: =VLOOKUP(H$2&$C53&$A53,集計!$D:$R,$B53,0) -> #N/A | I53: =D53+E53+F53+G53+H53 -> #N/A | J53: =VLOOKUP(J$2&$C53&$A53,集計!$D:$R,$B53,0) -> #N/A | K53: =VLOOKUP(K$2&$C53&$A53,集計!$D:$R,$B53,0) -> #N/A | L53: =VLOOKUP(L$2&$C53&$A53,集計!$D:$R,$B53,0) -> #N/A | M53: =VLOOKUP(M$2&$C53&$A53,集計!$D:$R,$B53,0) -> #N/A | N53: =J53+K53+L53+M53 -> #N/A | O53: =VLOOKUP(O$2&$C53&$A53,集計!$D:$R,$B53,0) -> #N/A | P53: =VLOOKUP(P$2&$C53&$A53,集計!$D:$R,$B53,0) -> #N/A | Q53: =VLOOKUP(Q$2&$C53&$A53,集計!$D:$R,$B53,0) -> #N/A | R53: =VLOOKUP(R$2&$C53&$A53,集計!$D:$R,$B53,0) -> #N/A | S53: =VLOOKUP(S$2&$C53&$A53,集計!$D:$R,$B53,0) -> #N/A | T53: =O53+P53+Q53+R53+S53 -> #N/A | U53: =VLOOKUP(U$2&$C53&$A53,集計!$D:$R,$B53,0) -> #N/A | V53: =VLOOKUP(V$2&$C53&$A53,集計!$D:$R,$B53,0) -> #N/A | W53: =VLOOKUP(W$2&$C53&$A53,集計!$D:$R,$B53,0) -> #N/A | X53: =U53+V53+W53 -> #N/A | Y53: =VLOOKUP(Y$2&$C53&$A53,集計!$D:$R,$B53,0) -> #N/A | Z53: =VLOOKUP(Z$2&$C53&$A53,集計!$D:$R,$B53,0) -> #N/A | AA53: =VLOOKUP(AA$2&$C53&$A53,集計!$D:$R,$B53,0) -> #N/A | AB53: =Y53+Z53+AA53 -> #N/A | AC53: =I53+N53+T53+X53+AB53 -> #N/A | AD53: =VLOOKUP(AD$2&$C53&$A53,集計!$D:$R,$B53,0) -> #N/A | AE53: =VLOOKUP(AE$2&$C53&$A53,集計!$D:$R,$B53,0) -> #N/A | AF53: =VLOOKUP(AF$2&$C53&$A53,集計!$D:$R,$B53,0) -> #N/A | AG53: =VLOOKUP(AG$2&$C53&$A53,集計!$D:$R,$B53,0) -> #N/A | AH53: =AD53+AE53+AF53+AG53 -> #N/A | AI53: =VLOOKUP(AI$2&$C53&$A53,集計!$D:$R,$B53,0) -> #N/A | AJ53: =VLOOKUP(AJ$2&$C53&$A53,集計!$D:$R,$B53,0) -> #N/A | AK53: =VLOOKUP(AK$2&$C53&$A53,集計!$D:$R,$B53,0) -> #N/A | AL53: =AI53+AJ53+AK53 -> #N/A | AM53: =VLOOKUP(AM$2&$C53&$A53,集計!$D:$R,$B53,0) -> #N/A | AN53: =VLOOKUP(AN$2&$C53&$A53,集計!$D:$R,$B53,0) -> #N/A | AO53: =AM53+AN53 -> #N/A | AP53: =VLOOKUP(AP$2&$C53&$A53,集計!$D:$R,$B53,0) -> #N/A | AQ53: =VLOOKUP(AQ$2&$C53&$A53,集計!$D:$R,$B53,0) -> #N/A | AR53: =VLOOKUP(AR$2&$C53&$A53,集計!$D:$R,$B53,0) -> #N/A | AS53: =AP53+AQ53+AR53 -> #N/A | AT53: =AH53+AL53+AO53+AS53 -> #N/A | AU53: =VLOOKUP(AU$2&$C53&$A53,集計!$D:$R,$B53,0) -> #N/A | AV53: =VLOOKUP(AV$2&$C53&$A53,集計!$D:$R,$B53,0) -> #N/A | AW53: =VLOOKUP(AW$2&$C53&$A53,集計!$D:$R,$B53,0) -> #N/A | AX53: =VLOOKUP(AX$2&$C53&$A53,集計!$D:$R,$B53,0) -> #N/A | AY53: =VLOOKUP(AY$2&$C53&$A53,集計!$D:$R,$B53,0) -> #N/A | AZ53: =AU53+AV53+AW53+AX53+AY53 -> #N/A | BA53: =AZ53 -> #N/A | BB53: =VLOOKUP(BB$2&$C53&$A53,集計!$D:$R,$B53,0) -> #N/A | BC53: =VLOOKUP(BC$2&$C53&$A53,集計!$D:$R,$B53,0) -> #N/A | BD53: =BB53+BC53 -> #N/A | BE53: =VLOOKUP(BE$2&$C53&$A53,集計!$D:$R,$B53,0) -> #N/A | BF53: =VLOOKUP(BF$2&$C53&$A53,集計!$D:$R,$B53,0) -> #N/A | BG53: =VLOOKUP(BG$2&$C53&$A53,集計!$D:$R,$B53,0) -> #N/A | BH53: =VLOOKUP(BH$2&$C53&$A53,集計!$D:$R,$B53,0) -> #N/A | BI53: =VLOOKUP(BI$2&$C53&$A53,集計!$D:$R,$B53,0) -> #N/A | BJ53: =BE53+BF53+BG53+BH53+BI53 -> #N/A | BK53: =VLOOKUP(BK$2&$C53&$A53,集計!$D:$R,$B53,0) -> #N/A | BL53: =VLOOKUP(BL$2&$C53&$A53,集計!$D:$R,$B53,0) -> #N/A | BM53: =VLOOKUP(BM$2&$C53&$A53,集計!$D:$R,$B53,0) -> #N/A | BN53: =VLOOKUP(BN$2&$C53&$A53,集計!$D:$R,$B53,0) -> #N/A | BO53: =VLOOKUP(BO$2&$C53&$A53,集計!$D:$R,$B53,0) -> #N/A | BP53: =VLOOKUP(BP$2&$C53&$A53,集計!$D:$R,$B53,0) -> #N/A | BQ53: =BK53+BL53+BM53+BN53+BO53+BP53 -> #N/A | BR53: =VLOOKUP(BR$2&$C53&$A53,集計!$D:$R,$B53,0) -> #N/A | BS53: =VLOOKUP(BS$2&$C53&$A53,集計!$D:$R,$B53,0) -> #N/A | BT53: =VLOOKUP(BT$2&$C53&$A53,集計!$D:$R,$B53,0) -> #N/A | BU53: =BR53+BS53+BT53 -> #N/A | BV53: =VLOOKUP(BV$2&$C53&$A53,集計!$D:$R,$B53,0) -> #N/A | BW53: =BV53 -> #N/A | BX53: =AC53+AT53+BA53+BD53+BJ53+BQ53+BU53+BW53 -> #N/A
A54: 人員 | B54: 11 | C54: G5以上 | D54: =VLOOKUP(D$2&$C54&$A54,集計!$D:$R,$B54,0) -> #N/A | E54: =VLOOKUP(E$2&$C54&$A54,集計!$D:$R,$B54,0) -> #N/A | F54: =VLOOKUP(F$2&$C54&$A54,集計!$D:$R,$B54,0) -> #N/A | G54: =VLOOKUP(G$2&$C54&$A54,集計!$D:$R,$B54,0) -> #N/A | H54: =VLOOKUP(H$2&$C54&$A54,集計!$D:$R,$B54,0) -> #N/A | I54: =D54+E54+F54+G54+H54 -> #N/A | J54: =VLOOKUP(J$2&$C54&$A54,集計!$D:$R,$B54,0) -> #N/A | K54: =VLOOKUP(K$2&$C54&$A54,集計!$D:$R,$B54,0) -> #N/A | L54: =VLOOKUP(L$2&$C54&$A54,集計!$D:$R,$B54,0) -> #N/A | M54: =VLOOKUP(M$2&$C54&$A54,集計!$D:$R,$B54,0) -> #N/A | N54: =J54+K54+L54+M54 -> #N/A | O54: =VLOOKUP(O$2&$C54&$A54,集計!$D:$R,$B54,0) -> #N/A | P54: =VLOOKUP(P$2&$C54&$A54,集計!$D:$R,$B54,0) -> #N/A | Q54: =VLOOKUP(Q$2&$C54&$A54,集計!$D:$R,$B54,0) -> #N/A | R54: =VLOOKUP(R$2&$C54&$A54,集計!$D:$R,$B54,0) -> #N/A | S54: =VLOOKUP(S$2&$C54&$A54,集計!$D:$R,$B54,0) -> #N/A | T54: =O54+P54+Q54+R54+S54 -> #N/A | U54: =VLOOKUP(U$2&$C54&$A54,集計!$D:$R,$B54,0) -> #N/A | V54: =VLOOKUP(V$2&$C54&$A54,集計!$D:$R,$B54,0) -> #N/A | W54: =VLOOKUP(W$2&$C54&$A54,集計!$D:$R,$B54,0) -> #N/A | X54: =U54+V54+W54 -> #N/A | Y54: =VLOOKUP(Y$2&$C54&$A54,集計!$D:$R,$B54,0) -> #N/A | Z54: =VLOOKUP(Z$2&$C54&$A54,集計!$D:$R,$B54,0) -> #N/A | AA54: =VLOOKUP(AA$2&$C54&$A54,集計!$D:$R,$B54,0) -> #N/A | AB54: =Y54+Z54+AA54 -> #N/A | AC54: =I54+N54+T54+X54+AB54 -> #N/A | AD54: =VLOOKUP(AD$2&$C54&$A54,集計!$D:$R,$B54,0) -> #N/A | AE54: =VLOOKUP(AE$2&$C54&$A54,集計!$D:$R,$B54,0) -> #N/A | AF54: =VLOOKUP(AF$2&$C54&$A54,集計!$D:$R,$B54,0) -> #N/A | AG54: =VLOOKUP(AG$2&$C54&$A54,集計!$D:$R,$B54,0) -> #N/A | AH54: =AD54+AE54+AF54+AG54 -> #N/A | AI54: =VLOOKUP(AI$2&$C54&$A54,集計!$D:$R,$B54,0) -> #N/A | AJ54: =VLOOKUP(AJ$2&$C54&$A54,集計!$D:$R,$B54,0) -> #N/A | AK54: =VLOOKUP(AK$2&$C54&$A54,集計!$D:$R,$B54,0) -> #N/A | AL54: =AI54+AJ54+AK54 -> #N/A | AM54: =VLOOKUP(AM$2&$C54&$A54,集計!$D:$R,$B54,0) -> #N/A | AN54: =VLOOKUP(AN$2&$C54&$A54,集計!$D:$R,$B54,0) -> #N/A | AO54: =AM54+AN54 -> #N/A | AP54: =VLOOKUP(AP$2&$C54&$A54,集計!$D:$R,$B54,0) -> #N/A | AQ54: =VLOOKUP(AQ$2&$C54&$A54,集計!$D:$R,$B54,0) -> #N/A | AR54: =VLOOKUP(AR$2&$C54&$A54,集計!$D:$R,$B54,0) -> #N/A | AS54: =AP54+AQ54+AR54 -> #N/A | AT54: =AH54+AL54+AO54+AS54 -> #N/A | AU54: =VLOOKUP(AU$2&$C54&$A54,集計!$D:$R,$B54,0) -> #N/A | AV54: =VLOOKUP(AV$2&$C54&$A54,集計!$D:$R,$B54,0) -> #N/A | AW54: =VLOOKUP(AW$2&$C54&$A54,集計!$D:$R,$B54,0) -> #N/A | AX54: =VLOOKUP(AX$2&$C54&$A54,集計!$D:$R,$B54,0) -> #N/A | AY54: =VLOOKUP(AY$2&$C54&$A54,集計!$D:$R,$B54,0) -> #N/A | AZ54: =AU54+AV54+AW54+AX54+AY54 -> #N/A | BA54: =AZ54 -> #N/A | BB54: =VLOOKUP(BB$2&$C54&$A54,集計!$D:$R,$B54,0) -> #N/A | BC54: =VLOOKUP(BC$2&$C54&$A54,集計!$D:$R,$B54,0) -> #N/A | BD54: =BB54+BC54 -> #N/A | BE54: =VLOOKUP(BE$2&$C54&$A54,集計!$D:$R,$B54,0) -> #N/A | BF54: =VLOOKUP(BF$2&$C54&$A54,集計!$D:$R,$B54,0) -> #N/A | BG54: =VLOOKUP(BG$2&$C54&$A54,集計!$D:$R,$B54,0) -> #N/A | BH54: =VLOOKUP(BH$2&$C54&$A54,集計!$D:$R,$B54,0) -> #N/A | BI54: =VLOOKUP(BI$2&$C54&$A54,集計!$D:$R,$B54,0) -> #N/A | BJ54: =BE54+BF54+BG54+BH54+BI54 -> #N/A | BK54: =VLOOKUP(BK$2&$C54&$A54,集計!$D:$R,$B54,0) -> #N/A | BL54: =VLOOKUP(BL$2&$C54&$A54,集計!$D:$R,$B54,0) -> #N/A | BM54: =VLOOKUP(BM$2&$C54&$A54,集計!$D:$R,$B54,0) -> #N/A | BN54: =VLOOKUP(BN$2&$C54&$A54,集計!$D:$R,$B54,0) -> #N/A | BO54: =VLOOKUP(BO$2&$C54&$A54,集計!$D:$R,$B54,0) -> #N/A | BP54: =VLOOKUP(BP$2&$C54&$A54,集計!$D:$R,$B54,0) -> #N/A | BQ54: =BK54+BL54+BM54+BN54+BO54+BP54 -> #N/A | BR54: =VLOOKUP(BR$2&$C54&$A54,集計!$D:$R,$B54,0) -> #N/A | BS54: =VLOOKUP(BS$2&$C54&$A54,集計!$D:$R,$B54,0) -> #N/A | BT54: =VLOOKUP(BT$2&$C54&$A54,集計!$D:$R,$B54,0) -> #N/A | BU54: =BR54+BS54+BT54 -> #N/A | BV54: =VLOOKUP(BV$2&$C54&$A54,集計!$D:$R,$B54,0) -> #N/A | BW54: =BV54 -> #N/A | BX54: =AC54+AT54+BA54+BD54+BJ54+BQ54+BU54+BW54 -> #N/A
A55: 人員 | B55: 11 | C55: G7, G6 | D55: =VLOOKUP(D$2&$C55&$A55,集計!$D:$R,$B55,0) -> #N/A | E55: =VLOOKUP(E$2&$C55&$A55,集計!$D:$R,$B55,0) -> #N/A | F55: =VLOOKUP(F$2&$C55&$A55,集計!$D:$R,$B55,0) -> #N/A | G55: =VLOOKUP(G$2&$C55&$A55,集計!$D:$R,$B55,0) -> #N/A | H55: =VLOOKUP(H$2&$C55&$A55,集計!$D:$R,$B55,0) -> #N/A | I55: =D55+E55+F55+G55+H55 -> #N/A | J55: =VLOOKUP(J$2&$C55&$A55,集計!$D:$R,$B55,0) -> #N/A | K55: =VLOOKUP(K$2&$C55&$A55,集計!$D:$R,$B55,0) -> #N/A | L55: =VLOOKUP(L$2&$C55&$A55,集計!$D:$R,$B55,0) -> #N/A | M55: =VLOOKUP(M$2&$C55&$A55,集計!$D:$R,$B55,0) -> #N/A | N55: =J55+K55+L55+M55 -> #N/A | O55: =VLOOKUP(O$2&$C55&$A55,集計!$D:$R,$B55,0) -> #N/A | P55: =VLOOKUP(P$2&$C55&$A55,集計!$D:$R,$B55,0) -> #N/A | Q55: =VLOOKUP(Q$2&$C55&$A55,集計!$D:$R,$B55,0) -> #N/A | R55: =VLOOKUP(R$2&$C55&$A55,集計!$D:$R,$B55,0) -> #N/A | S55: =VLOOKUP(S$2&$C55&$A55,集計!$D:$R,$B55,0) -> #N/A | T55: =O55+P55+Q55+R55+S55 -> #N/A | U55: =VLOOKUP(U$2&$C55&$A55,集計!$D:$R,$B55,0) -> #N/A | V55: =VLOOKUP(V$2&$C55&$A55,集計!$D:$R,$B55,0) -> #N/A | W55: =VLOOKUP(W$2&$C55&$A55,集計!$D:$R,$B55,0) -> #N/A | X55: =U55+V55+W55 -> #N/A | Y55: =VLOOKUP(Y$2&$C55&$A55,集計!$D:$R,$B55,0) -> #N/A | Z55: =VLOOKUP(Z$2&$C55&$A55,集計!$D:$R,$B55,0) -> #N/A | AA55: =VLOOKUP(AA$2&$C55&$A55,集計!$D:$R,$B55,0) -> #N/A | AB55: =Y55+Z55+AA55 -> #N/A | AC55: =I55+N55+T55+X55+AB55 -> #N/A | AD55: =VLOOKUP(AD$2&$C55&$A55,集計!$D:$R,$B55,0) -> #N/A | AE55: =VLOOKUP(AE$2&$C55&$A55,集計!$D:$R,$B55,0) -> #N/A | AF55: =VLOOKUP(AF$2&$C55&$A55,集計!$D:$R,$B55,0) -> #N/A | AG55: =VLOOKUP(AG$2&$C55&$A55,集計!$D:$R,$B55,0) -> #N/A | AH55: =AD55+AE55+AF55+AG55 -> #N/A | AI55: =VLOOKUP(AI$2&$C55&$A55,集計!$D:$R,$B55,0) -> #N/A | AJ55: =VLOOKUP(AJ$2&$C55&$A55,集計!$D:$R,$B55,0) -> #N/A | AK55: =VLOOKUP(AK$2&$C55&$A55,集計!$D:$R,$B55,0) -> #N/A | AL55: =AI55+AJ55+AK55 -> #N/A | AM55: =VLOOKUP(AM$2&$C55&$A55,集計!$D:$R,$B55,0) -> #N/A | AN55: =VLOOKUP(AN$2&$C55&$A55,集計!$D:$R,$B55,0) -> #N/A | AO55: =AM55+AN55 -> #N/A | AP55: =VLOOKUP(AP$2&$C55&$A55,集計!$D:$R,$B55,0) -> #N/A | AQ55: =VLOOKUP(AQ$2&$C55&$A55,集計!$D:$R,$B55,0) -> #N/A | AR55: =VLOOKUP(AR$2&$C55&$A55,集計!$D:$R,$B55,0) -> #N/A | AS55: =AP55+AQ55+AR55 -> #N/A | AT55: =AH55+AL55+AO55+AS55 -> #N/A | AU55: =VLOOKUP(AU$2&$C55&$A55,集計!$D:$R,$B55,0) -> #N/A | AV55: =VLOOKUP(AV$2&$C55&$A55,集計!$D:$R,$B55,0) -> #N/A | AW55: =VLOOKUP(AW$2&$C55&$A55,集計!$D:$R,$B55,0) -> #N/A | AX55: =VLOOKUP(AX$2&$C55&$A55,集計!$D:$R,$B55,0) -> #N/A | AY55: =VLOOKUP(AY$2&$C55&$A55,集計!$D:$R,$B55,0) -> #N/A | AZ55: =AU55+AV55+AW55+AX55+AY55 -> #N/A | BA55: =AZ55 -> #N/A | BB55: =VLOOKUP(BB$2&$C55&$A55,集計!$D:$R,$B55,0) -> #N/A | BC55: =VLOOKUP(BC$2&$C55&$A55,集計!$D:$R,$B55,0) -> #N/A | BD55: =BB55+BC55 -> #N/A | BE55: =VLOOKUP(BE$2&$C55&$A55,集計!$D:$R,$B55,0) -> #N/A | BF55: =VLOOKUP(BF$2&$C55&$A55,集計!$D:$R,$B55,0) -> #N/A | BG55: =VLOOKUP(BG$2&$C55&$A55,集計!$D:$R,$B55,0) -> #N/A | BH55: =VLOOKUP(BH$2&$C55&$A55,集計!$D:$R,$B55,0) -> #N/A | BI55: =VLOOKUP(BI$2&$C55&$A55,集計!$D:$R,$B55,0) -> #N/A | BJ55: =BE55+BF55+BG55+BH55+BI55 -> #N/A | BK55: =VLOOKUP(BK$2&$C55&$A55,集計!$D:$R,$B55,0) -> #N/A | BL55: =VLOOKUP(BL$2&$C55&$A55,集計!$D:$R,$B55,0) -> #N/A | BM55: =VLOOKUP(BM$2&$C55&$A55,集計!$D:$R,$B55,0) -> #N/A | BN55: =VLOOKUP(BN$2&$C55&$A55,集計!$D:$R,$B55,0) -> #N/A | BO55: =VLOOKUP(BO$2&$C55&$A55,集計!$D:$R,$B55,0) -> #N/A | BP55: =VLOOKUP(BP$2&$C55&$A55,集計!$D:$R,$B55,0) -> #N/A | BQ55: =BK55+BL55+BM55+BN55+BO55+BP55 -> #N/A | BR55: =VLOOKUP(BR$2&$C55&$A55,集計!$D:$R,$B55,0) -> #N/A | BS55: =VLOOKUP(BS$2&$C55&$A55,集計!$D:$R,$B55,0) -> #N/A | BT55: =VLOOKUP(BT$2&$C55&$A55,集計!$D:$R,$B55,0) -> #N/A | BU55: =BR55+BS55+BT55 -> #N/A | BV55: =VLOOKUP(BV$2&$C55&$A55,集計!$D:$R,$B55,0) -> #N/A | BW55: =BV55 -> #N/A | BX55: =AC55+AT55+BA55+BD55+BJ55+BQ55+BU55+BW55 -> #N/A
A56: 人員 | B56: 11 | C56: ローカル社員 | D56: =IF(VLOOKUP(D$2&$C56&$A56,集計!$D:$R,$B56,0)<>SUM(D54:D55),"NG",SUM(D54:D55)) -> #N/A | E56: =IF(VLOOKUP(E$2&$C56&$A56,集計!$D:$R,$B56,0)<>SUM(E54:E55),"NG",SUM(E54:E55)) -> #N/A | F56: =IF(VLOOKUP(F$2&$C56&$A56,集計!$D:$R,$B56,0)<>SUM(F54:F55),"NG",SUM(F54:F55)) -> #N/A | G56: =IF(VLOOKUP(G$2&$C56&$A56,集計!$D:$R,$B56,0)<>SUM(G54:G55),"NG",SUM(G54:G55)) -> #N/A | H56: =IF(VLOOKUP(H$2&$C56&$A56,集計!$D:$R,$B56,0)<>SUM(H54:H55),"NG",SUM(H54:H55)) -> #N/A | I56: =I54+I55 -> #N/A | J56: =IF(VLOOKUP(J$2&$C56&$A56,集計!$D:$R,$B56,0)<>SUM(J54:J55),"NG",SUM(J54:J55)) -> #N/A | K56: =IF(VLOOKUP(K$2&$C56&$A56,集計!$D:$R,$B56,0)<>SUM(K54:K55),"NG",SUM(K54:K55)) -> #N/A | L56: =IF(VLOOKUP(L$2&$C56&$A56,集計!$D:$R,$B56,0)<>SUM(L54:L55),"NG",SUM(L54:L55)) -> #N/A | M56: =IF(VLOOKUP(M$2&$C56&$A56,集計!$D:$R,$B56,0)<>SUM(M54:M55),"NG",SUM(M54:M55)) -> #N/A | N56: =N54+N55 -> #N/A | O56: =IF(VLOOKUP(O$2&$C56&$A56,集計!$D:$R,$B56,0)<>SUM(O54:O55),"NG",SUM(O54:O55)) -> #N/A | P56: =IF(VLOOKUP(P$2&$C56&$A56,集計!$D:$R,$B56,0)<>SUM(P54:P55),"NG",SUM(P54:P55)) -> #N/A | Q56: =IF(VLOOKUP(Q$2&$C56&$A56,集計!$D:$R,$B56,0)<>SUM(Q54:Q55),"NG",SUM(Q54:Q55)) -> #N/A | R56: =IF(VLOOKUP(R$2&$C56&$A56,集計!$D:$R,$B56,0)<>SUM(R54:R55),"NG",SUM(R54:R55)) -> #N/A | S56: =IF(VLOOKUP(S$2&$C56&$A56,集計!$D:$R,$B56,0)<>SUM(S54:S55),"NG",SUM(S54:S55)) -> #N/A | T56: =T54+T55 -> #N/A | U56: =IF(VLOOKUP(U$2&$C56&$A56,集計!$D:$R,$B56,0)<>SUM(U54:U55),"NG",SUM(U54:U55)) -> #N/A | V56: =IF(VLOOKUP(V$2&$C56&$A56,集計!$D:$R,$B56,0)<>SUM(V54:V55),"NG",SUM(V54:V55)) -> #N/A | W56: =IF(VLOOKUP(W$2&$C56&$A56,集計!$D:$R,$B56,0)<>SUM(W54:W55),"NG",SUM(W54:W55)) -> #N/A | X56: =SUM(X54:X55) -> #N/A | Y56: =IF(VLOOKUP(Y$2&$C56&$A56,集計!$D:$R,$B56,0)<>SUM(Y54:Y55),"NG",SUM(Y54:Y55)) -> #N/A | Z56: =IF(VLOOKUP(Z$2&$C56&$A56,集計!$D:$R,$B56,0)<>SUM(Z54:Z55),"NG",SUM(Z54:Z55)) -> #N/A | AA56: =IF(VLOOKUP(AA$2&$C56&$A56,集計!$D:$R,$B56,0)<>SUM(AA54:AA55),"NG",SUM(AA54:AA55)) -> #N/A | AB56: =SUM(AB54:AB55) -> #N/A | AC56: =SUM(AC54:AC55) -> #N/A | AD56: =IF(VLOOKUP(AD$2&$C56&$A56,集計!$D:$R,$B56,0)<>SUM(AD54:AD55),"NG",SUM(AD54:AD55)) -> #N/A | AE56: =IF(VLOOKUP(AE$2&$C56&$A56,集計!$D:$R,$B56,0)<>SUM(AE54:AE55),"NG",SUM(AE54:AE55)) -> #N/A | AF56: =IF(VLOOKUP(AF$2&$C56&$A56,集計!$D:$R,$B56,0)<>SUM(AF54:AF55),"NG",SUM(AF54:AF55)) -> #N/A | AG56: =IF(VLOOKUP(AG$2&$C56&$A56,集計!$D:$R,$B56,0)<>SUM(AG54:AG55),"NG",SUM(AG54:AG55)) -> #N/A | AH56: =SUM(AH54:AH55) -> #N/A | AI56: =IF(VLOOKUP(AI$2&$C56&$A56,集計!$D:$R,$B56,0)<>SUM(AI54:AI55),"NG",SUM(AI54:AI55)) -> #N/A | AJ56: =IF(VLOOKUP(AJ$2&$C56&$A56,集計!$D:$R,$B56,0)<>SUM(AJ54:AJ55),"NG",SUM(AJ54:AJ55)) -> #N/A | AK56: =IF(VLOOKUP(AK$2&$C56&$A56,集計!$D:$R,$B56,0)<>SUM(AK54:AK55),"NG",SUM(AK54:AK55)) -> #N/A | AL56: =SUM(AL54:AL55) -> #N/A | AM56: =IF(VLOOKUP(AM$2&$C56&$A56,集計!$D:$R,$B56,0)<>SUM(AM54:AM55),"NG",SUM(AM54:AM55)) -> #N/A | AN56: =IF(VLOOKUP(AN$2&$C56&$A56,集計!$D:$R,$B56,0)<>SUM(AN54:AN55),"NG",SUM(AN54:AN55)) -> #N/A | AO56: =SUM(AO54:AO55) -> #N/A | AP56: =IF(VLOOKUP(AP$2&$C56&$A56,集計!$D:$R,$B56,0)<>SUM(AP54:AP55),"NG",SUM(AP54:AP55)) -> #N/A | AQ56: =IF(VLOOKUP(AQ$2&$C56&$A56,集計!$D:$R,$B56,0)<>SUM(AQ54:AQ55),"NG",SUM(AQ54:AQ55)) -> #N/A | AR56: =IF(VLOOKUP(AR$2&$C56&$A56,集計!$D:$R,$B56,0)<>SUM(AR54:AR55),"NG",SUM(AR54:AR55)) -> #N/A | AS56: =SUM(AS54:AS55) -> #N/A | AT56: =SUM(AT54:AT55) -> #N/A | AU56: =IF(VLOOKUP(AU$2&$C56&$A56,集計!$D:$R,$B56,0)<>SUM(AU54:AU55),"NG",SUM(AU54:AU55)) -> #N/A | AV56: =IF(VLOOKUP(AV$2&$C56&$A56,集計!$D:$R,$B56,0)<>SUM(AV54:AV55),"NG",SUM(AV54:AV55)) -> #N/A | AW56: =IF(VLOOKUP(AW$2&$C56&$A56,集計!$D:$R,$B56,0)<>SUM(AW54:AW55),"NG",SUM(AW54:AW55)) -> #N/A | AX56: =IF(VLOOKUP(AX$2&$C56&$A56,集計!$D:$R,$B56,0)<>SUM(AX54:AX55),"NG",SUM(AX54:AX55)) -> #N/A | AY56: =IF(VLOOKUP(AY$2&$C56&$A56,集計!$D:$R,$B56,0)<>SUM(AY54:AY55),"NG",SUM(AY54:AY55)) -> #N/A | AZ56: =AZ54+AZ55 -> #N/A | BA56: =BA54+BA55 -> #N/A | BB56: =IF(VLOOKUP(BB$2&$C56&$A56,集計!$D:$R,$B56,0)<>SUM(BB54:BB55),"NG",SUM(BB54:BB55)) -> #N/A | BC56: =IF(VLOOKUP(BC$2&$C56&$A56,集計!$D:$R,$B56,0)<>SUM(BC54:BC55),"NG",SUM(BC54:BC55)) -> #N/A | BD56: =SUM(BD54:BD55) -> #N/A | BE56: =IF(VLOOKUP(BE$2&$C56&$A56,集計!$D:$R,$B56,0)<>SUM(BE54:BE55),"NG",SUM(BE54:BE55)) -> #N/A | BF56: =IF(VLOOKUP(BF$2&$C56&$A56,集計!$D:$R,$B56,0)<>SUM(BF54:BF55),"NG",SUM(BF54:BF55)) -> #N/A | BG56: =IF(VLOOKUP(BG$2&$C56&$A56,集計!$D:$R,$B56,0)<>SUM(BG54:BG55),"NG",SUM(BG54:BG55)) -> #N/A | BH56: =IF(VLOOKUP(BH$2&$C56&$A56,集計!$D:$R,$B56,0)<>SUM(BH54:BH55),"NG",SUM(BH54:BH55)) -> #N/A | BI56: =IF(VLOOKUP(BI$2&$C56&$A56,集計!$D:$R,$B56,0)<>SUM(BI54:BI55),"NG",SUM(BI54:BI55)) -> #N/A | BJ56: =BJ54+BJ55 -> #N/A | BK56: =IF(VLOOKUP(BK$2&$C56&$A56,集計!$D:$R,$B56,0)<>SUM(BK54:BK55),"NG",SUM(BK54:BK55)) -> #N/A | BL56: =IF(VLOOKUP(BL$2&$C56&$A56,集計!$D:$R,$B56,0)<>SUM(BL54:BL55),"NG",SUM(BL54:BL55)) -> #N/A | BM56: =IF(VLOOKUP(BM$2&$C56&$A56,集計!$D:$R,$B56,0)<>SUM(BM54:BM55),"NG",SUM(BM54:BM55)) -> #N/A | BN56: =IF(VLOOKUP(BN$2&$C56&$A56,集計!$D:$R,$B56,0)<>SUM(BN54:BN55),"NG",SUM(BN54:BN55)) -> #N/A | BO56: =IF(VLOOKUP(BO$2&$C56&$A56,集計!$D:$R,$B56,0)<>SUM(BO54:BO55),"NG",SUM(BO54:BO55)) -> #N/A | BP56: =IF(VLOOKUP(BP$2&$C56&$A56,集計!$D:$R,$B56,0)<>SUM(BP54:BP55),"NG",SUM(BP54:BP55)) -> #N/A | BQ56: =BQ54+BQ55 -> #N/A | BR56: =IF(VLOOKUP(BR$2&$C56&$A56,集計!$D:$R,$B56,0)<>SUM(BR54:BR55),"NG",SUM(BR54:BR55)) -> #N/A | BS56: =IF(VLOOKUP(BS$2&$C56&$A56,集計!$D:$R,$B56,0)<>SUM(BS54:BS55),"NG",SUM(BS54:BS55)) -> #N/A | BT56: =IF(VLOOKUP(BT$2&$C56&$A56,集計!$D:$R,$B56,0)<>SUM(BT54:BT55),"NG",SUM(BT54:BT55)) -> #N/A | BU56: =BU54+BU55 -> #N/A | BV56: =IF(VLOOKUP(BV$2&$C56&$A56,集計!$D:$R,$B56,0)<>SUM(BV54:BV55),"NG",SUM(BV54:BV55)) -> #N/A | BW56: =SUM(BW54:BW55) -> #N/A | BX56: =SUM(BX54:BX55) -> #N/A
A57: 人員 | B57: 11 | C57: 人員合計 | D57: =IF(VLOOKUP(D$2&$C57&$A57,集計!$D:$R,$B57,0)<>SUM(D53,D56),"NG",SUM(D53,D56)) -> #N/A | E57: =IF(VLOOKUP(E$2&$C57&$A57,集計!$D:$R,$B57,0)<>SUM(E53,E56),"NG",SUM(E53,E56)) -> #N/A | F57: =IF(VLOOKUP(F$2&$C57&$A57,集計!$D:$R,$B57,0)<>SUM(F53,F56),"NG",SUM(F53,F56)) -> #N/A | G57: =IF(VLOOKUP(G$2&$C57&$A57,集計!$D:$R,$B57,0)<>SUM(G53,G56),"NG",SUM(G53,G56)) -> #N/A | H57: =IF(VLOOKUP(H$2&$C57&$A57,集計!$D:$R,$B57,0)<>SUM(H53,H56),"NG",SUM(H53,H56)) -> #N/A | I57: =I53+I56 -> #N/A | J57: =IF(VLOOKUP(J$2&$C57&$A57,集計!$D:$R,$B57,0)<>SUM(J53,J56),"NG",SUM(J53,J56)) -> #N/A | K57: =IF(VLOOKUP(K$2&$C57&$A57,集計!$D:$R,$B57,0)<>SUM(K53,K56),"NG",SUM(K53,K56)) -> #N/A | L57: =IF(VLOOKUP(L$2&$C57&$A57,集計!$D:$R,$B57,0)<>SUM(L53,L56),"NG",SUM(L53,L56)) -> #N/A | M57: =IF(VLOOKUP(M$2&$C57&$A57,集計!$D:$R,$B57,0)<>SUM(M53,M56),"NG",SUM(M53,M56)) -> #N/A | N57: =N53+N56 -> #N/A | O57: =IF(VLOOKUP(O$2&$C57&$A57,集計!$D:$R,$B57,0)<>SUM(O53,O56),"NG",SUM(O53,O56)) -> #N/A | P57: =IF(VLOOKUP(P$2&$C57&$A57,集計!$D:$R,$B57,0)<>SUM(P53,P56),"NG",SUM(P53,P56)) -> #N/A | Q57: =IF(VLOOKUP(Q$2&$C57&$A57,集計!$D:$R,$B57,0)<>SUM(Q53,Q56),"NG",SUM(Q53,Q56)) -> #N/A | R57: =IF(VLOOKUP(R$2&$C57&$A57,集計!$D:$R,$B57,0)<>SUM(R53,R56),"NG",SUM(R53,R56)) -> #N/A | S57: =IF(VLOOKUP(S$2&$C57&$A57,集計!$D:$R,$B57,0)<>SUM(S53,S56),"NG",SUM(S53,S56)) -> #N/A | T57: =T53+T56 -> #N/A | U57: =IF(VLOOKUP(U$2&$C57&$A57,集計!$D:$R,$B57,0)<>SUM(U53,U56),"NG",SUM(U53,U56)) -> #N/A | V57: =IF(VLOOKUP(V$2&$C57&$A57,集計!$D:$R,$B57,0)<>SUM(V53,V56),"NG",SUM(V53,V56)) -> #N/A | W57: =IF(VLOOKUP(W$2&$C57&$A57,集計!$D:$R,$B57,0)<>SUM(W53,W56),"NG",SUM(W53,W56)) -> #N/A | X57: =X53+X56 -> #N/A | Y57: =IF(VLOOKUP(Y$2&$C57&$A57,集計!$D:$R,$B57,0)<>SUM(Y53,Y56),"NG",SUM(Y53,Y56)) -> #N/A | Z57: =IF(VLOOKUP(Z$2&$C57&$A57,集計!$D:$R,$B57,0)<>SUM(Z53,Z56),"NG",SUM(Z53,Z56)) -> #N/A | AA57: =IF(VLOOKUP(AA$2&$C57&$A57,集計!$D:$R,$B57,0)<>SUM(AA53,AA56),"NG",SUM(AA53,AA56)) -> #N/A | AB57: =AB53+AB56 -> #N/A | AC57: =AC53+AC56 -> #N/A | AD57: =IF(VLOOKUP(AD$2&$C57&$A57,集計!$D:$R,$B57,0)<>SUM(AD53,AD56),"NG",SUM(AD53,AD56)) -> #N/A | AE57: =IF(VLOOKUP(AE$2&$C57&$A57,集計!$D:$R,$B57,0)<>SUM(AE53,AE56),"NG",SUM(AE53,AE56)) -> #N/A | AF57: =IF(VLOOKUP(AF$2&$C57&$A57,集計!$D:$R,$B57,0)<>SUM(AF53,AF56),"NG",SUM(AF53,AF56)) -> #N/A | AG57: =IF(VLOOKUP(AG$2&$C57&$A57,集計!$D:$R,$B57,0)<>SUM(AG53,AG56),"NG",SUM(AG53,AG56)) -> #N/A | AH57: =AH53+AH56 -> #N/A | AI57: =IF(VLOOKUP(AI$2&$C57&$A57,集計!$D:$R,$B57,0)<>SUM(AI53,AI56),"NG",SUM(AI53,AI56)) -> #N/A | AJ57: =IF(VLOOKUP(AJ$2&$C57&$A57,集計!$D:$R,$B57,0)<>SUM(AJ53,AJ56),"NG",SUM(AJ53,AJ56)) -> #N/A | AK57: =IF(VLOOKUP(AK$2&$C57&$A57,集計!$D:$R,$B57,0)<>SUM(AK53,AK56),"NG",SUM(AK53,AK56)) -> #N/A | AL57: =AL53+AL56 -> #N/A | AM57: =IF(VLOOKUP(AM$2&$C57&$A57,集計!$D:$R,$B57,0)<>SUM(AM53,AM56),"NG",SUM(AM53,AM56)) -> #N/A | AN57: =IF(VLOOKUP(AN$2&$C57&$A57,集計!$D:$R,$B57,0)<>SUM(AN53,AN56),"NG",SUM(AN53,AN56)) -> #N/A | AO57: =AO53+AO56 -> #N/A | AP57: =IF(VLOOKUP(AP$2&$C57&$A57,集計!$D:$R,$B57,0)<>SUM(AP53,AP56),"NG",SUM(AP53,AP56)) -> #N/A | AQ57: =IF(VLOOKUP(AQ$2&$C57&$A57,集計!$D:$R,$B57,0)<>SUM(AQ53,AQ56),"NG",SUM(AQ53,AQ56)) -> #N/A | AR57: =IF(VLOOKUP(AR$2&$C57&$A57,集計!$D:$R,$B57,0)<>SUM(AR53,AR56),"NG",SUM(AR53,AR56)) -> #N/A | AS57: =AS53+AS56 -> #N/A | AT57: =AT53+AT56 -> #N/A | AU57: =IF(VLOOKUP(AU$2&$C57&$A57,集計!$D:$R,$B57,0)<>SUM(AU53,AU56),"NG",SUM(AU53,AU56)) -> #N/A | AV57: =IF(VLOOKUP(AV$2&$C57&$A57,集計!$D:$R,$B57,0)<>SUM(AV53,AV56),"NG",SUM(AV53,AV56)) -> #N/A | AW57: =IF(VLOOKUP(AW$2&$C57&$A57,集計!$D:$R,$B57,0)<>SUM(AW53,AW56),"NG",SUM(AW53,AW56)) -> #N/A | AX57: =IF(VLOOKUP(AX$2&$C57&$A57,集計!$D:$R,$B57,0)<>SUM(AX53,AX56),"NG",SUM(AX53,AX56)) -> #N/A | AY57: =IF(VLOOKUP(AY$2&$C57&$A57,集計!$D:$R,$B57,0)<>SUM(AY53,AY56),"NG",SUM(AY53,AY56)) -> #N/A | AZ57: =AZ53+AZ56 -> #N/A | BA57: =BA53+BA56 -> #N/A | BB57: =IF(VLOOKUP(BB$2&$C57&$A57,集計!$D:$R,$B57,0)<>SUM(BB53,BB56),"NG",SUM(BB53,BB56)) -> #N/A | BC57: =IF(VLOOKUP(BC$2&$C57&$A57,集計!$D:$R,$B57,0)<>SUM(BC53,BC56),"NG",SUM(BC53,BC56)) -> #N/A | BD57: =BD53+BD56 -> #N/A | BE57: =IF(VLOOKUP(BE$2&$C57&$A57,集計!$D:$R,$B57,0)<>SUM(BE53,BE56),"NG",SUM(BE53,BE56)) -> #N/A | BF57: =IF(VLOOKUP(BF$2&$C57&$A57,集計!$D:$R,$B57,0)<>SUM(BF53,BF56),"NG",SUM(BF53,BF56)) -> #N/A | BG57: =IF(VLOOKUP(BG$2&$C57&$A57,集計!$D:$R,$B57,0)<>SUM(BG53,BG56),"NG",SUM(BG53,BG56)) -> #N/A | BH57: =IF(VLOOKUP(BH$2&$C57&$A57,集計!$D:$R,$B57,0)<>SUM(BH53,BH56),"NG",SUM(BH53,BH56)) -> #N/A | BI57: =IF(VLOOKUP(BI$2&$C57&$A57,集計!$D:$R,$B57,0)<>SUM(BI53,BI56),"NG",SUM(BI53,BI56)) -> #N/A | BJ57: =BJ53+BJ56 -> #N/A | BK57: =IF(VLOOKUP(BK$2&$C57&$A57,集計!$D:$R,$B57,0)<>SUM(BK53,BK56),"NG",SUM(BK53,BK56)) -> #N/A | BL57: =IF(VLOOKUP(BL$2&$C57&$A57,集計!$D:$R,$B57,0)<>SUM(BL53,BL56),"NG",SUM(BL53,BL56)) -> #N/A | BM57: =IF(VLOOKUP(BM$2&$C57&$A57,集計!$D:$R,$B57,0)<>SUM(BM53,BM56),"NG",SUM(BM53,BM56)) -> #N/A | BN57: =IF(VLOOKUP(BN$2&$C57&$A57,集計!$D:$R,$B57,0)<>SUM(BN53,BN56),"NG",SUM(BN53,BN56)) -> #N/A | BO57: =IF(VLOOKUP(BO$2&$C57&$A57,集計!$D:$R,$B57,0)<>SUM(BO53,BO56),"NG",SUM(BO53,BO56)) -> #N/A | BP57: =IF(VLOOKUP(BP$2&$C57&$A57,集計!$D:$R,$B57,0)<>SUM(BP53,BP56),"NG",SUM(BP53,BP56)) -> #N/A | BQ57: =BQ53+BQ56 -> #N/A | BR57: =IF(VLOOKUP(BR$2&$C57&$A57,集計!$D:$R,$B57,0)<>SUM(BR53,BR56),"NG",SUM(BR53,BR56)) -> #N/A | BS57: =IF(VLOOKUP(BS$2&$C57&$A57,集計!$D:$R,$B57,0)<>SUM(BS53,BS56),"NG",SUM(BS53,BS56)) -> #N/A | BT57: =IF(VLOOKUP(BT$2&$C57&$A57,集計!$D:$R,$B57,0)<>SUM(BT53,BT56),"NG",SUM(BT53,BT56)) -> #N/A | BU57: =BU53+BU56 -> #N/A | BV57: =IF(VLOOKUP(BV$2&$C57&$A57,集計!$D:$R,$B57,0)<>SUM(BV53,BV56),"NG",SUM(BV53,BV56)) -> #N/A | BW57: =BW53+BW56 -> #N/A | BX57: =BX53+BX56 -> #N/A
B59: 12 | C59: 人員
A60: 人員 | B60: 12 | C60: 出向社員 | D60: =VLOOKUP(D$2&$C60&$A60,集計!$D:$R,$B60,0) -> #N/A | E60: =VLOOKUP(E$2&$C60&$A60,集計!$D:$R,$B60,0) -> #N/A | F60: =VLOOKUP(F$2&$C60&$A60,集計!$D:$R,$B60,0) -> #N/A | G60: =VLOOKUP(G$2&$C60&$A60,集計!$D:$R,$B60,0) -> #N/A | H60: =VLOOKUP(H$2&$C60&$A60,集計!$D:$R,$B60,0) -> #N/A | I60: =D60+E60+F60+G60+H60 -> #N/A | J60: =VLOOKUP(J$2&$C60&$A60,集計!$D:$R,$B60,0) -> #N/A | K60: =VLOOKUP(K$2&$C60&$A60,集計!$D:$R,$B60,0) -> #N/A | L60: =VLOOKUP(L$2&$C60&$A60,集計!$D:$R,$B60,0) -> #N/A | M60: =VLOOKUP(M$2&$C60&$A60,集計!$D:$R,$B60,0) -> #N/A | N60: =J60+K60+L60+M60 -> #N/A | O60: =VLOOKUP(O$2&$C60&$A60,集計!$D:$R,$B60,0) -> #N/A | P60: =VLOOKUP(P$2&$C60&$A60,集計!$D:$R,$B60,0) -> #N/A | Q60: =VLOOKUP(Q$2&$C60&$A60,集計!$D:$R,$B60,0) -> #N/A | R60: =VLOOKUP(R$2&$C60&$A60,集計!$D:$R,$B60,0) -> #N/A | S60: =VLOOKUP(S$2&$C60&$A60,集計!$D:$R,$B60,0) -> #N/A | T60: =O60+P60+Q60+R60+S60 -> #N/A | U60: =VLOOKUP(U$2&$C60&$A60,集計!$D:$R,$B60,0) -> #N/A | V60: =VLOOKUP(V$2&$C60&$A60,集計!$D:$R,$B60,0) -> #N/A | W60: =VLOOKUP(W$2&$C60&$A60,集計!$D:$R,$B60,0) -> #N/A | X60: =U60+V60+W60 -> #N/A | Y60: =VLOOKUP(Y$2&$C60&$A60,集計!$D:$R,$B60,0) -> #N/A | Z60: =VLOOKUP(Z$2&$C60&$A60,集計!$D:$R,$B60,0) -> #N/A | AA60: =VLOOKUP(AA$2&$C60&$A60,集計!$D:$R,$B60,0) -> #N/A | AB60: =Y60+Z60+AA60 -> #N/A | AC60: =I60+N60+T60+X60+AB60 -> #N/A | AD60: =VLOOKUP(AD$2&$C60&$A60,集計!$D:$R,$B60,0) -> #N/A | AE60: =VLOOKUP(AE$2&$C60&$A60,集計!$D:$R,$B60,0) -> #N/A | AF60: =VLOOKUP(AF$2&$C60&$A60,集計!$D:$R,$B60,0) -> #N/A | AG60: =VLOOKUP(AG$2&$C60&$A60,集計!$D:$R,$B60,0) -> #N/A | AH60: =AD60+AE60+AF60+AG60 -> #N/A | AI60: =VLOOKUP(AI$2&$C60&$A60,集計!$D:$R,$B60,0) -> #N/A | AJ60: =VLOOKUP(AJ$2&$C60&$A60,集計!$D:$R,$B60,0) -> #N/A | AK60: =VLOOKUP(AK$2&$C60&$A60,集計!$D:$R,$B60,0) -> #N/A | AL60: =AI60+AJ60+AK60 -> #N/A | AM60: =VLOOKUP(AM$2&$C60&$A60,集計!$D:$R,$B60,0) -> #N/A | AN60: =VLOOKUP(AN$2&$C60&$A60,集計!$D:$R,$B60,0) -> #N/A | AO60: =AM60+AN60 -> #N/A | AP60: =VLOOKUP(AP$2&$C60&$A60,集計!$D:$R,$B60,0) -> #N/A | AQ60: =VLOOKUP(AQ$2&$C60&$A60,集計!$D:$R,$B60,0) -> #N/A | AR60: =VLOOKUP(AR$2&$C60&$A60,集計!$D:$R,$B60,0) -> #N/A | AS60: =AP60+AQ60+AR60 -> #N/A | AT60: =AH60+AL60+AO60+AS60 -> #N/A | AU60: =VLOOKUP(AU$2&$C60&$A60,集計!$D:$R,$B60,0) -> #N/A | AV60: =VLOOKUP(AV$2&$C60&$A60,集計!$D:$R,$B60,0) -> #N/A | AW60: =VLOOKUP(AW$2&$C60&$A60,集計!$D:$R,$B60,0) -> #N/A | AX60: =VLOOKUP(AX$2&$C60&$A60,集計!$D:$R,$B60,0) -> #N/A | AY60: =VLOOKUP(AY$2&$C60&$A60,集計!$D:$R,$B60,0) -> #N/A | AZ60: =AU60+AV60+AW60+AX60+AY60 -> #N/A | BA60: =AZ60 -> #N/A | BB60: =VLOOKUP(BB$2&$C60&$A60,集計!$D:$R,$B60,0) -> #N/A | BC60: =VLOOKUP(BC$2&$C60&$A60,集計!$D:$R,$B60,0) -> #N/A | BD60: =BB60+BC60 -> #N/A | BE60: =VLOOKUP(BE$2&$C60&$A60,集計!$D:$R,$B60,0) -> #N/A | BF60: =VLOOKUP(BF$2&$C60&$A60,集計!$D:$R,$B60,0) -> #N/A | BG60: =VLOOKUP(BG$2&$C60&$A60,集計!$D:$R,$B60,0) -> #N/A | BH60: =VLOOKUP(BH$2&$C60&$A60,集計!$D:$R,$B60,0) -> #N/A | BI60: =VLOOKUP(BI$2&$C60&$A60,集計!$D:$R,$B60,0) -> #N/A | BJ60: =BE60+BF60+BG60+BH60+BI60 -> #N/A | BK60: =VLOOKUP(BK$2&$C60&$A60,集計!$D:$R,$B60,0) -> #N/A | BL60: =VLOOKUP(BL$2&$C60&$A60,集計!$D:$R,$B60,0) -> #N/A | BM60: =VLOOKUP(BM$2&$C60&$A60,集計!$D:$R,$B60,0) -> #N/A | BN60: =VLOOKUP(BN$2&$C60&$A60,集計!$D:$R,$B60,0) -> #N/A | BO60: =VLOOKUP(BO$2&$C60&$A60,集計!$D:$R,$B60,0) -> #N/A | BP60: =VLOOKUP(BP$2&$C60&$A60,集計!$D:$R,$B60,0) -> #N/A | BQ60: =BK60+BL60+BM60+BN60+BO60+BP60 -> #N/A | BR60: =VLOOKUP(BR$2&$C60&$A60,集計!$D:$R,$B60,0) -> #N/A | BS60: =VLOOKUP(BS$2&$C60&$A60,集計!$D:$R,$B60,0) -> #N/A | BT60: =VLOOKUP(BT$2&$C60&$A60,集計!$D:$R,$B60,0) -> #N/A | BU60: =BR60+BS60+BT60 -> #N/A | BV60: =VLOOKUP(BV$2&$C60&$A60,集計!$D:$R,$B60,0) -> #N/A | BW60: =BV60 -> #N/A | BX60: =AC60+AT60+BA60+BD60+BJ60+BQ60+BU60+BW60 -> #N/A
